customer_id,product_name,order_date,quantity
CUST-R0001,Cloud Cream Firming Moisturizer,2025-07-06,1
CUST-R0001,Peptide Lift Serum,2025-07-06,2
CUST-R0001,Radiance Gel Cleanser,2025-07-31,1
CUST-R0001,Cloud Cream Firming Moisturizer,2025-07-31,1
CUST-R0001,Dew Drop Essence Toner,2025-07-31,1
CUST-R0001,Cloud Cream Firming Moisturizer,2025-09-13,2
CUST-R0001,Midnight Retinol Renewal Serum,2025-09-13,1
CUST-R0001,Radiance Gel Cleanser,2025-12-11,1
CUST-R0001,Clear Complexion Niacinamide Serum,2025-12-11,1
CUST-R0001,Calm Down Redness Relief Mist,2025-12-11,1
CUST-R0001,Radiance Gel Cleanser,2026-02-04,1
CUST-R0001,Clear Complexion Niacinamide Serum,2026-02-04,1
CUST-R0001,Clear Complexion Niacinamide Serum,2026-03-13,1
CUST-R0001,Cloud Cream Firming Moisturizer,2026-03-13,1
CUST-R0001,Clear Complexion Niacinamide Serum,2026-05-21,1
CUST-R0002,Midnight Retinol Renewal Serum,2025-07-25,1
CUST-R0002,Featherlight UV Shield SPF 50,2025-07-25,1
CUST-R0002,Cloud Cream Firming Moisturizer,2025-09-12,1
CUST-R0002,Featherlight UV Shield SPF 50,2025-09-12,1
CUST-R0002,Midnight Retinol Renewal Serum,2026-02-19,1
CUST-R0002,Featherlight UV Shield SPF 50,2026-02-19,1
CUST-R0002,Cloud Cream Firming Moisturizer,2026-02-25,1
CUST-R0002,Featherlight UV Shield SPF 50,2026-02-25,1
CUST-R0003,Radiance Gel Cleanser,2026-05-01,1
CUST-R0003,Mattify & Hydrate Gel Cream,2026-05-01,1
CUST-R0004,Clear Complexion Niacinamide Serum,2025-09-15,1
CUST-R0004,Hydra-Cleanse Micellar Water,2025-10-02,1
CUST-R0004,Clear Complexion Niacinamide Serum,2025-10-02,1
CUST-R0004,Mattify & Hydrate Gel Cream,2025-10-02,1
CUST-R0004,Hydra-Cleanse Micellar Water,2026-04-24,1
CUST-R0004,Clear Complexion Niacinamide Serum,2026-04-24,1
CUST-R0004,Mattify & Hydrate Gel Cream,2026-04-24,1
CUST-R0005,Velvet Foam Cleanser,2025-06-18,1
CUST-R0005,Plump & Glow Hyaluronic Serum,2025-06-18,1
CUST-R0005,Mattify & Hydrate Gel Cream,2025-06-18,1
CUST-R0005,Velvet Foam Cleanser,2025-08-15,1
CUST-R0005,Velvet Foam Cleanser,2025-10-10,1
CUST-R0005,Plump & Glow Hyaluronic Serum,2025-10-10,1
CUST-R0005,Mattify & Hydrate Gel Cream,2025-10-10,1
CUST-R0005,Velvet Foam Cleanser,2025-11-19,1
CUST-R0005,Mattify & Hydrate Gel Cream,2025-11-19,1
CUST-R0005,Skin Silk Squalane Oil,2025-11-19,1
CUST-R0005,Velvet Foam Cleanser,2026-01-06,2
CUST-R0005,Plump & Glow Hyaluronic Serum,2026-01-06,1
CUST-R0005,Mattify & Hydrate Gel Cream,2026-01-06,1
CUST-R0005,Dew Drop Essence Toner,2026-01-06,1
CUST-R0005,Velvet Foam Cleanser,2026-02-20,1
CUST-R0005,Plump & Glow Hyaluronic Serum,2026-02-20,1
CUST-R0005,Calm Down Redness Relief Mist,2026-02-20,1
CUST-R0005,Velvet Foam Cleanser,2026-03-08,1
CUST-R0005,Plump & Glow Hyaluronic Serum,2026-03-08,1
CUST-R0005,Plump & Glow Hyaluronic Serum,2026-04-25,1
CUST-R0005,Mattify & Hydrate Gel Cream,2026-04-25,1
CUST-R0005,Midnight Retinol Renewal Serum,2026-04-25,1
CUST-R0006,Radiance Gel Cleanser,2025-06-28,1
CUST-R0006,Plump & Glow Hyaluronic Serum,2025-06-28,2
CUST-R0006,Featherlight Balancing Conditioner,2025-06-28,1
CUST-R0006,Radiance Gel Cleanser,2025-07-19,1
CUST-R0006,Plump & Glow Hyaluronic Serum,2025-07-19,1
CUST-R0006,Radiance Gel Cleanser,2025-10-11,1
CUST-R0006,Plump & Glow Hyaluronic Serum,2025-10-11,1
CUST-R0006,Featherlight Balancing Conditioner,2025-10-11,1
CUST-R0006,Radiance Gel Cleanser,2025-11-10,1
CUST-R0006,Plump & Glow Hyaluronic Serum,2025-11-10,1
CUST-R0006,Scalp Reset Clarifying Shampoo,2025-11-10,1
CUST-R0006,Radiance Gel Cleanser,2026-02-08,1
CUST-R0006,Scalp Reset Clarifying Shampoo,2026-02-08,1
CUST-R0006,Featherlight Balancing Conditioner,2026-02-08,1
CUST-R0006,Radiance Gel Cleanser,2026-03-16,1
CUST-R0006,Scalp Reset Clarifying Shampoo,2026-03-16,1
CUST-R0006,Radiance Gel Cleanser,2026-05-18,1
CUST-R0006,Plump & Glow Hyaluronic Serum,2026-05-18,1
CUST-R0006,Featherlight Balancing Conditioner,2026-05-18,1
CUST-R0007,Color Protect Gentle Shampoo,2025-07-16,2
CUST-R0007,Featherlight Balancing Conditioner,2025-07-16,1
CUST-R0007,Featherlight Balancing Conditioner,2025-09-29,1
CUST-R0007,Deep Repair Masque,2025-09-29,1
CUST-R0007,Color Protect Gentle Shampoo,2025-10-28,1
CUST-R0007,Featherlight Balancing Conditioner,2025-10-28,1
CUST-R0007,Sleek & Define Styling Cream,2025-10-28,1
CUST-R0007,Featherlight Balancing Conditioner,2026-02-04,1
CUST-R0007,Color Protect Gentle Shampoo,2026-04-03,1
CUST-R0007,Featherlight Balancing Conditioner,2026-04-03,1
CUST-R0008,Hydra-Silk Moisture Shampoo,2025-07-21,1
CUST-R0008,Deep Dive Hydrating Conditioner,2025-07-21,1
CUST-R0008,Hydra-Silk Moisture Shampoo,2025-08-30,1
CUST-R0008,Deep Dive Hydrating Conditioner,2025-08-30,2
CUST-R0008,Nourish & Shine Hair Oil,2025-08-30,1
CUST-R0008,Hydra-Silk Moisture Shampoo,2025-10-30,1
CUST-R0008,Hydra-Silk Moisture Shampoo,2026-02-10,1
CUST-R0008,Hydra-Silk Moisture Shampoo,2026-03-28,2
CUST-R0009,Peptide Lift Serum,2025-07-20,1
CUST-R0009,Featherlight UV Shield SPF 50,2025-07-20,1
CUST-R0009,Peptide Lift Serum,2025-11-10,1
CUST-R0009,Cloud Cream Firming Moisturizer,2025-11-10,1
CUST-R0009,Peptide Lift Serum,2025-12-19,1
CUST-R0009,Cloud Cream Firming Moisturizer,2025-12-19,1
CUST-R0009,Featherlight UV Shield SPF 50,2025-12-19,1
CUST-R0009,Peptide Lift Serum,2026-05-14,1
CUST-R0009,Featherlight UV Shield SPF 50,2026-05-14,1
CUST-R0010,Color Protect Gentle Shampoo,2025-05-27,2
CUST-R0010,Color Protect Gentle Shampoo,2025-09-14,1
CUST-R0010,Color Protect Gentle Shampoo,2025-10-22,2
CUST-R0010,Deep Dive Hydrating Conditioner,2025-10-22,1
CUST-R0010,Color Protect Gentle Shampoo,2026-02-22,1
CUST-R0010,Color Protect Gentle Shampoo,2026-04-15,1
CUST-R0010,Deep Dive Hydrating Conditioner,2026-04-15,1
CUST-R0010,Growth Activator Scalp Treatment,2026-04-15,1
CUST-R0011,Velvet Foam Cleanser,2025-07-01,1
CUST-R0011,Plump & Glow Hyaluronic Serum,2025-07-01,1
CUST-R0011,Barrier Boost Moisturizer,2025-07-01,1
CUST-R0011,Velvet Foam Cleanser,2025-08-13,1
CUST-R0011,Plump & Glow Hyaluronic Serum,2025-08-13,2
CUST-R0011,Barrier Boost Moisturizer,2025-08-13,1
CUST-R0011,Velvet Foam Cleanser,2025-12-08,1
CUST-R0011,Plump & Glow Hyaluronic Serum,2025-12-08,1
CUST-R0011,Petal Soft Calming Toner,2025-12-08,1
CUST-R0011,Plump & Glow Hyaluronic Serum,2026-02-26,1
CUST-R0011,Featherlight UV Shield SPF 50,2026-02-26,1
CUST-R0011,Plump & Glow Hyaluronic Serum,2026-03-15,1
CUST-R0011,Blemish Banisher Spot Treatment,2026-03-15,1
CUST-R0012,Hydra-Cleanse Micellar Water,2025-05-31,2
CUST-R0012,Hydra-Cleanse Micellar Water,2025-09-25,1
CUST-R0012,Barrier Boost Moisturizer,2025-09-25,1
CUST-R0012,Clear Complexion Niacinamide Serum,2025-09-25,2
CUST-R0012,Hydra-Cleanse Micellar Water,2026-02-14,1
CUST-R0012,Clear Complexion Niacinamide Serum,2026-02-14,1
CUST-R0012,Barrier Boost Moisturizer,2026-02-14,1
CUST-R0012,Plump & Glow Hyaluronic Serum,2026-02-14,1
CUST-R0012,Hydra-Cleanse Micellar Water,2026-03-06,1
CUST-R0013,Midnight Retinol Renewal Serum,2025-05-28,2
CUST-R0013,Featherlight UV Shield SPF 50,2025-05-28,1
CUST-R0013,Radiance Gel Cleanser,2025-09-06,1
CUST-R0013,Velvet Rich Night Cream,2025-09-06,1
CUST-R0013,Tinted Mineral Defense SPF 30,2025-09-06,1
CUST-R0013,Radiance Gel Cleanser,2025-10-16,1
CUST-R0013,Radiance Gel Cleanser,2025-11-10,1
CUST-R0013,Midnight Retinol Renewal Serum,2025-11-10,2
CUST-R0013,Skin Silk Squalane Oil,2025-11-10,1
CUST-R0013,Radiance Gel Cleanser,2026-01-11,1
CUST-R0013,Midnight Retinol Renewal Serum,2026-01-11,1
CUST-R0013,Radiance Gel Cleanser,2026-03-20,2
CUST-R0013,Midnight Retinol Renewal Serum,2026-03-20,1
CUST-R0013,Blemish Banisher Spot Treatment,2026-03-20,1
CUST-R0013,Pore Refining BHA Pads,2026-05-07,1
CUST-R0014,Plump & Glow Hyaluronic Serum,2025-07-25,1
CUST-R0014,Blemish Banisher Spot Treatment,2025-07-25,1
CUST-R0014,Hydra-Cleanse Micellar Water,2025-08-23,1
CUST-R0014,Plump & Glow Hyaluronic Serum,2025-08-23,1
CUST-R0014,Barrier Boost Moisturizer,2025-08-23,1
CUST-R0014,Hydra-Cleanse Micellar Water,2025-10-19,1
CUST-R0014,Barrier Boost Moisturizer,2025-10-19,1
CUST-R0014,Hydra-Cleanse Micellar Water,2025-12-27,1
CUST-R0014,Barrier Boost Moisturizer,2025-12-27,1
CUST-R0014,Featherlight UV Shield SPF 50,2025-12-27,1
CUST-R0014,Hydra-Cleanse Micellar Water,2026-02-14,1
CUST-R0014,Barrier Boost Moisturizer,2026-02-14,1
CUST-R0014,Clear Complexion Niacinamide Serum,2026-02-14,1
CUST-R0014,Hydra-Cleanse Micellar Water,2026-05-07,1
CUST-R0014,Barrier Boost Moisturizer,2026-05-07,1
CUST-R0014,Tinted Mineral Defense SPF 30,2026-05-07,2
CUST-R0015,Scalp Reset Clarifying Shampoo,2025-06-28,1
CUST-R0015,Featherlight Balancing Conditioner,2025-06-28,1
CUST-R0015,Scalp Reset Clarifying Shampoo,2025-10-15,1
CUST-R0015,Featherlight Balancing Conditioner,2025-10-15,1
CUST-R0015,Scalp Reset Clarifying Shampoo,2025-11-15,1
CUST-R0015,Featherlight Balancing Conditioner,2025-11-15,1
CUST-R0015,Featherlight Balancing Conditioner,2026-03-13,1
CUST-R0015,Scalp Reset Clarifying Shampoo,2026-04-09,1
CUST-R0015,Featherlight Balancing Conditioner,2026-04-09,1
CUST-R0015,Scalp Balance Serum,2026-04-09,1
CUST-R0016,Velvet Foam Cleanser,2025-06-26,1
CUST-R0016,Plump & Glow Hyaluronic Serum,2025-06-26,1
CUST-R0016,Barrier Boost Moisturizer,2025-06-26,2
CUST-R0016,Petal Soft Calming Toner,2025-06-26,2
CUST-R0016,Barrier Boost Moisturizer,2025-07-29,1
CUST-R0016,Calm Down Redness Relief Mist,2025-07-29,1
CUST-R0016,Velvet Foam Cleanser,2025-09-27,1
CUST-R0016,Youth Revive Rosehip Oil,2025-09-27,1
CUST-R0016,Velvet Foam Cleanser,2025-11-16,1
CUST-R0016,Velvet Foam Cleanser,2025-12-16,1
CUST-R0016,Plump & Glow Hyaluronic Serum,2025-12-16,2
CUST-R0016,Barrier Boost Moisturizer,2025-12-16,1
CUST-R0016,Clear Complexion Niacinamide Serum,2025-12-16,1
CUST-R0016,Velvet Foam Cleanser,2026-02-02,2
CUST-R0016,Plump & Glow Hyaluronic Serum,2026-02-02,1
CUST-R0016,Barrier Boost Moisturizer,2026-02-02,1
CUST-R0016,Barrier Boost Moisturizer,2026-03-01,1
CUST-R0016,Plump & Glow Hyaluronic Serum,2026-05-21,1
CUST-R0016,Barrier Boost Moisturizer,2026-05-21,1
CUST-R0016,Glow Activator Vitamin C Serum,2026-05-21,1
CUST-R0017,Barrier Boost Moisturizer,2025-06-18,1
CUST-R0017,Petal Soft Calming Toner,2025-06-18,1
CUST-R0017,Velvet Foam Cleanser,2025-10-15,1
CUST-R0017,Clear Complexion Niacinamide Serum,2025-10-15,2
CUST-R0017,Barrier Boost Moisturizer,2025-10-15,1
CUST-R0017,Velvet Foam Cleanser,2025-11-22,1
CUST-R0017,Clear Complexion Niacinamide Serum,2025-11-22,1
CUST-R0017,Barrier Boost Moisturizer,2025-11-22,1
CUST-R0017,Velvet Foam Cleanser,2026-01-06,1
CUST-R0017,Barrier Boost Moisturizer,2026-01-06,1
CUST-R0017,Velvet Foam Cleanser,2026-05-21,1
CUST-R0017,Clear Complexion Niacinamide Serum,2026-05-21,1
CUST-R0017,Barrier Boost Moisturizer,2026-05-21,1
CUST-R0018,Velvet Foam Cleanser,2025-08-17,1
CUST-R0018,Peptide Lift Serum,2025-08-17,1
CUST-R0018,Mattify & Hydrate Gel Cream,2025-08-17,1
CUST-R0018,Velvet Foam Cleanser,2025-12-11,2
CUST-R0018,Peptide Lift Serum,2025-12-11,1
CUST-R0018,Velvet Foam Cleanser,2026-04-30,1
CUST-R0018,Peptide Lift Serum,2026-04-30,1
CUST-R0018,Mattify & Hydrate Gel Cream,2026-04-30,1
CUST-R0019,Peptide Lift Serum,2025-06-05,1
CUST-R0019,Cloud Cream Firming Moisturizer,2025-06-05,1
CUST-R0019,Cloud Cream Firming Moisturizer,2026-01-07,1
CUST-R0019,Tinted Mineral Defense SPF 30,2026-01-07,1
CUST-R0019,Cloud Cream Firming Moisturizer,2026-05-09,1
CUST-R0019,Tinted Mineral Defense SPF 30,2026-05-09,1
CUST-R0020,Velvet Foam Cleanser,2025-06-07,1
CUST-R0020,Plump & Glow Hyaluronic Serum,2025-06-07,1
CUST-R0020,Calm Down Redness Relief Mist,2025-06-07,1
CUST-R0020,Velvet Foam Cleanser,2025-10-05,1
CUST-R0020,Plump & Glow Hyaluronic Serum,2025-10-05,2
CUST-R0020,Velvet Foam Cleanser,2026-01-15,1
CUST-R0020,Mattify & Hydrate Gel Cream,2026-01-15,1
CUST-R0020,Dew Drop Essence Toner,2026-01-15,1
CUST-R0020,Velvet Foam Cleanser,2026-03-05,1
CUST-R0020,Mattify & Hydrate Gel Cream,2026-03-05,2
CUST-R0021,Barrier Boost Moisturizer,2025-07-30,1
CUST-R0021,Hydra-Cleanse Micellar Water,2026-03-05,1
CUST-R0021,Clear Complexion Niacinamide Serum,2026-03-05,1
CUST-R0021,Barrier Boost Moisturizer,2026-03-05,1
CUST-R0022,Scalp Reset Clarifying Shampoo,2025-08-05,1
CUST-R0022,Growth Activator Scalp Treatment,2025-08-05,1
CUST-R0022,Scalp Reset Clarifying Shampoo,2026-02-28,1
CUST-R0023,Velvet Foam Cleanser,2025-06-16,1
CUST-R0023,Midnight Retinol Renewal Serum,2025-06-16,1
CUST-R0023,Color Protect Gentle Shampoo,2025-06-16,1
CUST-R0023,Velvet Foam Cleanser,2025-07-22,1
CUST-R0023,Midnight Retinol Renewal Serum,2025-07-22,2
CUST-R0023,Color Protect Gentle Shampoo,2025-07-22,1
CUST-R0023,Velvet Foam Cleanser,2025-10-16,2
CUST-R0023,Color Protect Gentle Shampoo,2025-11-19,1
CUST-R0023,Strength Shield Protein Conditioner,2025-11-19,1
CUST-R0023,Midnight Retinol Renewal Serum,2026-02-02,1
CUST-R0023,Color Protect Gentle Shampoo,2026-02-02,2
CUST-R0023,Velvet Foam Cleanser,2026-03-09,1
CUST-R0023,Midnight Retinol Renewal Serum,2026-03-09,1
CUST-R0023,Color Protect Gentle Shampoo,2026-03-09,1
CUST-R0023,Velvet Foam Cleanser,2026-05-07,2
CUST-R0023,Midnight Retinol Renewal Serum,2026-05-07,1
CUST-R0023,Strength Shield Protein Conditioner,2026-05-07,1
CUST-R0024,Bounce Back Volumizing Shampoo,2025-06-26,1
CUST-R0024,Frizz Control Leave-In Serum,2025-06-26,2
CUST-R0024,Bounce Back Volumizing Shampoo,2025-08-28,1
CUST-R0024,Featherlight Balancing Conditioner,2025-08-28,1
CUST-R0024,Deep Repair Masque,2025-08-28,1
CUST-R0024,Featherlight Balancing Conditioner,2026-01-31,2
CUST-R0024,Featherlight Balancing Conditioner,2026-03-05,1
CUST-R0025,Hydra-Cleanse Micellar Water,2025-07-25,1
CUST-R0025,Peptide Lift Serum,2025-07-25,1
CUST-R0025,Strength Shield Protein Conditioner,2025-07-25,1
CUST-R0025,Hydra-Cleanse Micellar Water,2025-08-05,1
CUST-R0025,Peptide Lift Serum,2025-08-05,1
CUST-R0025,Strength Shield Protein Conditioner,2025-08-05,1
CUST-R0025,Hydra-Cleanse Micellar Water,2025-11-24,1
CUST-R0025,Scalp Reset Clarifying Shampoo,2025-11-24,1
CUST-R0025,Hydra-Cleanse Micellar Water,2025-12-16,1
CUST-R0025,Peptide Lift Serum,2025-12-16,1
CUST-R0025,Hydra-Cleanse Micellar Water,2026-03-03,1
CUST-R0025,Scalp Reset Clarifying Shampoo,2026-03-03,1
CUST-R0025,Strength Shield Protein Conditioner,2026-03-03,1
CUST-R0025,Hydra-Cleanse Micellar Water,2026-04-29,1
CUST-R0025,Strength Shield Protein Conditioner,2026-04-29,1
CUST-R0026,Mattify & Hydrate Gel Cream,2025-06-01,1
CUST-R0026,Radiance Gel Cleanser,2025-08-08,1
CUST-R0026,Midnight Retinol Renewal Serum,2025-08-08,1
CUST-R0026,Mattify & Hydrate Gel Cream,2025-08-08,1
CUST-R0026,Pore Refining BHA Pads,2025-08-08,1
CUST-R0026,Radiance Gel Cleanser,2025-10-28,1
CUST-R0026,Midnight Retinol Renewal Serum,2025-10-28,1
CUST-R0026,Mattify & Hydrate Gel Cream,2025-10-28,1
CUST-R0026,Tinted Mineral Defense SPF 30,2025-10-28,1
CUST-R0026,Midnight Retinol Renewal Serum,2025-11-02,1
CUST-R0026,Blemish Banisher Spot Treatment,2025-11-02,1
CUST-R0026,Radiance Gel Cleanser,2025-12-31,1
CUST-R0026,Midnight Retinol Renewal Serum,2025-12-31,1
CUST-R0026,Mattify & Hydrate Gel Cream,2025-12-31,1
CUST-R0026,Radiance Gel Cleanser,2026-03-11,1
CUST-R0026,Mattify & Hydrate Gel Cream,2026-03-11,2
CUST-R0026,Texture Eraser AHA Exfoliant,2026-03-11,1
CUST-R0026,Radiance Gel Cleanser,2026-05-08,1
CUST-R0026,Mattify & Hydrate Gel Cream,2026-05-08,1
CUST-R0026,Plump & Glow Hyaluronic Serum,2026-05-08,1
CUST-R0027,Radiance Gel Cleanser,2025-07-13,1
CUST-R0027,Barrier Boost Moisturizer,2025-07-13,1
CUST-R0027,Radiance Gel Cleanser,2025-11-07,1
CUST-R0027,Peptide Lift Serum,2025-11-07,1
CUST-R0027,Radiance Gel Cleanser,2026-03-31,1
CUST-R0027,Peptide Lift Serum,2026-03-31,1
CUST-R0027,Barrier Boost Moisturizer,2026-03-31,1
CUST-R0028,Hydra-Cleanse Micellar Water,2025-10-28,1
CUST-R0028,Midnight Retinol Renewal Serum,2025-10-28,1
CUST-R0029,Bounce Back Volumizing Shampoo,2025-09-17,1
CUST-R0029,Featherlight Balancing Conditioner,2025-09-17,1
CUST-R0029,Bounce Back Volumizing Shampoo,2026-02-02,1
CUST-R0029,Frizz Control Leave-In Serum,2026-02-02,1
CUST-R0030,Peptide Lift Serum,2025-06-28,1
CUST-R0030,Cloud Cream Firming Moisturizer,2025-06-28,2
CUST-R0030,Featherlight UV Shield SPF 50,2025-06-28,1
CUST-R0030,Peptide Lift Serum,2025-08-08,1
CUST-R0030,Cloud Cream Firming Moisturizer,2025-08-08,2
CUST-R0030,Featherlight UV Shield SPF 50,2025-08-08,1
CUST-R0030,Peptide Lift Serum,2025-11-05,1
CUST-R0030,Cloud Cream Firming Moisturizer,2025-11-05,1
CUST-R0030,Featherlight UV Shield SPF 50,2025-11-05,1
CUST-R0030,Peptide Lift Serum,2025-12-08,1
CUST-R0030,Cloud Cream Firming Moisturizer,2025-12-08,1
CUST-R0030,Cloud Cream Firming Moisturizer,2026-02-03,1
CUST-R0030,Featherlight UV Shield SPF 50,2026-02-03,1
CUST-R0030,Peptide Lift Serum,2026-05-03,1
CUST-R0030,Cloud Cream Firming Moisturizer,2026-05-03,1
CUST-R0030,Featherlight UV Shield SPF 50,2026-05-03,1
CUST-R0031,Hydra-Silk Moisture Shampoo,2025-06-26,1
CUST-R0031,Featherlight Balancing Conditioner,2025-06-26,1
CUST-R0031,Scalp Balance Serum,2025-06-26,1
CUST-R0031,Hydra-Silk Moisture Shampoo,2026-01-22,1
CUST-R0031,Featherlight Balancing Conditioner,2026-01-22,1
CUST-R0031,Hydra-Silk Moisture Shampoo,2026-04-17,1
CUST-R0031,Frizz Control Leave-In Serum,2026-04-17,1
CUST-R0032,Hydra-Cleanse Micellar Water,2025-06-20,1
CUST-R0032,Peptide Lift Serum,2025-06-20,1
CUST-R0032,Velvet Rich Night Cream,2025-06-20,1
CUST-R0032,Clear Complexion Niacinamide Serum,2025-06-20,1
CUST-R0032,Hydra-Cleanse Micellar Water,2025-09-07,1
CUST-R0032,Peptide Lift Serum,2025-09-07,1
CUST-R0032,Velvet Rich Night Cream,2025-09-07,1
CUST-R0032,Hydra-Cleanse Micellar Water,2025-10-19,1
CUST-R0032,Peptide Lift Serum,2025-10-19,1
CUST-R0032,Velvet Rich Night Cream,2025-10-19,1
CUST-R0032,Hydra-Cleanse Micellar Water,2025-12-03,1
CUST-R0032,Peptide Lift Serum,2025-12-03,1
CUST-R0032,Velvet Rich Night Cream,2025-12-03,1
CUST-R0032,Peptide Lift Serum,2026-01-28,1
CUST-R0032,Velvet Rich Night Cream,2026-01-28,2
CUST-R0032,Skin Silk Squalane Oil,2026-01-28,1
CUST-R0032,Hydra-Cleanse Micellar Water,2026-03-30,2
CUST-R0032,Peptide Lift Serum,2026-05-24,1
CUST-R0032,Velvet Rich Night Cream,2026-05-24,1
CUST-R0033,Radiance Gel Cleanser,2025-07-15,1
CUST-R0033,Plump & Glow Hyaluronic Serum,2025-07-15,1
CUST-R0033,Radiance Gel Cleanser,2025-08-05,2
CUST-R0033,Plump & Glow Hyaluronic Serum,2025-08-05,1
CUST-R0033,Radiance Gel Cleanser,2025-11-06,1
CUST-R0033,Color Protect Gentle Shampoo,2025-11-06,1
CUST-R0033,Radiance Gel Cleanser,2025-12-08,1
CUST-R0033,Plump & Glow Hyaluronic Serum,2025-12-08,1
CUST-R0033,Featherlight Balancing Conditioner,2025-12-08,2
CUST-R0033,Radiance Gel Cleanser,2026-02-13,1
CUST-R0033,Radiance Gel Cleanser,2026-05-22,1
CUST-R0033,Plump & Glow Hyaluronic Serum,2026-05-22,1
CUST-R0033,Color Protect Gentle Shampoo,2026-05-22,1
CUST-R0033,Featherlight Balancing Conditioner,2026-05-22,2
CUST-R0034,Clear Complexion Niacinamide Serum,2025-08-24,1
CUST-R0034,Featherlight Balancing Conditioner,2025-08-24,1
CUST-R0034,Clear Complexion Niacinamide Serum,2025-11-10,1
CUST-R0034,Hydra-Silk Moisture Shampoo,2025-11-10,1
CUST-R0034,Clear Complexion Niacinamide Serum,2026-01-11,1
CUST-R0034,Hydra-Silk Moisture Shampoo,2026-01-11,1
CUST-R0034,Featherlight Balancing Conditioner,2026-01-11,1
CUST-R0034,Velvet Foam Cleanser,2026-05-14,1
CUST-R0034,Hydra-Silk Moisture Shampoo,2026-05-14,1
CUST-R0034,Featherlight Balancing Conditioner,2026-05-14,1
CUST-R0035,Hydra-Cleanse Micellar Water,2025-08-11,1
CUST-R0035,Clear Complexion Niacinamide Serum,2025-08-11,1
CUST-R0035,Hydra-Cleanse Micellar Water,2025-10-24,1
CUST-R0035,Clear Complexion Niacinamide Serum,2025-10-24,1
CUST-R0035,Scalp Reset Clarifying Shampoo,2025-10-24,1
CUST-R0035,Featherlight Balancing Conditioner,2025-10-24,1
CUST-R0035,Clear Complexion Niacinamide Serum,2025-12-09,1
CUST-R0035,Featherlight Balancing Conditioner,2025-12-09,1
CUST-R0035,Hydra-Cleanse Micellar Water,2026-04-20,1
CUST-R0035,Clear Complexion Niacinamide Serum,2026-04-20,1
CUST-R0035,Scalp Reset Clarifying Shampoo,2026-04-20,1
CUST-R0036,Midnight Retinol Renewal Serum,2025-07-14,1
CUST-R0036,Strength Shield Protein Conditioner,2025-07-14,1
CUST-R0036,Midnight Retinol Renewal Serum,2025-08-29,1
CUST-R0036,Scalp Reset Clarifying Shampoo,2025-08-29,1
CUST-R0036,Strength Shield Protein Conditioner,2025-08-29,1
CUST-R0036,Radiance Gel Cleanser,2025-10-05,1
CUST-R0036,Midnight Retinol Renewal Serum,2025-10-05,1
CUST-R0036,Radiance Gel Cleanser,2025-12-23,1
CUST-R0036,Scalp Reset Clarifying Shampoo,2025-12-23,1
CUST-R0036,Strength Shield Protein Conditioner,2025-12-23,1
CUST-R0036,Scalp Reset Clarifying Shampoo,2026-02-23,1
CUST-R0036,Strength Shield Protein Conditioner,2026-02-23,1
CUST-R0036,Radiance Gel Cleanser,2026-05-07,1
CUST-R0036,Midnight Retinol Renewal Serum,2026-05-07,1
CUST-R0036,Strength Shield Protein Conditioner,2026-05-07,1
CUST-R0037,Color Protect Gentle Shampoo,2025-07-23,1
CUST-R0037,Strength Shield Protein Conditioner,2025-07-23,2
CUST-R0037,Curl Defining Treatment Mask,2025-07-23,1
CUST-R0037,Color Protect Gentle Shampoo,2025-09-25,1
CUST-R0037,Strength Shield Protein Conditioner,2025-09-25,1
CUST-R0037,Color Protect Gentle Shampoo,2026-02-21,1
CUST-R0037,Growth Activator Scalp Treatment,2026-02-21,1
CUST-R0037,Strength Shield Protein Conditioner,2026-05-17,1
CUST-R0037,Nourish & Shine Hair Oil,2026-05-17,1
CUST-R0038,Radiance Gel Cleanser,2025-06-30,1
CUST-R0038,Glow Activator Vitamin C Serum,2025-06-30,1
CUST-R0038,Mattify & Hydrate Gel Cream,2025-06-30,1
CUST-R0038,Pore Refining BHA Pads,2025-06-30,1
CUST-R0038,Mattify & Hydrate Gel Cream,2025-07-31,1
CUST-R0038,Calm Down Redness Relief Mist,2025-07-31,1
CUST-R0038,Radiance Gel Cleanser,2025-10-10,1
CUST-R0038,Glow Activator Vitamin C Serum,2025-10-10,1
CUST-R0038,Mattify & Hydrate Gel Cream,2025-10-10,1
CUST-R0038,Radiance Gel Cleanser,2025-11-10,1
CUST-R0038,Glow Activator Vitamin C Serum,2025-11-10,1
CUST-R0038,Radiance Gel Cleanser,2026-01-09,1
CUST-R0038,Glow Activator Vitamin C Serum,2026-01-09,2
CUST-R0038,Glow Activator Vitamin C Serum,2026-01-24,1
CUST-R0038,Mattify & Hydrate Gel Cream,2026-01-24,1
CUST-R0038,Midnight Retinol Renewal Serum,2026-01-24,1
CUST-R0038,Radiance Gel Cleanser,2026-03-29,2
CUST-R0038,Glow Activator Vitamin C Serum,2026-03-29,1
CUST-R0038,Mattify & Hydrate Gel Cream,2026-03-29,1
CUST-R0038,Midnight Retinol Renewal Serum,2026-03-29,1
CUST-R0038,Radiance Gel Cleanser,2026-05-09,1
CUST-R0038,Glow Activator Vitamin C Serum,2026-05-09,1
CUST-R0039,Midnight Retinol Renewal Serum,2025-07-27,1
CUST-R0039,Clear Complexion Niacinamide Serum,2025-07-27,1
CUST-R0039,Midnight Retinol Renewal Serum,2025-08-31,1
CUST-R0039,Barrier Boost Moisturizer,2026-01-17,1
CUST-R0039,Calm Down Redness Relief Mist,2026-01-17,1
CUST-R0039,Hydra-Cleanse Micellar Water,2026-03-04,2
CUST-R0039,Midnight Retinol Renewal Serum,2026-03-04,2
CUST-R0039,Barrier Boost Moisturizer,2026-03-04,1
CUST-R0040,Color Protect Gentle Shampoo,2025-06-11,1
CUST-R0040,Strength Shield Protein Conditioner,2025-06-11,1
CUST-R0040,Color Protect Gentle Shampoo,2025-10-12,1
CUST-R0040,Nourish & Shine Hair Oil,2025-10-12,1
CUST-R0040,Color Protect Gentle Shampoo,2025-11-12,1
CUST-R0040,Strength Shield Protein Conditioner,2025-11-12,1
CUST-R0040,Frizz Control Leave-In Serum,2025-11-12,1
CUST-R0040,Color Protect Gentle Shampoo,2026-02-17,1
CUST-R0040,Color Protect Gentle Shampoo,2026-03-16,1
CUST-R0040,Strength Shield Protein Conditioner,2026-03-16,1
CUST-R0041,Velvet Foam Cleanser,2025-07-07,1
CUST-R0041,Mattify & Hydrate Gel Cream,2025-07-07,1
CUST-R0041,Glow Activator Vitamin C Serum,2025-07-07,1
CUST-R0041,Velvet Foam Cleanser,2025-10-09,1
CUST-R0041,Clear Complexion Niacinamide Serum,2025-10-09,1
CUST-R0041,Velvet Foam Cleanser,2025-10-19,1
CUST-R0041,Mattify & Hydrate Gel Cream,2025-10-19,1
CUST-R0041,Tinted Mineral Defense SPF 30,2025-10-19,1
CUST-R0041,Clear Complexion Niacinamide Serum,2026-02-18,1
CUST-R0041,Mattify & Hydrate Gel Cream,2026-02-18,1
CUST-R0041,Tinted Mineral Defense SPF 30,2026-02-18,1
CUST-R0041,Velvet Foam Cleanser,2026-05-20,1
CUST-R0041,Clear Complexion Niacinamide Serum,2026-05-20,1
CUST-R0041,Mattify & Hydrate Gel Cream,2026-05-20,1
CUST-R0041,Skin Silk Squalane Oil,2026-05-20,1
CUST-R0042,Glow Activator Vitamin C Serum,2025-07-12,1
CUST-R0042,Mattify & Hydrate Gel Cream,2025-07-12,2
CUST-R0042,Glow Activator Vitamin C Serum,2026-01-31,1
CUST-R0042,Mattify & Hydrate Gel Cream,2026-01-31,1
CUST-R0043,Radiance Gel Cleanser,2025-06-24,1
CUST-R0043,Cloud Cream Firming Moisturizer,2025-06-24,1
CUST-R0043,Calm Down Redness Relief Mist,2025-07-20,1
CUST-R0043,Cloud Cream Firming Moisturizer,2025-10-03,2
CUST-R0043,Skin Silk Squalane Oil,2025-10-03,1
CUST-R0043,Radiance Gel Cleanser,2025-11-09,1
CUST-R0043,Clear Complexion Niacinamide Serum,2025-11-09,2
CUST-R0043,Radiance Gel Cleanser,2025-12-25,1
CUST-R0043,Clear Complexion Niacinamide Serum,2025-12-25,1
CUST-R0043,Pore Refining BHA Pads,2025-12-25,1
CUST-R0043,Radiance Gel Cleanser,2026-01-18,1
CUST-R0043,Clear Complexion Niacinamide Serum,2026-01-18,1
CUST-R0043,Radiance Gel Cleanser,2026-03-08,1
CUST-R0043,Cloud Cream Firming Moisturizer,2026-03-08,1
CUST-R0043,Calm Down Redness Relief Mist,2026-03-08,1
CUST-R0043,Radiance Gel Cleanser,2026-04-13,1
CUST-R0043,Clear Complexion Niacinamide Serum,2026-04-13,1
CUST-R0043,Cloud Cream Firming Moisturizer,2026-04-13,1
CUST-R0043,Peptide Lift Serum,2026-04-13,1
CUST-R0044,Radiance Gel Cleanser,2025-06-25,2
CUST-R0044,Midnight Retinol Renewal Serum,2025-06-25,1
CUST-R0044,Radiance Gel Cleanser,2025-09-19,1
CUST-R0044,Bounce Back Volumizing Shampoo,2025-09-19,1
CUST-R0044,Featherlight Balancing Conditioner,2025-09-19,1
CUST-R0044,Radiance Gel Cleanser,2026-01-10,1
CUST-R0044,Midnight Retinol Renewal Serum,2026-01-10,1
CUST-R0044,Bounce Back Volumizing Shampoo,2026-01-10,1
CUST-R0044,Featherlight Balancing Conditioner,2026-01-10,1
CUST-R0044,Featherlight Balancing Conditioner,2026-04-18,1
CUST-R0045,Velvet Foam Cleanser,2025-06-18,1
CUST-R0045,Velvet Rich Night Cream,2025-07-27,1
CUST-R0045,Velvet Foam Cleanser,2025-09-09,1
CUST-R0045,Velvet Rich Night Cream,2025-09-09,1
CUST-R0045,Velvet Foam Cleanser,2025-11-28,1
CUST-R0045,Velvet Rich Night Cream,2025-11-28,1
CUST-R0045,Glow Activator Vitamin C Serum,2025-12-26,1
CUST-R0045,Velvet Rich Night Cream,2025-12-26,1
CUST-R0045,Dew Drop Essence Toner,2026-02-15,1
CUST-R0045,Glow Activator Vitamin C Serum,2026-04-30,1
CUST-R0045,Velvet Rich Night Cream,2026-04-30,1
CUST-R0046,Hydra-Cleanse Micellar Water,2025-06-22,1
CUST-R0046,Clear Complexion Niacinamide Serum,2025-06-22,1
CUST-R0046,Strength Shield Protein Conditioner,2025-06-22,1
CUST-R0046,Hydra-Cleanse Micellar Water,2025-08-13,1
CUST-R0046,Clear Complexion Niacinamide Serum,2025-08-13,1
CUST-R0046,Scalp Reset Clarifying Shampoo,2025-08-13,1
CUST-R0046,Clear Complexion Niacinamide Serum,2025-10-24,1
CUST-R0046,Strength Shield Protein Conditioner,2025-10-24,1
CUST-R0046,Hydra-Cleanse Micellar Water,2025-10-31,1
CUST-R0046,Clear Complexion Niacinamide Serum,2025-10-31,1
CUST-R0046,Strength Shield Protein Conditioner,2025-10-31,2
CUST-R0046,Hydra-Cleanse Micellar Water,2026-01-02,1
CUST-R0046,Clear Complexion Niacinamide Serum,2026-01-02,1
CUST-R0046,Hydra-Cleanse Micellar Water,2026-03-04,1
CUST-R0046,Scalp Reset Clarifying Shampoo,2026-03-04,1
CUST-R0046,Strength Shield Protein Conditioner,2026-03-04,1
CUST-R0046,Clear Complexion Niacinamide Serum,2026-04-05,1
CUST-R0047,Radiance Gel Cleanser,2025-08-17,1
CUST-R0048,Velvet Foam Cleanser,2025-08-14,1
CUST-R0048,Velvet Rich Night Cream,2025-08-14,1
CUST-R0048,Velvet Rich Night Cream,2025-12-27,1
CUST-R0048,Velvet Foam Cleanser,2026-02-08,1
CUST-R0048,Midnight Retinol Renewal Serum,2026-02-08,1
CUST-R0048,Velvet Rich Night Cream,2026-02-08,1
CUST-R0049,Peptide Lift Serum,2025-07-07,2
CUST-R0049,Tinted Mineral Defense SPF 30,2025-07-07,1
CUST-R0049,Peptide Lift Serum,2025-09-12,1
CUST-R0049,Velvet Rich Night Cream,2025-09-12,1
CUST-R0049,Peptide Lift Serum,2025-11-21,1
CUST-R0049,Velvet Rich Night Cream,2025-11-21,1
CUST-R0049,Peptide Lift Serum,2025-12-10,1
CUST-R0049,Velvet Rich Night Cream,2025-12-10,1
CUST-R0049,Tinted Mineral Defense SPF 30,2025-12-10,1
CUST-R0049,Peptide Lift Serum,2026-03-02,1
CUST-R0049,Tinted Mineral Defense SPF 30,2026-03-02,1
CUST-R0049,Peptide Lift Serum,2026-05-14,1
CUST-R0050,Radiance Gel Cleanser,2025-07-10,1
CUST-R0050,Peptide Lift Serum,2025-07-10,1
CUST-R0050,Velvet Rich Night Cream,2025-07-10,1
CUST-R0050,Peptide Lift Serum,2025-08-18,1
CUST-R0050,Radiance Gel Cleanser,2025-09-13,1
CUST-R0050,Peptide Lift Serum,2025-09-13,1
CUST-R0050,Velvet Rich Night Cream,2025-09-13,1
CUST-R0050,Radiance Gel Cleanser,2025-10-17,1
CUST-R0050,Peptide Lift Serum,2025-10-17,1
CUST-R0050,Petal Soft Calming Toner,2025-10-17,1
CUST-R0050,Peptide Lift Serum,2025-12-27,1
CUST-R0050,Velvet Rich Night Cream,2026-02-13,2
CUST-R0050,Calm Down Redness Relief Mist,2026-02-13,1
CUST-R0050,Radiance Gel Cleanser,2026-03-04,1
CUST-R0050,Peptide Lift Serum,2026-03-04,2
CUST-R0050,Peptide Lift Serum,2026-05-14,1
CUST-R0050,Velvet Rich Night Cream,2026-05-14,1
CUST-R0051,Velvet Foam Cleanser,2025-06-07,1
CUST-R0051,Plump & Glow Hyaluronic Serum,2025-06-07,1
CUST-R0051,Velvet Foam Cleanser,2025-07-22,1
CUST-R0051,Bounce Back Volumizing Shampoo,2025-07-22,2
CUST-R0051,Strength Shield Protein Conditioner,2025-07-22,1
CUST-R0051,Velvet Foam Cleanser,2025-09-22,1
CUST-R0051,Bounce Back Volumizing Shampoo,2025-09-22,2
CUST-R0051,Velvet Foam Cleanser,2025-11-19,1
CUST-R0051,Plump & Glow Hyaluronic Serum,2025-11-19,1
CUST-R0051,Bounce Back Volumizing Shampoo,2025-11-19,1
CUST-R0051,Strength Shield Protein Conditioner,2025-11-19,1
CUST-R0051,Plump & Glow Hyaluronic Serum,2026-02-04,1
CUST-R0051,Bounce Back Volumizing Shampoo,2026-02-04,1
CUST-R0051,Strength Shield Protein Conditioner,2026-02-04,2
CUST-R0051,Bounce Back Volumizing Shampoo,2026-04-01,1
CUST-R0051,Strength Shield Protein Conditioner,2026-04-01,2
CUST-R0051,Bounce Back Volumizing Shampoo,2026-05-25,1
CUST-R0051,Strength Shield Protein Conditioner,2026-05-25,1
CUST-R0052,Mattify & Hydrate Gel Cream,2025-05-28,1
CUST-R0052,Peptide Lift Serum,2026-01-07,1
CUST-R0052,Mattify & Hydrate Gel Cream,2026-01-07,1
CUST-R0053,Radiance Gel Cleanser,2025-09-08,1
CUST-R0053,Plump & Glow Hyaluronic Serum,2025-09-08,1
CUST-R0053,Plump & Glow Hyaluronic Serum,2025-12-03,2
CUST-R0053,Radiance Gel Cleanser,2026-05-18,1
CUST-R0053,Mattify & Hydrate Gel Cream,2026-05-18,1
CUST-R0054,Plump & Glow Hyaluronic Serum,2025-07-09,1
CUST-R0054,Scalp Reset Clarifying Shampoo,2025-07-09,1
CUST-R0054,Featherlight Balancing Conditioner,2025-07-09,1
CUST-R0054,Hydra-Cleanse Micellar Water,2025-08-27,1
CUST-R0054,Plump & Glow Hyaluronic Serum,2025-08-27,1
CUST-R0054,Featherlight Balancing Conditioner,2025-08-27,1
CUST-R0054,Hydra-Cleanse Micellar Water,2025-11-14,2
CUST-R0054,Plump & Glow Hyaluronic Serum,2025-11-14,1
CUST-R0054,Plump & Glow Hyaluronic Serum,2026-01-08,1
CUST-R0054,Scalp Reset Clarifying Shampoo,2026-01-08,1
CUST-R0054,Featherlight Balancing Conditioner,2026-01-08,1
CUST-R0054,Hydra-Cleanse Micellar Water,2026-03-17,1
CUST-R0054,Plump & Glow Hyaluronic Serum,2026-03-17,1
CUST-R0054,Scalp Reset Clarifying Shampoo,2026-03-17,1
CUST-R0054,Featherlight Balancing Conditioner,2026-03-17,1
CUST-R0055,Bounce Back Volumizing Shampoo,2025-06-27,1
CUST-R0055,Deep Dive Hydrating Conditioner,2025-06-27,1
CUST-R0055,Bounce Back Volumizing Shampoo,2025-10-15,1
CUST-R0055,Nourish & Shine Hair Oil,2025-10-15,1
CUST-R0055,Bounce Back Volumizing Shampoo,2026-02-01,1
CUST-R0055,Deep Dive Hydrating Conditioner,2026-02-01,2
CUST-R0055,Sleek & Define Styling Cream,2026-02-01,1
CUST-R0056,Radiance Gel Cleanser,2025-09-13,1
CUST-R0056,Glow Activator Vitamin C Serum,2025-09-13,1
CUST-R0057,Plump & Glow Hyaluronic Serum,2025-07-12,1
CUST-R0057,Bounce Back Volumizing Shampoo,2025-07-12,1
CUST-R0057,Featherlight Balancing Conditioner,2025-07-12,1
CUST-R0057,Plump & Glow Hyaluronic Serum,2025-07-23,1
CUST-R0057,Bounce Back Volumizing Shampoo,2025-07-23,1
CUST-R0057,Velvet Foam Cleanser,2025-09-21,2
CUST-R0057,Plump & Glow Hyaluronic Serum,2025-09-21,1
CUST-R0057,Bounce Back Volumizing Shampoo,2025-09-21,1
CUST-R0057,Velvet Foam Cleanser,2025-12-16,1
CUST-R0057,Plump & Glow Hyaluronic Serum,2025-12-16,1
CUST-R0057,Featherlight Balancing Conditioner,2025-12-16,1
CUST-R0057,Plump & Glow Hyaluronic Serum,2026-01-04,1
CUST-R0057,Bounce Back Volumizing Shampoo,2026-01-04,1
CUST-R0057,Velvet Foam Cleanser,2026-03-12,2
CUST-R0057,Plump & Glow Hyaluronic Serum,2026-03-12,2
CUST-R0057,Bounce Back Volumizing Shampoo,2026-03-12,1
CUST-R0057,Featherlight Balancing Conditioner,2026-03-12,1
CUST-R0057,Velvet Foam Cleanser,2026-04-19,1
CUST-R0057,Plump & Glow Hyaluronic Serum,2026-04-19,1
CUST-R0057,Bounce Back Volumizing Shampoo,2026-04-19,1
CUST-R0058,Velvet Foam Cleanser,2025-06-14,1
CUST-R0058,Midnight Retinol Renewal Serum,2025-06-14,1
CUST-R0058,Velvet Foam Cleanser,2025-08-11,1
CUST-R0058,Midnight Retinol Renewal Serum,2025-08-11,1
CUST-R0058,Velvet Foam Cleanser,2025-10-16,2
CUST-R0058,Midnight Retinol Renewal Serum,2025-10-16,1
CUST-R0058,Youth Revive Rosehip Oil,2025-10-16,1
CUST-R0058,Velvet Foam Cleanser,2025-11-06,1
CUST-R0058,Mattify & Hydrate Gel Cream,2025-11-06,1
CUST-R0058,Plump & Glow Hyaluronic Serum,2025-11-06,1
CUST-R0058,Mattify & Hydrate Gel Cream,2026-01-03,1
CUST-R0058,Midnight Retinol Renewal Serum,2026-03-02,1
CUST-R0058,Skin Silk Squalane Oil,2026-03-02,1
CUST-R0058,Velvet Foam Cleanser,2026-04-14,1
CUST-R0058,Mattify & Hydrate Gel Cream,2026-04-14,1
CUST-R0058,Peptide Lift Serum,2026-04-14,1
CUST-R0059,Deep Dive Hydrating Conditioner,2025-08-27,1
CUST-R0059,Color Protect Gentle Shampoo,2026-01-16,1
CUST-R0059,Deep Dive Hydrating Conditioner,2026-01-16,1
CUST-R0059,Frizz Control Leave-In Serum,2026-01-16,1
CUST-R0060,Velvet Foam Cleanser,2025-07-08,1
CUST-R0060,Glow Activator Vitamin C Serum,2025-07-08,1
CUST-R0060,Bounce Back Volumizing Shampoo,2025-07-08,1
CUST-R0060,Velvet Foam Cleanser,2025-08-08,1
CUST-R0060,Deep Dive Hydrating Conditioner,2025-08-08,1
CUST-R0060,Velvet Foam Cleanser,2025-11-08,1
CUST-R0060,Glow Activator Vitamin C Serum,2025-11-08,1
CUST-R0060,Bounce Back Volumizing Shampoo,2025-11-08,1
CUST-R0060,Deep Dive Hydrating Conditioner,2025-11-08,1
CUST-R0060,Velvet Foam Cleanser,2026-03-13,1
CUST-R0060,Bounce Back Volumizing Shampoo,2026-03-13,1
CUST-R0060,Deep Dive Hydrating Conditioner,2026-03-13,2
CUST-R0060,Glow Activator Vitamin C Serum,2026-04-02,1
CUST-R0061,Hydra-Cleanse Micellar Water,2026-01-08,1
CUST-R0062,Peptide Lift Serum,2025-07-12,1
CUST-R0062,Barrier Boost Moisturizer,2025-07-12,1
CUST-R0062,Velvet Foam Cleanser,2025-08-05,1
CUST-R0062,Peptide Lift Serum,2025-08-05,1
CUST-R0062,Barrier Boost Moisturizer,2025-08-05,1
CUST-R0062,Velvet Foam Cleanser,2025-11-23,1
CUST-R0062,Barrier Boost Moisturizer,2025-12-18,1
CUST-R0062,Plump & Glow Hyaluronic Serum,2025-12-18,1
CUST-R0062,Barrier Boost Moisturizer,2026-01-29,1
CUST-R0062,Texture Eraser AHA Exfoliant,2026-01-29,2
CUST-R0062,Velvet Foam Cleanser,2026-04-23,1
CUST-R0062,Peptide Lift Serum,2026-04-23,2
CUST-R0063,Plump & Glow Hyaluronic Serum,2025-06-13,1
CUST-R0063,Pore Refining BHA Pads,2025-06-13,1
CUST-R0063,Hydra-Cleanse Micellar Water,2025-08-06,1
CUST-R0063,Plump & Glow Hyaluronic Serum,2025-08-06,1
CUST-R0063,Mattify & Hydrate Gel Cream,2025-08-06,1
CUST-R0063,Hydra-Cleanse Micellar Water,2025-09-27,1
CUST-R0063,Plump & Glow Hyaluronic Serum,2025-09-27,1
CUST-R0063,Mattify & Hydrate Gel Cream,2025-09-27,1
CUST-R0063,Hydra-Cleanse Micellar Water,2025-11-19,1
CUST-R0063,Plump & Glow Hyaluronic Serum,2025-11-19,1
CUST-R0063,Mattify & Hydrate Gel Cream,2025-11-19,1
CUST-R0063,Mattify & Hydrate Gel Cream,2026-01-02,1
CUST-R0063,Hydra-Cleanse Micellar Water,2026-03-24,2
CUST-R0063,Plump & Glow Hyaluronic Serum,2026-05-01,1
CUST-R0063,Mattify & Hydrate Gel Cream,2026-05-01,1
CUST-R0063,Tinted Mineral Defense SPF 30,2026-05-01,1
CUST-R0064,Midnight Retinol Renewal Serum,2025-05-26,1
CUST-R0064,Velvet Rich Night Cream,2025-05-26,1
CUST-R0064,Tinted Mineral Defense SPF 30,2025-05-26,1
CUST-R0064,Midnight Retinol Renewal Serum,2025-10-14,1
CUST-R0064,Velvet Rich Night Cream,2025-10-14,2
CUST-R0064,Tinted Mineral Defense SPF 30,2025-10-14,1
CUST-R0064,Midnight Retinol Renewal Serum,2025-11-11,1
CUST-R0064,Velvet Rich Night Cream,2025-11-11,2
CUST-R0064,Tinted Mineral Defense SPF 30,2025-11-11,1
CUST-R0064,Midnight Retinol Renewal Serum,2026-02-27,1
CUST-R0064,Midnight Retinol Renewal Serum,2026-05-20,2
CUST-R0064,Tinted Mineral Defense SPF 30,2026-05-20,1
CUST-R0065,Glow Activator Vitamin C Serum,2025-10-22,1
CUST-R0066,Midnight Retinol Renewal Serum,2025-06-14,1
CUST-R0066,Midnight Retinol Renewal Serum,2025-09-03,1
CUST-R0066,Cloud Cream Firming Moisturizer,2025-09-03,1
CUST-R0066,Featherlight UV Shield SPF 50,2025-09-03,2
CUST-R0066,Midnight Retinol Renewal Serum,2025-12-17,1
CUST-R0066,Cloud Cream Firming Moisturizer,2025-12-17,1
CUST-R0066,Featherlight UV Shield SPF 50,2025-12-17,2
CUST-R0066,Midnight Retinol Renewal Serum,2026-03-14,1
CUST-R0066,Cloud Cream Firming Moisturizer,2026-03-14,1
CUST-R0066,Featherlight UV Shield SPF 50,2026-03-14,1
CUST-R0067,Glow Activator Vitamin C Serum,2025-06-29,1
CUST-R0067,Scalp Reset Clarifying Shampoo,2025-06-29,1
CUST-R0067,Strength Shield Protein Conditioner,2025-06-29,1
CUST-R0067,Velvet Foam Cleanser,2025-08-28,1
CUST-R0067,Glow Activator Vitamin C Serum,2025-08-28,1
CUST-R0067,Strength Shield Protein Conditioner,2025-08-28,1
CUST-R0067,Velvet Foam Cleanser,2025-11-15,1
CUST-R0067,Strength Shield Protein Conditioner,2025-11-15,1
CUST-R0067,Velvet Foam Cleanser,2025-12-16,1
CUST-R0067,Glow Activator Vitamin C Serum,2025-12-16,1
CUST-R0067,Strength Shield Protein Conditioner,2025-12-16,1
CUST-R0067,Velvet Foam Cleanser,2026-02-07,1
CUST-R0067,Strength Shield Protein Conditioner,2026-02-07,1
CUST-R0067,Velvet Foam Cleanser,2026-04-19,1
CUST-R0067,Glow Activator Vitamin C Serum,2026-04-19,1
CUST-R0067,Strength Shield Protein Conditioner,2026-04-19,1
CUST-R0068,Scalp Reset Clarifying Shampoo,2025-09-26,2
CUST-R0068,Deep Dive Hydrating Conditioner,2025-09-26,1
CUST-R0068,Sleek & Define Styling Cream,2025-09-26,1
CUST-R0068,Scalp Reset Clarifying Shampoo,2026-04-18,1
CUST-R0068,Deep Dive Hydrating Conditioner,2026-04-18,1
CUST-R0068,Growth Activator Scalp Treatment,2026-04-18,1
CUST-R0069,Radiance Gel Cleanser,2025-09-23,1
CUST-R0069,Glow Activator Vitamin C Serum,2025-09-23,2
CUST-R0069,Glow Activator Vitamin C Serum,2026-05-02,1
CUST-R0069,Cloud Cream Firming Moisturizer,2026-05-02,1
CUST-R0070,Clear Complexion Niacinamide Serum,2025-07-29,1
CUST-R0070,Cloud Cream Firming Moisturizer,2025-07-29,1
CUST-R0070,Midnight Retinol Renewal Serum,2025-07-29,1
CUST-R0070,Hydra-Cleanse Micellar Water,2025-09-14,1
CUST-R0070,Cloud Cream Firming Moisturizer,2025-09-14,2
CUST-R0070,Hydra-Cleanse Micellar Water,2025-12-11,1
CUST-R0070,Clear Complexion Niacinamide Serum,2025-12-11,1
CUST-R0070,Featherlight UV Shield SPF 50,2025-12-11,1
CUST-R0070,Hydra-Cleanse Micellar Water,2026-01-25,1
CUST-R0070,Cloud Cream Firming Moisturizer,2026-01-25,1
CUST-R0070,Hydra-Cleanse Micellar Water,2026-05-13,1
CUST-R0070,Clear Complexion Niacinamide Serum,2026-05-13,1
CUST-R0070,Tinted Mineral Defense SPF 30,2026-05-13,1
CUST-R0071,Hydra-Cleanse Micellar Water,2025-06-09,1
CUST-R0071,Clear Complexion Niacinamide Serum,2025-06-09,1
CUST-R0071,Cloud Cream Firming Moisturizer,2025-06-09,2
CUST-R0071,Glow Activator Vitamin C Serum,2025-06-09,1
CUST-R0071,Clear Complexion Niacinamide Serum,2025-08-01,2
CUST-R0071,Hydra-Cleanse Micellar Water,2025-10-02,1
CUST-R0071,Clear Complexion Niacinamide Serum,2025-10-02,1
CUST-R0071,Cloud Cream Firming Moisturizer,2025-10-02,1
CUST-R0071,Clear Complexion Niacinamide Serum,2026-01-12,1
CUST-R0071,Cloud Cream Firming Moisturizer,2026-01-12,1
CUST-R0071,Texture Eraser AHA Exfoliant,2026-01-12,1
CUST-R0071,Hydra-Cleanse Micellar Water,2026-02-02,2
CUST-R0071,Cloud Cream Firming Moisturizer,2026-02-02,1
CUST-R0071,Cloud Cream Firming Moisturizer,2026-04-27,1
CUST-R0072,Hydra-Silk Moisture Shampoo,2025-06-16,1
CUST-R0072,Hydra-Silk Moisture Shampoo,2025-12-18,1
CUST-R0072,Featherlight Balancing Conditioner,2025-12-18,1
CUST-R0072,Hydra-Silk Moisture Shampoo,2026-02-23,1
CUST-R0072,Featherlight Balancing Conditioner,2026-02-23,1
CUST-R0072,Frizz Control Leave-In Serum,2026-02-23,2
CUST-R0073,Hydra-Cleanse Micellar Water,2025-06-08,1
CUST-R0073,Hydra-Silk Moisture Shampoo,2025-06-08,1
CUST-R0073,Featherlight Balancing Conditioner,2025-06-08,1
CUST-R0073,Hydra-Cleanse Micellar Water,2025-08-16,1
CUST-R0073,Hydra-Silk Moisture Shampoo,2025-08-16,1
CUST-R0073,Featherlight Balancing Conditioner,2025-08-16,2
CUST-R0073,Hydra-Cleanse Micellar Water,2025-11-21,1
CUST-R0073,Midnight Retinol Renewal Serum,2025-11-21,1
CUST-R0073,Hydra-Silk Moisture Shampoo,2025-11-21,1
CUST-R0073,Featherlight Balancing Conditioner,2025-11-21,1
CUST-R0073,Featherlight Balancing Conditioner,2025-12-22,1
CUST-R0073,Hydra-Cleanse Micellar Water,2026-01-29,2
CUST-R0073,Featherlight Balancing Conditioner,2026-01-29,1
CUST-R0073,Hydra-Silk Moisture Shampoo,2026-05-24,1
CUST-R0074,Featherlight Balancing Conditioner,2025-07-02,1
CUST-R0074,Featherlight Balancing Conditioner,2026-01-20,1
CUST-R0074,Hydra-Silk Moisture Shampoo,2026-02-23,1
CUST-R0074,Scalp Balance Serum,2026-02-23,1
CUST-R0075,Peptide Lift Serum,2025-07-21,1
CUST-R0075,Featherlight UV Shield SPF 50,2025-07-21,2
CUST-R0075,Velvet Rich Night Cream,2025-08-05,1
CUST-R0075,Featherlight UV Shield SPF 50,2025-08-05,1
CUST-R0075,Peptide Lift Serum,2025-10-29,1
CUST-R0075,Velvet Rich Night Cream,2025-10-29,1
CUST-R0075,Featherlight UV Shield SPF 50,2025-10-29,1
CUST-R0075,Peptide Lift Serum,2026-01-05,1
CUST-R0075,Velvet Rich Night Cream,2026-01-05,1
CUST-R0075,Featherlight UV Shield SPF 50,2026-01-05,1
CUST-R0075,Peptide Lift Serum,2026-02-25,1
CUST-R0075,Velvet Rich Night Cream,2026-02-25,1
CUST-R0075,Peptide Lift Serum,2026-04-28,1
CUST-R0075,Velvet Rich Night Cream,2026-04-28,2
CUST-R0076,Peptide Lift Serum,2025-05-31,1
CUST-R0076,Barrier Boost Moisturizer,2025-05-31,1
CUST-R0076,Radiance Gel Cleanser,2025-07-28,1
CUST-R0076,Radiance Gel Cleanser,2025-09-23,1
CUST-R0076,Barrier Boost Moisturizer,2025-09-23,1
CUST-R0076,Peptide Lift Serum,2025-11-07,1
CUST-R0076,Barrier Boost Moisturizer,2025-11-07,1
CUST-R0076,Plump & Glow Hyaluronic Serum,2025-11-07,1
CUST-R0076,Barrier Boost Moisturizer,2025-12-28,1
CUST-R0076,Calm Down Redness Relief Mist,2026-01-24,1
CUST-R0076,Radiance Gel Cleanser,2026-02-28,1
CUST-R0076,Barrier Boost Moisturizer,2026-02-28,1
CUST-R0076,Glow Activator Vitamin C Serum,2026-02-28,1
CUST-R0076,Radiance Gel Cleanser,2026-04-22,1
CUST-R0076,Peptide Lift Serum,2026-04-22,1
CUST-R0076,Barrier Boost Moisturizer,2026-04-22,1
CUST-R0077,Radiance Gel Cleanser,2025-08-15,1
CUST-R0077,Cloud Cream Firming Moisturizer,2025-08-15,1
CUST-R0077,Peptide Lift Serum,2025-10-27,2
CUST-R0077,Tinted Mineral Defense SPF 30,2025-10-27,1
CUST-R0077,Cloud Cream Firming Moisturizer,2026-02-04,1
CUST-R0077,Dew Drop Essence Toner,2026-02-04,1
CUST-R0077,Radiance Gel Cleanser,2026-03-25,1
CUST-R0077,Peptide Lift Serum,2026-03-25,1
CUST-R0078,Scalp Reset Clarifying Shampoo,2025-06-17,1
CUST-R0078,Strength Shield Protein Conditioner,2025-06-17,1
CUST-R0078,Glow Activator Vitamin C Serum,2025-08-05,1
CUST-R0078,Scalp Reset Clarifying Shampoo,2025-08-05,1
CUST-R0078,Strength Shield Protein Conditioner,2025-08-05,1
CUST-R0078,Radiance Gel Cleanser,2025-09-14,1
CUST-R0078,Glow Activator Vitamin C Serum,2025-09-14,1
CUST-R0078,Scalp Reset Clarifying Shampoo,2025-09-14,1
CUST-R0078,Scalp Reset Clarifying Shampoo,2025-12-13,1
CUST-R0078,Strength Shield Protein Conditioner,2025-12-13,1
CUST-R0078,Radiance Gel Cleanser,2026-01-10,1
CUST-R0078,Glow Activator Vitamin C Serum,2026-01-10,1
CUST-R0078,Scalp Reset Clarifying Shampoo,2026-01-10,1
CUST-R0078,Strength Shield Protein Conditioner,2026-01-10,1
CUST-R0078,Scalp Reset Clarifying Shampoo,2026-02-11,1
CUST-R0078,Strength Shield Protein Conditioner,2026-02-11,1
CUST-R0078,Glow Activator Vitamin C Serum,2026-05-16,1
CUST-R0079,Velvet Foam Cleanser,2025-06-09,1
CUST-R0079,Barrier Boost Moisturizer,2025-06-09,1
CUST-R0079,Plump & Glow Hyaluronic Serum,2025-06-09,1
CUST-R0079,Velvet Foam Cleanser,2025-08-02,1
CUST-R0079,Barrier Boost Moisturizer,2025-08-02,1
CUST-R0079,Featherlight UV Shield SPF 50,2025-08-02,1
CUST-R0079,Velvet Foam Cleanser,2025-11-16,2
CUST-R0079,Peptide Lift Serum,2025-11-16,1
CUST-R0079,Tinted Mineral Defense SPF 30,2025-11-16,1
CUST-R0079,Velvet Foam Cleanser,2026-01-16,1
CUST-R0079,Peptide Lift Serum,2026-01-16,1
CUST-R0079,Barrier Boost Moisturizer,2026-01-16,1
CUST-R0079,Velvet Foam Cleanser,2026-01-31,1
CUST-R0079,Barrier Boost Moisturizer,2026-01-31,1
CUST-R0079,Velvet Foam Cleanser,2026-04-15,1
CUST-R0079,Barrier Boost Moisturizer,2026-04-15,1
CUST-R0079,Skin Silk Squalane Oil,2026-04-15,1
CUST-R0080,Midnight Retinol Renewal Serum,2025-07-14,1
CUST-R0080,Cloud Cream Firming Moisturizer,2025-07-14,1
CUST-R0080,Tinted Mineral Defense SPF 30,2025-07-14,1
CUST-R0080,Midnight Retinol Renewal Serum,2025-09-08,1
CUST-R0080,Cloud Cream Firming Moisturizer,2025-09-08,1
CUST-R0080,Tinted Mineral Defense SPF 30,2025-09-08,1
CUST-R0080,Midnight Retinol Renewal Serum,2025-09-28,1
CUST-R0080,Cloud Cream Firming Moisturizer,2025-09-28,1
CUST-R0080,Tinted Mineral Defense SPF 30,2025-09-28,1
CUST-R0080,Midnight Retinol Renewal Serum,2025-11-28,1
CUST-R0080,Cloud Cream Firming Moisturizer,2025-11-28,1
CUST-R0080,Tinted Mineral Defense SPF 30,2025-11-28,1
CUST-R0080,Midnight Retinol Renewal Serum,2026-02-04,1
CUST-R0080,Cloud Cream Firming Moisturizer,2026-02-04,1
CUST-R0080,Tinted Mineral Defense SPF 30,2026-02-04,1
CUST-R0080,Cloud Cream Firming Moisturizer,2026-04-07,1
CUST-R0080,Tinted Mineral Defense SPF 30,2026-04-07,1
CUST-R0081,Radiance Gel Cleanser,2025-08-05,1
CUST-R0081,Mattify & Hydrate Gel Cream,2025-08-05,1
CUST-R0081,Radiance Gel Cleanser,2025-12-26,1
CUST-R0081,Clear Complexion Niacinamide Serum,2026-02-03,1
CUST-R0082,Glow Activator Vitamin C Serum,2025-07-01,1
CUST-R0082,Velvet Rich Night Cream,2025-07-01,1
CUST-R0082,Dew Drop Essence Toner,2025-07-01,1
CUST-R0082,Radiance Gel Cleanser,2025-08-07,1
CUST-R0082,Glow Activator Vitamin C Serum,2025-08-07,2
CUST-R0082,Radiance Gel Cleanser,2025-09-22,1
CUST-R0082,Glow Activator Vitamin C Serum,2025-09-22,1
CUST-R0082,Velvet Rich Night Cream,2025-09-22,1
CUST-R0082,Radiance Gel Cleanser,2025-11-21,2
CUST-R0082,Velvet Rich Night Cream,2025-11-21,1
CUST-R0082,Radiance Gel Cleanser,2026-01-02,1
CUST-R0082,Glow Activator Vitamin C Serum,2026-01-02,1
CUST-R0082,Velvet Rich Night Cream,2026-01-02,1
CUST-R0082,Radiance Gel Cleanser,2026-02-28,1
CUST-R0082,Glow Activator Vitamin C Serum,2026-02-28,1
CUST-R0082,Velvet Rich Night Cream,2026-02-28,1
CUST-R0082,Clear Complexion Niacinamide Serum,2026-02-28,1
CUST-R0082,Glow Activator Vitamin C Serum,2026-04-04,1
CUST-R0082,Petal Soft Calming Toner,2026-04-04,1
CUST-R0083,Bounce Back Volumizing Shampoo,2025-08-21,1
CUST-R0083,Strength Shield Protein Conditioner,2025-08-21,1
CUST-R0083,Growth Activator Scalp Treatment,2025-08-21,1
CUST-R0083,Bounce Back Volumizing Shampoo,2025-11-17,1
CUST-R0083,Strength Shield Protein Conditioner,2025-11-17,1
CUST-R0083,Bounce Back Volumizing Shampoo,2026-04-30,1
CUST-R0084,Radiance Gel Cleanser,2025-06-27,1
CUST-R0084,Clear Complexion Niacinamide Serum,2025-06-27,1
CUST-R0084,Mattify & Hydrate Gel Cream,2025-06-27,1
CUST-R0084,Radiance Gel Cleanser,2025-10-30,1
CUST-R0084,Clear Complexion Niacinamide Serum,2025-10-30,1
CUST-R0084,Blemish Banisher Spot Treatment,2025-10-30,1
CUST-R0084,Clear Complexion Niacinamide Serum,2025-12-24,1
CUST-R0084,Mattify & Hydrate Gel Cream,2025-12-24,1
CUST-R0084,Clear Complexion Niacinamide Serum,2026-05-07,1
CUST-R0084,Mattify & Hydrate Gel Cream,2026-05-07,1
CUST-R0084,Dew Drop Essence Toner,2026-05-07,2
CUST-R0085,Midnight Retinol Renewal Serum,2025-07-05,1
CUST-R0085,Velvet Rich Night Cream,2025-07-05,1
CUST-R0085,Featherlight UV Shield SPF 50,2025-07-05,1
CUST-R0085,Midnight Retinol Renewal Serum,2025-08-06,1
CUST-R0085,Velvet Rich Night Cream,2025-08-06,1
CUST-R0085,Featherlight UV Shield SPF 50,2025-08-06,2
CUST-R0085,Midnight Retinol Renewal Serum,2025-10-03,1
CUST-R0085,Velvet Rich Night Cream,2025-10-03,1
CUST-R0085,Featherlight UV Shield SPF 50,2025-10-03,1
CUST-R0085,Midnight Retinol Renewal Serum,2025-12-30,1
CUST-R0085,Velvet Rich Night Cream,2025-12-30,1
CUST-R0085,Midnight Retinol Renewal Serum,2026-02-26,1
CUST-R0085,Featherlight UV Shield SPF 50,2026-04-13,1
CUST-R0086,Peptide Lift Serum,2025-06-11,1
CUST-R0086,Texture Eraser AHA Exfoliant,2025-06-11,1
CUST-R0086,Cloud Cream Firming Moisturizer,2025-08-20,1
CUST-R0086,Glow Activator Vitamin C Serum,2025-08-20,1
CUST-R0086,Peptide Lift Serum,2025-09-03,1
CUST-R0086,Glow Activator Vitamin C Serum,2025-09-03,1
CUST-R0086,Velvet Foam Cleanser,2025-11-15,1
CUST-R0086,Peptide Lift Serum,2025-12-13,2
CUST-R0086,Dew Drop Essence Toner,2025-12-13,1
CUST-R0086,Velvet Foam Cleanser,2026-02-20,1
CUST-R0086,Peptide Lift Serum,2026-02-20,1
CUST-R0086,Cloud Cream Firming Moisturizer,2026-02-20,1
CUST-R0086,Velvet Foam Cleanser,2026-04-07,1
CUST-R0086,Cloud Cream Firming Moisturizer,2026-04-07,1
CUST-R0086,Featherlight UV Shield SPF 50,2026-04-07,1
CUST-R0086,Velvet Foam Cleanser,2026-05-24,1
CUST-R0086,Peptide Lift Serum,2026-05-24,1
CUST-R0086,Cloud Cream Firming Moisturizer,2026-05-24,1
CUST-R0087,Peptide Lift Serum,2025-07-06,1
CUST-R0087,Velvet Rich Night Cream,2025-07-06,1
CUST-R0087,Tinted Mineral Defense SPF 30,2025-07-06,2
CUST-R0087,Peptide Lift Serum,2025-09-02,1
CUST-R0087,Velvet Rich Night Cream,2025-09-02,2
CUST-R0087,Tinted Mineral Defense SPF 30,2025-09-02,1
CUST-R0087,Velvet Rich Night Cream,2025-10-31,1
CUST-R0087,Tinted Mineral Defense SPF 30,2025-10-31,1
CUST-R0087,Peptide Lift Serum,2026-01-25,1
CUST-R0087,Tinted Mineral Defense SPF 30,2026-01-25,2
CUST-R0087,Velvet Rich Night Cream,2026-02-12,1
CUST-R0087,Peptide Lift Serum,2026-04-03,1
CUST-R0087,Tinted Mineral Defense SPF 30,2026-04-03,1
CUST-R0088,Velvet Foam Cleanser,2025-06-04,1
CUST-R0088,Velvet Rich Night Cream,2025-06-04,1
CUST-R0088,Velvet Foam Cleanser,2025-09-20,2
CUST-R0088,Glow Activator Vitamin C Serum,2025-09-20,1
CUST-R0088,Featherlight UV Shield SPF 50,2025-09-20,1
CUST-R0088,Velvet Foam Cleanser,2025-11-11,1
CUST-R0088,Glow Activator Vitamin C Serum,2025-11-11,2
CUST-R0088,Velvet Rich Night Cream,2025-11-11,1
CUST-R0088,Featherlight UV Shield SPF 50,2025-11-11,1
CUST-R0088,Velvet Foam Cleanser,2026-02-12,1
CUST-R0088,Glow Activator Vitamin C Serum,2026-02-12,1
CUST-R0088,Velvet Rich Night Cream,2026-02-12,1
CUST-R0088,Velvet Foam Cleanser,2026-05-09,1
CUST-R0088,Velvet Rich Night Cream,2026-05-09,2
CUST-R0089,Hydra-Cleanse Micellar Water,2025-06-11,1
CUST-R0089,Cloud Cream Firming Moisturizer,2025-06-11,1
CUST-R0089,Cloud Cream Firming Moisturizer,2025-10-30,1
CUST-R0089,Midnight Retinol Renewal Serum,2026-05-10,1
CUST-R0089,Cloud Cream Firming Moisturizer,2026-05-10,1
CUST-R0090,Radiance Gel Cleanser,2025-06-01,1
CUST-R0090,Peptide Lift Serum,2025-06-01,1
CUST-R0090,Radiance Gel Cleanser,2025-08-20,1
CUST-R0090,Peptide Lift Serum,2025-08-20,1
CUST-R0090,Cloud Cream Firming Moisturizer,2025-08-20,1
CUST-R0090,Radiance Gel Cleanser,2025-10-01,1
CUST-R0090,Peptide Lift Serum,2025-10-01,1
CUST-R0090,Cloud Cream Firming Moisturizer,2025-10-01,1
CUST-R0090,Radiance Gel Cleanser,2025-11-05,1
CUST-R0090,Cloud Cream Firming Moisturizer,2025-11-05,1
CUST-R0090,Radiance Gel Cleanser,2026-01-26,1
CUST-R0090,Glow Activator Vitamin C Serum,2026-01-26,2
CUST-R0090,Radiance Gel Cleanser,2026-03-27,1
CUST-R0090,Cloud Cream Firming Moisturizer,2026-03-27,1
CUST-R0090,Peptide Lift Serum,2026-03-27,1
CUST-R0090,Radiance Gel Cleanser,2026-05-01,1
CUST-R0090,Peptide Lift Serum,2026-05-01,1
CUST-R0091,Hydra-Cleanse Micellar Water,2025-05-29,1
CUST-R0091,Midnight Retinol Renewal Serum,2025-05-29,2
CUST-R0091,Hydra-Cleanse Micellar Water,2025-10-18,1
CUST-R0091,Midnight Retinol Renewal Serum,2025-10-18,1
CUST-R0091,Hydra-Silk Moisture Shampoo,2025-10-18,1
CUST-R0091,Midnight Retinol Renewal Serum,2025-10-19,2
CUST-R0091,Strength Shield Protein Conditioner,2025-10-19,1
CUST-R0091,Hydra-Cleanse Micellar Water,2026-02-02,2
CUST-R0091,Midnight Retinol Renewal Serum,2026-02-02,1
CUST-R0091,Hydra-Silk Moisture Shampoo,2026-02-02,1
CUST-R0091,Strength Shield Protein Conditioner,2026-02-02,1
CUST-R0091,Hydra-Cleanse Micellar Water,2026-04-20,1
CUST-R0091,Midnight Retinol Renewal Serum,2026-04-20,1
CUST-R0091,Hydra-Silk Moisture Shampoo,2026-04-20,1
CUST-R0092,Radiance Gel Cleanser,2025-09-27,1
CUST-R0092,Peptide Lift Serum,2025-09-27,1
CUST-R0092,Barrier Boost Moisturizer,2025-09-27,1
CUST-R0093,Radiance Gel Cleanser,2025-06-14,1
CUST-R0093,Cloud Cream Firming Moisturizer,2025-06-14,1
CUST-R0093,Petal Soft Calming Toner,2025-09-06,1
CUST-R0093,Radiance Gel Cleanser,2025-12-29,1
CUST-R0093,Glow Activator Vitamin C Serum,2025-12-29,1
CUST-R0093,Pore Refining BHA Pads,2025-12-29,1
CUST-R0093,Radiance Gel Cleanser,2026-02-13,1
CUST-R0093,Glow Activator Vitamin C Serum,2026-02-13,2
CUST-R0093,Cloud Cream Firming Moisturizer,2026-02-13,1
CUST-R0093,Youth Revive Rosehip Oil,2026-02-13,2
CUST-R0093,Radiance Gel Cleanser,2026-05-06,1
CUST-R0093,Cloud Cream Firming Moisturizer,2026-05-06,1
CUST-R0093,Tinted Mineral Defense SPF 30,2026-05-06,1
CUST-R0094,Barrier Boost Moisturizer,2025-08-02,1
CUST-R0094,Midnight Retinol Renewal Serum,2025-12-11,1
CUST-R0094,Barrier Boost Moisturizer,2025-12-11,1
CUST-R0094,Barrier Boost Moisturizer,2026-01-27,1
CUST-R0095,Bounce Back Volumizing Shampoo,2025-06-15,1
CUST-R0095,Bounce Back Volumizing Shampoo,2025-10-07,1
CUST-R0095,Deep Dive Hydrating Conditioner,2025-10-07,2
CUST-R0095,Deep Dive Hydrating Conditioner,2025-11-13,1
CUST-R0095,Deep Repair Masque,2025-11-13,1
CUST-R0095,Bounce Back Volumizing Shampoo,2026-01-25,1
CUST-R0095,Deep Dive Hydrating Conditioner,2026-01-25,1
CUST-R0095,Nourish & Shine Hair Oil,2026-01-25,1
CUST-R0095,Bounce Back Volumizing Shampoo,2026-04-11,1
CUST-R0095,Deep Dive Hydrating Conditioner,2026-04-11,1
CUST-R0096,Hydra-Silk Moisture Shampoo,2025-07-26,1
CUST-R0096,Deep Dive Hydrating Conditioner,2025-07-26,1
CUST-R0096,Hydra-Silk Moisture Shampoo,2026-02-18,1
CUST-R0096,Deep Repair Masque,2026-02-18,1
CUST-R0097,Barrier Boost Moisturizer,2025-06-06,1
CUST-R0097,Velvet Foam Cleanser,2026-01-24,1
CUST-R0097,Plump & Glow Hyaluronic Serum,2026-01-24,1
CUST-R0097,Barrier Boost Moisturizer,2026-01-24,1
CUST-R0097,Velvet Foam Cleanser,2026-04-02,1
CUST-R0098,Hydra-Silk Moisture Shampoo,2025-09-13,1
CUST-R0098,Deep Dive Hydrating Conditioner,2025-09-13,1
CUST-R0098,Scalp Balance Serum,2025-09-13,1
CUST-R0098,Hydra-Silk Moisture Shampoo,2025-12-13,1
CUST-R0098,Hydra-Silk Moisture Shampoo,2026-03-29,1
CUST-R0098,Deep Dive Hydrating Conditioner,2026-03-29,1
CUST-R0099,Plump & Glow Hyaluronic Serum,2025-07-05,1
CUST-R0099,Velvet Rich Night Cream,2025-07-05,1
CUST-R0099,Velvet Foam Cleanser,2025-12-15,1
CUST-R0099,Velvet Foam Cleanser,2026-05-25,1
CUST-R0099,Plump & Glow Hyaluronic Serum,2026-05-25,1
CUST-R0100,Velvet Rich Night Cream,2026-01-31,1
CUST-R0101,Hydra-Silk Moisture Shampoo,2025-05-30,1
CUST-R0101,Curl Defining Treatment Mask,2025-05-30,1
CUST-R0101,Featherlight Balancing Conditioner,2026-02-06,1
CUST-R0101,Growth Activator Scalp Treatment,2026-02-06,1
CUST-R0102,Peptide Lift Serum,2025-06-11,1
CUST-R0102,Cloud Cream Firming Moisturizer,2025-06-11,1
CUST-R0102,Peptide Lift Serum,2025-08-09,1
CUST-R0102,Radiance Gel Cleanser,2025-09-05,1
CUST-R0102,Glow Activator Vitamin C Serum,2025-09-05,1
CUST-R0102,Radiance Gel Cleanser,2025-10-31,1
CUST-R0102,Peptide Lift Serum,2025-10-31,1
CUST-R0102,Cloud Cream Firming Moisturizer,2025-10-31,1
CUST-R0102,Petal Soft Calming Toner,2025-12-31,1
CUST-R0102,Radiance Gel Cleanser,2026-02-01,1
CUST-R0102,Cloud Cream Firming Moisturizer,2026-02-01,1
CUST-R0102,Featherlight UV Shield SPF 50,2026-02-01,1
CUST-R0102,Radiance Gel Cleanser,2026-04-08,1
CUST-R0102,Peptide Lift Serum,2026-04-08,1
CUST-R0102,Cloud Cream Firming Moisturizer,2026-04-08,1
CUST-R0102,Youth Revive Rosehip Oil,2026-04-08,1
CUST-R0102,Radiance Gel Cleanser,2026-04-16,1
CUST-R0102,Peptide Lift Serum,2026-04-16,1
CUST-R0102,Clear Complexion Niacinamide Serum,2026-04-16,1
CUST-R0103,Clear Complexion Niacinamide Serum,2025-06-30,1
CUST-R0103,Skin Silk Squalane Oil,2025-06-30,1
CUST-R0103,Radiance Gel Cleanser,2025-10-02,1
CUST-R0103,Mattify & Hydrate Gel Cream,2025-10-02,1
CUST-R0103,Radiance Gel Cleanser,2025-12-30,1
CUST-R0103,Clear Complexion Niacinamide Serum,2025-12-30,1
CUST-R0103,Youth Revive Rosehip Oil,2025-12-30,1
CUST-R0103,Radiance Gel Cleanser,2026-05-14,1
CUST-R0103,Clear Complexion Niacinamide Serum,2026-05-14,1
CUST-R0103,Mattify & Hydrate Gel Cream,2026-05-14,1
CUST-R0104,Clear Complexion Niacinamide Serum,2025-07-29,1
CUST-R0104,Barrier Boost Moisturizer,2025-07-29,2
CUST-R0104,Radiance Gel Cleanser,2025-10-13,1
CUST-R0104,Clear Complexion Niacinamide Serum,2026-02-16,1
CUST-R0104,Barrier Boost Moisturizer,2026-02-16,1
CUST-R0105,Radiance Gel Cleanser,2025-06-23,1
CUST-R0105,Cloud Cream Firming Moisturizer,2025-06-23,1
CUST-R0105,Radiance Gel Cleanser,2025-11-23,1
CUST-R0105,Clear Complexion Niacinamide Serum,2025-11-23,1
CUST-R0105,Clear Complexion Niacinamide Serum,2025-12-18,1
CUST-R0105,Radiance Gel Cleanser,2026-03-28,1
CUST-R0105,Cloud Cream Firming Moisturizer,2026-03-28,1
CUST-R0105,Skin Silk Squalane Oil,2026-03-28,1
CUST-R0106,Hydra-Cleanse Micellar Water,2025-06-27,1
CUST-R0106,Plump & Glow Hyaluronic Serum,2025-06-27,1
CUST-R0106,Velvet Rich Night Cream,2025-06-27,1
CUST-R0107,Cloud Cream Firming Moisturizer,2025-06-10,1
CUST-R0107,Hydra-Cleanse Micellar Water,2025-09-06,1
CUST-R0107,Midnight Retinol Renewal Serum,2025-09-06,1
CUST-R0107,Hydra-Cleanse Micellar Water,2025-11-03,1
CUST-R0107,Dew Drop Essence Toner,2025-11-03,1
CUST-R0107,Hydra-Cleanse Micellar Water,2026-02-15,1
CUST-R0107,Hydra-Cleanse Micellar Water,2026-03-29,1
CUST-R0107,Midnight Retinol Renewal Serum,2026-03-29,1
CUST-R0107,Cloud Cream Firming Moisturizer,2026-03-29,1
CUST-R0108,Bounce Back Volumizing Shampoo,2025-07-24,1
CUST-R0108,Deep Dive Hydrating Conditioner,2025-07-24,1
CUST-R0108,Bounce Back Volumizing Shampoo,2025-09-07,1
CUST-R0108,Deep Dive Hydrating Conditioner,2025-09-07,1
CUST-R0108,Bounce Back Volumizing Shampoo,2025-11-11,1
CUST-R0108,Deep Dive Hydrating Conditioner,2025-11-11,2
CUST-R0108,Bounce Back Volumizing Shampoo,2026-01-05,1
CUST-R0108,Deep Dive Hydrating Conditioner,2026-01-05,1
CUST-R0108,Deep Repair Masque,2026-01-05,1
CUST-R0108,Bounce Back Volumizing Shampoo,2026-03-15,1
CUST-R0108,Deep Dive Hydrating Conditioner,2026-03-15,1
CUST-R0108,Nourish & Shine Hair Oil,2026-03-15,1
CUST-R0109,Radiance Gel Cleanser,2025-06-29,2
CUST-R0109,Glow Activator Vitamin C Serum,2025-06-29,1
CUST-R0109,Hydra-Silk Moisture Shampoo,2025-06-29,1
CUST-R0109,Deep Dive Hydrating Conditioner,2025-06-29,1
CUST-R0109,Hydra-Silk Moisture Shampoo,2025-09-27,1
CUST-R0109,Deep Dive Hydrating Conditioner,2025-09-27,1
CUST-R0109,Radiance Gel Cleanser,2025-10-17,1
CUST-R0109,Glow Activator Vitamin C Serum,2025-10-17,1
CUST-R0109,Hydra-Silk Moisture Shampoo,2025-10-17,1
CUST-R0109,Deep Dive Hydrating Conditioner,2025-10-17,1
CUST-R0109,Radiance Gel Cleanser,2025-12-25,2
CUST-R0109,Hydra-Silk Moisture Shampoo,2025-12-25,1
CUST-R0109,Deep Dive Hydrating Conditioner,2025-12-25,1
CUST-R0109,Radiance Gel Cleanser,2026-02-01,1
CUST-R0109,Deep Dive Hydrating Conditioner,2026-04-01,1
CUST-R0110,Cloud Cream Firming Moisturizer,2025-06-11,2
CUST-R0110,Peptide Lift Serum,2025-06-11,1
CUST-R0110,Hydra-Cleanse Micellar Water,2025-09-09,1
CUST-R0110,Calm Down Redness Relief Mist,2025-09-09,1
CUST-R0110,Hydra-Cleanse Micellar Water,2025-10-25,1
CUST-R0110,Clear Complexion Niacinamide Serum,2025-10-25,1
CUST-R0110,Cloud Cream Firming Moisturizer,2025-10-25,1
CUST-R0110,Pore Refining BHA Pads,2025-10-25,1
CUST-R0110,Cloud Cream Firming Moisturizer,2026-01-03,1
CUST-R0110,Texture Eraser AHA Exfoliant,2026-01-03,2
CUST-R0110,Cloud Cream Firming Moisturizer,2026-04-09,1
CUST-R0111,Peptide Lift Serum,2025-08-02,1
CUST-R0111,Velvet Rich Night Cream,2025-08-02,1
CUST-R0111,Featherlight UV Shield SPF 50,2025-08-02,1
CUST-R0111,Peptide Lift Serum,2025-11-08,1
CUST-R0111,Velvet Rich Night Cream,2025-11-08,1
CUST-R0111,Peptide Lift Serum,2026-04-29,1
CUST-R0111,Velvet Rich Night Cream,2026-04-29,1
CUST-R0111,Featherlight UV Shield SPF 50,2026-04-29,1
CUST-R0112,Radiance Gel Cleanser,2025-05-27,2
CUST-R0112,Mattify & Hydrate Gel Cream,2025-05-27,1
CUST-R0113,Midnight Retinol Renewal Serum,2025-09-11,2
CUST-R0113,Cloud Cream Firming Moisturizer,2025-09-11,1
CUST-R0113,Tinted Mineral Defense SPF 30,2025-09-11,2
CUST-R0113,Midnight Retinol Renewal Serum,2025-11-15,1
CUST-R0113,Tinted Mineral Defense SPF 30,2025-11-15,1
CUST-R0113,Midnight Retinol Renewal Serum,2026-05-12,1
CUST-R0113,Cloud Cream Firming Moisturizer,2026-05-12,1
CUST-R0114,Radiance Gel Cleanser,2025-07-10,1
CUST-R0114,Plump & Glow Hyaluronic Serum,2025-07-10,1
CUST-R0114,Velvet Rich Night Cream,2025-07-10,1
CUST-R0114,Petal Soft Calming Toner,2025-07-10,1
CUST-R0114,Radiance Gel Cleanser,2025-08-23,1
CUST-R0114,Plump & Glow Hyaluronic Serum,2025-08-23,1
CUST-R0114,Velvet Rich Night Cream,2025-08-23,1
CUST-R0114,Radiance Gel Cleanser,2025-09-24,1
CUST-R0114,Plump & Glow Hyaluronic Serum,2025-09-24,1
CUST-R0114,Plump & Glow Hyaluronic Serum,2025-10-25,1
CUST-R0114,Velvet Rich Night Cream,2025-10-25,2
CUST-R0114,Radiance Gel Cleanser,2026-01-08,1
CUST-R0114,Plump & Glow Hyaluronic Serum,2026-01-08,1
CUST-R0114,Radiance Gel Cleanser,2026-01-16,2
CUST-R0114,Plump & Glow Hyaluronic Serum,2026-01-16,1
CUST-R0114,Velvet Rich Night Cream,2026-01-16,2
CUST-R0114,Plump & Glow Hyaluronic Serum,2026-03-05,2
CUST-R0114,Velvet Rich Night Cream,2026-03-05,1
CUST-R0114,Radiance Gel Cleanser,2026-05-15,1
CUST-R0114,Calm Down Redness Relief Mist,2026-05-15,1
CUST-R0115,Radiance Gel Cleanser,2025-06-10,1
CUST-R0115,Radiance Gel Cleanser,2025-09-23,1
CUST-R0115,Clear Complexion Niacinamide Serum,2025-09-23,1
CUST-R0115,Midnight Retinol Renewal Serum,2025-09-23,1
CUST-R0115,Clear Complexion Niacinamide Serum,2025-10-04,2
CUST-R0115,Radiance Gel Cleanser,2025-12-06,1
CUST-R0115,Clear Complexion Niacinamide Serum,2025-12-06,1
CUST-R0115,Barrier Boost Moisturizer,2025-12-06,1
CUST-R0115,Clear Complexion Niacinamide Serum,2026-02-13,1
CUST-R0115,Barrier Boost Moisturizer,2026-02-13,1
CUST-R0115,Dew Drop Essence Toner,2026-02-13,1
CUST-R0115,Radiance Gel Cleanser,2026-04-20,1
CUST-R0115,Clear Complexion Niacinamide Serum,2026-04-20,1
CUST-R0115,Barrier Boost Moisturizer,2026-04-20,1
CUST-R0116,Radiance Gel Cleanser,2025-06-25,2
CUST-R0117,Midnight Retinol Renewal Serum,2025-07-05,1
CUST-R0117,Scalp Reset Clarifying Shampoo,2025-07-05,1
CUST-R0117,Featherlight Balancing Conditioner,2025-07-05,1
CUST-R0117,Radiance Gel Cleanser,2025-09-06,1
CUST-R0117,Midnight Retinol Renewal Serum,2025-09-06,1
CUST-R0117,Scalp Reset Clarifying Shampoo,2025-09-06,1
CUST-R0117,Radiance Gel Cleanser,2025-10-07,1
CUST-R0117,Midnight Retinol Renewal Serum,2025-10-07,1
CUST-R0117,Scalp Reset Clarifying Shampoo,2025-10-07,1
CUST-R0117,Featherlight Balancing Conditioner,2025-10-07,1
CUST-R0117,Midnight Retinol Renewal Serum,2025-10-30,1
CUST-R0117,Scalp Reset Clarifying Shampoo,2025-10-30,1
CUST-R0117,Featherlight Balancing Conditioner,2025-10-30,1
CUST-R0117,Radiance Gel Cleanser,2026-01-20,1
CUST-R0117,Midnight Retinol Renewal Serum,2026-01-20,2
CUST-R0117,Scalp Reset Clarifying Shampoo,2026-01-20,1
CUST-R0117,Midnight Retinol Renewal Serum,2026-02-18,1
CUST-R0117,Featherlight Balancing Conditioner,2026-02-18,1
CUST-R0117,Midnight Retinol Renewal Serum,2026-04-06,1
CUST-R0117,Featherlight Balancing Conditioner,2026-04-06,1
CUST-R0118,Hydra-Cleanse Micellar Water,2025-07-21,1
CUST-R0118,Glow Activator Vitamin C Serum,2025-07-21,1
CUST-R0118,Glow Activator Vitamin C Serum,2025-09-21,1
CUST-R0118,Cloud Cream Firming Moisturizer,2025-09-21,1
CUST-R0118,Hydra-Cleanse Micellar Water,2025-11-02,1
CUST-R0118,Glow Activator Vitamin C Serum,2026-01-17,1
CUST-R0118,Cloud Cream Firming Moisturizer,2026-01-17,1
CUST-R0118,Hydra-Cleanse Micellar Water,2026-04-21,1
CUST-R0118,Glow Activator Vitamin C Serum,2026-04-21,1
CUST-R0118,Cloud Cream Firming Moisturizer,2026-04-21,2
CUST-R0119,Hydra-Cleanse Micellar Water,2025-07-11,1
CUST-R0119,Barrier Boost Moisturizer,2025-07-11,1
CUST-R0119,Hydra-Cleanse Micellar Water,2025-11-07,1
CUST-R0119,Clear Complexion Niacinamide Serum,2025-11-07,1
CUST-R0119,Barrier Boost Moisturizer,2025-11-07,1
CUST-R0119,Hydra-Cleanse Micellar Water,2026-04-30,1
CUST-R0119,Clear Complexion Niacinamide Serum,2026-04-30,1
CUST-R0119,Barrier Boost Moisturizer,2026-04-30,1
CUST-R0120,Velvet Foam Cleanser,2025-06-09,1
CUST-R0120,Plump & Glow Hyaluronic Serum,2025-06-09,1
CUST-R0120,Featherlight Balancing Conditioner,2025-06-09,1
CUST-R0120,Hydra-Silk Moisture Shampoo,2025-09-11,1
CUST-R0120,Featherlight Balancing Conditioner,2025-09-11,1
CUST-R0120,Velvet Foam Cleanser,2026-02-02,1
CUST-R0120,Plump & Glow Hyaluronic Serum,2026-02-02,1
CUST-R0120,Hydra-Silk Moisture Shampoo,2026-02-02,2
CUST-R0120,Velvet Foam Cleanser,2026-05-07,1
CUST-R0120,Plump & Glow Hyaluronic Serum,2026-05-07,1
CUST-R0120,Hydra-Silk Moisture Shampoo,2026-05-07,1
CUST-R0120,Featherlight Balancing Conditioner,2026-05-07,1
CUST-R0121,Bounce Back Volumizing Shampoo,2025-08-30,1
CUST-R0121,Deep Dive Hydrating Conditioner,2025-08-30,2
CUST-R0121,Deep Repair Masque,2025-08-30,1
CUST-R0121,Bounce Back Volumizing Shampoo,2025-12-01,1
CUST-R0121,Nourish & Shine Hair Oil,2026-02-19,1
CUST-R0122,Velvet Rich Night Cream,2025-05-29,2
CUST-R0122,Featherlight UV Shield SPF 50,2025-05-29,1
CUST-R0122,Peptide Lift Serum,2025-12-14,1
CUST-R0122,Velvet Rich Night Cream,2025-12-14,1
CUST-R0122,Featherlight UV Shield SPF 50,2025-12-14,1
CUST-R0122,Peptide Lift Serum,2026-05-15,1
CUST-R0122,Featherlight UV Shield SPF 50,2026-05-15,1
CUST-R0123,Radiance Gel Cleanser,2025-06-29,1
CUST-R0123,Plump & Glow Hyaluronic Serum,2025-06-29,2
CUST-R0123,Mattify & Hydrate Gel Cream,2025-06-29,1
CUST-R0123,Tinted Mineral Defense SPF 30,2025-06-29,1
CUST-R0123,Radiance Gel Cleanser,2025-10-03,1
CUST-R0123,Plump & Glow Hyaluronic Serum,2025-10-03,1
CUST-R0123,Mattify & Hydrate Gel Cream,2025-10-03,1
CUST-R0123,Petal Soft Calming Toner,2026-01-13,1
CUST-R0123,Radiance Gel Cleanser,2026-03-20,1
CUST-R0123,Mattify & Hydrate Gel Cream,2026-03-20,1
CUST-R0124,Clear Complexion Niacinamide Serum,2025-06-14,1
CUST-R0124,Velvet Rich Night Cream,2025-06-14,1
CUST-R0124,Pore Refining BHA Pads,2025-06-14,1
CUST-R0124,Radiance Gel Cleanser,2025-09-06,1
CUST-R0124,Clear Complexion Niacinamide Serum,2025-09-06,1
CUST-R0124,Velvet Rich Night Cream,2025-09-06,1
CUST-R0124,Radiance Gel Cleanser,2025-10-16,1
CUST-R0124,Clear Complexion Niacinamide Serum,2025-10-16,1
CUST-R0124,Velvet Rich Night Cream,2025-10-16,1
CUST-R0124,Pore Refining BHA Pads,2025-10-16,1
CUST-R0124,Radiance Gel Cleanser,2025-12-12,1
CUST-R0124,Clear Complexion Niacinamide Serum,2025-12-12,1
CUST-R0124,Velvet Rich Night Cream,2025-12-12,1
CUST-R0124,Midnight Retinol Renewal Serum,2025-12-12,1
CUST-R0124,Velvet Rich Night Cream,2026-02-11,1
CUST-R0124,Radiance Gel Cleanser,2026-04-15,1
CUST-R0124,Midnight Retinol Renewal Serum,2026-04-15,2
CUST-R0125,Hydra-Cleanse Micellar Water,2025-07-08,1
CUST-R0125,Midnight Retinol Renewal Serum,2025-07-08,2
CUST-R0125,Midnight Retinol Renewal Serum,2025-09-14,1
CUST-R0125,Barrier Boost Moisturizer,2025-09-14,2
CUST-R0125,Skin Silk Squalane Oil,2025-09-14,1
CUST-R0125,Midnight Retinol Renewal Serum,2025-10-04,1
CUST-R0125,Dew Drop Essence Toner,2025-10-04,1
CUST-R0125,Hydra-Cleanse Micellar Water,2025-11-27,1
CUST-R0125,Midnight Retinol Renewal Serum,2025-11-27,1
CUST-R0125,Tinted Mineral Defense SPF 30,2025-11-27,2
CUST-R0125,Calm Down Redness Relief Mist,2026-03-18,1
CUST-R0125,Midnight Retinol Renewal Serum,2026-03-27,1
CUST-R0125,Barrier Boost Moisturizer,2026-03-27,1
CUST-R0126,Hydra-Silk Moisture Shampoo,2025-06-05,1
CUST-R0126,Strength Shield Protein Conditioner,2025-06-05,2
CUST-R0126,All Day Moisture Leave-In Cream,2025-06-05,2
CUST-R0126,Hydra-Silk Moisture Shampoo,2025-09-01,1
CUST-R0126,Strength Shield Protein Conditioner,2025-09-01,1
CUST-R0126,Sleek & Define Styling Cream,2025-09-01,1
CUST-R0126,Hydra-Silk Moisture Shampoo,2026-01-19,1
CUST-R0126,Hydra-Silk Moisture Shampoo,2026-02-26,1
CUST-R0126,Strength Shield Protein Conditioner,2026-02-26,1
CUST-R0127,Plump & Glow Hyaluronic Serum,2025-06-29,1
CUST-R0127,Radiance Gel Cleanser,2025-08-16,1
CUST-R0127,Midnight Retinol Renewal Serum,2025-08-16,1
CUST-R0127,Calm Down Redness Relief Mist,2025-08-16,1
CUST-R0127,Barrier Boost Moisturizer,2025-12-01,1
CUST-R0127,Midnight Retinol Renewal Serum,2026-02-19,1
CUST-R0127,Barrier Boost Moisturizer,2026-02-19,1
CUST-R0127,Midnight Retinol Renewal Serum,2026-03-22,1
CUST-R0127,Barrier Boost Moisturizer,2026-03-22,1
CUST-R0128,Radiance Gel Cleanser,2025-07-22,1
CUST-R0128,Velvet Rich Night Cream,2025-07-22,1
CUST-R0128,Radiance Gel Cleanser,2025-08-24,1
CUST-R0128,Midnight Retinol Renewal Serum,2025-08-24,1
CUST-R0128,Velvet Rich Night Cream,2025-08-24,1
CUST-R0128,Radiance Gel Cleanser,2025-11-17,2
CUST-R0128,Velvet Rich Night Cream,2025-11-17,1
CUST-R0128,Midnight Retinol Renewal Serum,2025-12-15,1
CUST-R0128,Radiance Gel Cleanser,2026-03-08,1
CUST-R0128,Midnight Retinol Renewal Serum,2026-03-08,1
CUST-R0128,Velvet Rich Night Cream,2026-03-08,2
CUST-R0128,Radiance Gel Cleanser,2026-04-05,1
CUST-R0128,Midnight Retinol Renewal Serum,2026-04-05,1
CUST-R0129,Hydra-Cleanse Micellar Water,2025-06-14,2
CUST-R0129,Plump & Glow Hyaluronic Serum,2025-06-14,1
CUST-R0129,Cloud Cream Firming Moisturizer,2025-09-26,1
CUST-R0129,Pore Refining BHA Pads,2025-09-26,1
CUST-R0129,Hydra-Cleanse Micellar Water,2025-12-10,1
CUST-R0129,Calm Down Redness Relief Mist,2025-12-10,1
CUST-R0129,Hydra-Cleanse Micellar Water,2026-02-06,1
CUST-R0129,Hydra-Cleanse Micellar Water,2026-05-11,1
CUST-R0129,Peptide Lift Serum,2026-05-11,1
CUST-R0129,Cloud Cream Firming Moisturizer,2026-05-11,1
CUST-R0129,Calm Down Redness Relief Mist,2026-05-11,1
CUST-R0130,Glow Activator Vitamin C Serum,2026-04-02,1
CUST-R0131,Velvet Foam Cleanser,2025-06-27,1
CUST-R0131,Midnight Retinol Renewal Serum,2025-06-27,1
CUST-R0131,Mattify & Hydrate Gel Cream,2025-06-27,1
CUST-R0131,Velvet Foam Cleanser,2025-07-27,1
CUST-R0131,Midnight Retinol Renewal Serum,2025-07-27,1
CUST-R0131,Peptide Lift Serum,2025-07-27,1
CUST-R0131,Velvet Foam Cleanser,2025-10-07,1
CUST-R0131,Midnight Retinol Renewal Serum,2025-10-07,1
CUST-R0131,Velvet Foam Cleanser,2025-12-20,1
CUST-R0131,Midnight Retinol Renewal Serum,2025-12-20,1
CUST-R0131,Youth Revive Rosehip Oil,2025-12-20,1
CUST-R0131,Mattify & Hydrate Gel Cream,2026-01-14,1
CUST-R0131,Peptide Lift Serum,2026-01-14,2
CUST-R0131,Velvet Foam Cleanser,2026-03-24,1
CUST-R0131,Mattify & Hydrate Gel Cream,2026-03-24,1
CUST-R0131,Petal Soft Calming Toner,2026-03-24,1
CUST-R0131,Velvet Foam Cleanser,2026-04-09,1
CUST-R0131,Midnight Retinol Renewal Serum,2026-04-09,1
CUST-R0131,Mattify & Hydrate Gel Cream,2026-04-09,2
CUST-R0131,Glow Activator Vitamin C Serum,2026-04-09,1
CUST-R0132,Bounce Back Volumizing Shampoo,2025-09-25,2
CUST-R0132,Bounce Back Volumizing Shampoo,2026-02-21,1
CUST-R0132,Deep Repair Masque,2026-02-21,2
CUST-R0133,Hydra-Silk Moisture Shampoo,2025-07-25,1
CUST-R0133,Deep Repair Masque,2025-07-25,1
CUST-R0133,Hydra-Silk Moisture Shampoo,2025-12-29,1
CUST-R0133,Featherlight Balancing Conditioner,2025-12-29,1
CUST-R0133,Deep Repair Masque,2025-12-29,1
CUST-R0133,Hydra-Silk Moisture Shampoo,2026-03-09,1
CUST-R0133,Featherlight Balancing Conditioner,2026-03-09,1
CUST-R0133,Nourish & Shine Hair Oil,2026-03-09,1
CUST-R0134,Strength Shield Protein Conditioner,2025-06-24,1
CUST-R0134,Bounce Back Volumizing Shampoo,2025-09-28,1
CUST-R0134,Strength Shield Protein Conditioner,2025-09-28,1
CUST-R0134,Bounce Back Volumizing Shampoo,2025-12-01,1
CUST-R0134,Strength Shield Protein Conditioner,2025-12-01,2
CUST-R0134,Deep Repair Masque,2025-12-01,1
CUST-R0134,Bounce Back Volumizing Shampoo,2026-02-22,1
CUST-R0134,Strength Shield Protein Conditioner,2026-02-22,1
CUST-R0134,Curl Defining Treatment Mask,2026-02-22,2
CUST-R0134,Bounce Back Volumizing Shampoo,2026-05-03,1
CUST-R0135,Peptide Lift Serum,2025-07-03,1
CUST-R0135,Velvet Rich Night Cream,2025-07-03,1
CUST-R0135,Tinted Mineral Defense SPF 30,2025-07-03,1
CUST-R0135,Velvet Rich Night Cream,2025-09-06,1
CUST-R0135,Tinted Mineral Defense SPF 30,2025-09-06,2
CUST-R0135,Velvet Rich Night Cream,2025-11-03,1
CUST-R0135,Tinted Mineral Defense SPF 30,2025-11-03,1
CUST-R0135,Peptide Lift Serum,2025-12-03,1
CUST-R0135,Velvet Rich Night Cream,2025-12-03,1
CUST-R0135,Peptide Lift Serum,2026-03-25,1
CUST-R0135,Velvet Rich Night Cream,2026-03-25,1
CUST-R0135,Peptide Lift Serum,2026-04-26,1
CUST-R0135,Velvet Rich Night Cream,2026-04-26,1
CUST-R0135,Tinted Mineral Defense SPF 30,2026-04-26,1
CUST-R0136,Velvet Foam Cleanser,2025-08-24,1
CUST-R0136,Glow Activator Vitamin C Serum,2025-08-24,1
CUST-R0136,Velvet Rich Night Cream,2025-08-24,1
CUST-R0137,Radiance Gel Cleanser,2025-07-10,1
CUST-R0137,Scalp Reset Clarifying Shampoo,2025-07-10,1
CUST-R0137,Strength Shield Protein Conditioner,2025-07-10,1
CUST-R0137,Radiance Gel Cleanser,2025-09-29,2
CUST-R0137,Glow Activator Vitamin C Serum,2025-09-29,1
CUST-R0137,Scalp Reset Clarifying Shampoo,2025-09-29,1
CUST-R0137,Radiance Gel Cleanser,2025-12-13,1
CUST-R0137,Scalp Reset Clarifying Shampoo,2025-12-13,1
CUST-R0137,Strength Shield Protein Conditioner,2025-12-13,1
CUST-R0137,Radiance Gel Cleanser,2026-01-29,1
CUST-R0137,Scalp Reset Clarifying Shampoo,2026-01-29,1
CUST-R0137,Strength Shield Protein Conditioner,2026-01-29,1
CUST-R0137,Radiance Gel Cleanser,2026-04-17,2
CUST-R0137,Glow Activator Vitamin C Serum,2026-04-17,1
CUST-R0137,Strength Shield Protein Conditioner,2026-04-17,1
CUST-R0138,Bounce Back Volumizing Shampoo,2025-07-26,1
CUST-R0138,Deep Dive Hydrating Conditioner,2025-07-26,1
CUST-R0138,Velvet Foam Cleanser,2025-09-26,1
CUST-R0138,Midnight Retinol Renewal Serum,2025-09-26,1
CUST-R0138,Bounce Back Volumizing Shampoo,2025-09-26,2
CUST-R0138,Deep Dive Hydrating Conditioner,2025-09-26,1
CUST-R0138,Bounce Back Volumizing Shampoo,2025-10-21,1
CUST-R0138,Deep Dive Hydrating Conditioner,2025-10-21,1
CUST-R0138,Velvet Foam Cleanser,2026-01-02,1
CUST-R0138,Midnight Retinol Renewal Serum,2026-01-02,1
CUST-R0138,Deep Dive Hydrating Conditioner,2026-01-02,1
CUST-R0138,Velvet Foam Cleanser,2026-02-14,1
CUST-R0138,Deep Dive Hydrating Conditioner,2026-02-14,1
CUST-R0138,Deep Dive Hydrating Conditioner,2026-05-19,2
CUST-R0139,Hydra-Cleanse Micellar Water,2025-07-05,1
CUST-R0139,Glow Activator Vitamin C Serum,2025-07-05,1
CUST-R0139,Bounce Back Volumizing Shampoo,2025-07-05,1
CUST-R0139,Hydra-Cleanse Micellar Water,2025-09-04,1
CUST-R0139,Deep Dive Hydrating Conditioner,2025-09-04,1
CUST-R0139,Bounce Back Volumizing Shampoo,2025-11-27,1
CUST-R0139,Hydra-Cleanse Micellar Water,2026-04-12,1
CUST-R0139,Deep Dive Hydrating Conditioner,2026-04-12,1
CUST-R0140,Velvet Foam Cleanser,2025-09-15,1
CUST-R0140,Glow Activator Vitamin C Serum,2025-09-15,1
CUST-R0140,Mattify & Hydrate Gel Cream,2025-09-15,1
CUST-R0141,Velvet Foam Cleanser,2025-08-07,1
CUST-R0141,Plump & Glow Hyaluronic Serum,2025-08-07,1
CUST-R0141,Barrier Boost Moisturizer,2025-08-07,1
CUST-R0141,Plump & Glow Hyaluronic Serum,2026-02-26,1
CUST-R0141,Barrier Boost Moisturizer,2026-02-26,1
CUST-R0142,Velvet Rich Night Cream,2025-05-29,1
CUST-R0142,Midnight Retinol Renewal Serum,2025-10-23,1
CUST-R0142,Velvet Rich Night Cream,2025-10-23,1
CUST-R0142,Tinted Mineral Defense SPF 30,2025-10-23,1
CUST-R0142,Midnight Retinol Renewal Serum,2026-04-03,1
CUST-R0142,Velvet Rich Night Cream,2026-04-03,1
CUST-R0142,Tinted Mineral Defense SPF 30,2026-04-03,1
CUST-R0143,Hydra-Silk Moisture Shampoo,2025-06-17,1
CUST-R0143,Deep Dive Hydrating Conditioner,2025-06-17,1
CUST-R0143,Hydra-Silk Moisture Shampoo,2025-11-10,1
CUST-R0143,Deep Dive Hydrating Conditioner,2025-11-10,1
CUST-R0143,Frizz Control Leave-In Serum,2025-11-10,1
CUST-R0143,Hydra-Silk Moisture Shampoo,2025-12-23,1
CUST-R0143,Frizz Control Leave-In Serum,2025-12-23,1
CUST-R0143,Deep Dive Hydrating Conditioner,2026-04-21,1
CUST-R0143,Scalp Balance Serum,2026-04-21,1
CUST-R0144,Hydra-Silk Moisture Shampoo,2025-09-07,1
CUST-R0144,Featherlight Balancing Conditioner,2025-09-07,1
CUST-R0144,Growth Activator Scalp Treatment,2025-09-07,1
CUST-R0144,Hydra-Silk Moisture Shampoo,2025-12-07,1
CUST-R0144,Featherlight Balancing Conditioner,2025-12-07,1
CUST-R0144,Frizz Control Leave-In Serum,2025-12-07,1
CUST-R0145,Velvet Foam Cleanser,2025-06-28,1
CUST-R0145,Peptide Lift Serum,2025-06-28,1
CUST-R0145,Bounce Back Volumizing Shampoo,2025-06-28,1
CUST-R0145,Strength Shield Protein Conditioner,2025-06-28,1
CUST-R0145,Velvet Foam Cleanser,2025-11-13,1
CUST-R0145,Peptide Lift Serum,2025-11-13,1
CUST-R0145,Strength Shield Protein Conditioner,2025-11-13,1
CUST-R0145,Velvet Foam Cleanser,2026-02-11,1
CUST-R0145,Peptide Lift Serum,2026-02-11,1
CUST-R0145,Bounce Back Volumizing Shampoo,2026-02-11,1
CUST-R0145,Strength Shield Protein Conditioner,2026-02-11,1
CUST-R0145,Peptide Lift Serum,2026-03-30,1
CUST-R0145,Strength Shield Protein Conditioner,2026-03-30,1
CUST-R0146,Radiance Gel Cleanser,2025-06-08,1
CUST-R0146,Mattify & Hydrate Gel Cream,2025-06-08,1
CUST-R0146,Radiance Gel Cleanser,2025-11-02,1
CUST-R0146,Clear Complexion Niacinamide Serum,2025-11-02,1
CUST-R0146,Radiance Gel Cleanser,2026-04-30,1
CUST-R0146,Mattify & Hydrate Gel Cream,2026-04-30,1
CUST-R0147,Glow Activator Vitamin C Serum,2025-12-19,1
CUST-R0147,Mattify & Hydrate Gel Cream,2025-12-19,1
CUST-R0148,Hydra-Cleanse Micellar Water,2025-10-10,1
CUST-R0148,Peptide Lift Serum,2025-10-10,1
CUST-R0148,Hydra-Cleanse Micellar Water,2025-12-20,1
CUST-R0148,Peptide Lift Serum,2025-12-20,1
CUST-R0148,Cloud Cream Firming Moisturizer,2025-12-20,1
CUST-R0149,Hydra-Cleanse Micellar Water,2025-07-07,1
CUST-R0149,Glow Activator Vitamin C Serum,2025-07-07,1
CUST-R0149,Dew Drop Essence Toner,2025-07-07,1
CUST-R0149,Hydra-Cleanse Micellar Water,2025-08-05,1
CUST-R0149,Velvet Rich Night Cream,2025-08-05,1
CUST-R0149,Midnight Retinol Renewal Serum,2025-08-05,1
CUST-R0149,Glow Activator Vitamin C Serum,2025-09-10,1
CUST-R0149,Velvet Rich Night Cream,2025-09-10,1
CUST-R0149,Petal Soft Calming Toner,2025-09-10,1
CUST-R0149,Glow Activator Vitamin C Serum,2025-12-06,1
CUST-R0149,Hydra-Cleanse Micellar Water,2026-01-30,1
CUST-R0149,Midnight Retinol Renewal Serum,2026-01-30,1
CUST-R0149,Velvet Rich Night Cream,2026-02-24,1
CUST-R0149,Dew Drop Essence Toner,2026-02-24,2
CUST-R0149,Hydra-Cleanse Micellar Water,2026-04-04,1
CUST-R0149,Glow Activator Vitamin C Serum,2026-04-04,1
CUST-R0149,Calm Down Redness Relief Mist,2026-04-04,1
CUST-R0150,Midnight Retinol Renewal Serum,2025-07-27,2
CUST-R0150,Mattify & Hydrate Gel Cream,2025-07-27,1
CUST-R0150,Hydra-Cleanse Micellar Water,2026-05-24,1
CUST-R0150,Midnight Retinol Renewal Serum,2026-05-24,1
CUST-R0150,Mattify & Hydrate Gel Cream,2026-05-24,1
CUST-R0151,Bounce Back Volumizing Shampoo,2025-06-24,1
CUST-R0151,Strength Shield Protein Conditioner,2025-06-24,1
CUST-R0151,Nourish & Shine Hair Oil,2025-06-24,1
CUST-R0151,Bounce Back Volumizing Shampoo,2025-10-10,1
CUST-R0151,Strength Shield Protein Conditioner,2025-10-10,1
CUST-R0151,Bounce Back Volumizing Shampoo,2026-02-17,1
CUST-R0151,Strength Shield Protein Conditioner,2026-02-17,1
CUST-R0151,Sleek & Define Styling Cream,2026-02-17,2
CUST-R0152,Radiance Gel Cleanser,2025-07-03,1
CUST-R0152,Glow Activator Vitamin C Serum,2025-07-03,1
CUST-R0152,Mattify & Hydrate Gel Cream,2025-07-03,2
CUST-R0152,Radiance Gel Cleanser,2025-10-20,1
CUST-R0152,Radiance Gel Cleanser,2026-01-28,2
CUST-R0152,Mattify & Hydrate Gel Cream,2026-01-28,1
CUST-R0153,Cloud Cream Firming Moisturizer,2025-06-27,1
CUST-R0153,Featherlight UV Shield SPF 50,2025-06-27,1
CUST-R0153,Cloud Cream Firming Moisturizer,2026-01-01,1
CUST-R0153,Featherlight UV Shield SPF 50,2026-01-01,1
CUST-R0153,Midnight Retinol Renewal Serum,2026-03-26,1
CUST-R0153,Cloud Cream Firming Moisturizer,2026-03-26,1
CUST-R0153,Featherlight UV Shield SPF 50,2026-03-26,1
CUST-R0154,Peptide Lift Serum,2025-09-20,1
CUST-R0154,Velvet Rich Night Cream,2025-09-20,1
CUST-R0155,Hydra-Cleanse Micellar Water,2025-07-02,1
CUST-R0155,Peptide Lift Serum,2025-07-02,1
CUST-R0155,Scalp Reset Clarifying Shampoo,2025-07-02,1
CUST-R0155,Hydra-Cleanse Micellar Water,2025-10-24,1
CUST-R0155,Peptide Lift Serum,2025-10-24,1
CUST-R0155,Scalp Reset Clarifying Shampoo,2025-10-24,1
CUST-R0155,Strength Shield Protein Conditioner,2025-10-24,1
CUST-R0155,Hydra-Cleanse Micellar Water,2025-12-17,1
CUST-R0155,Peptide Lift Serum,2025-12-17,1
CUST-R0155,Hydra-Cleanse Micellar Water,2026-04-27,1
CUST-R0155,Scalp Reset Clarifying Shampoo,2026-04-27,1
CUST-R0155,Strength Shield Protein Conditioner,2026-04-27,1
CUST-R0156,Velvet Foam Cleanser,2025-10-31,1
CUST-R0156,Cloud Cream Firming Moisturizer,2025-10-31,1
CUST-R0156,Velvet Foam Cleanser,2026-03-07,1
CUST-R0156,Cloud Cream Firming Moisturizer,2026-03-07,1
CUST-R0157,Cloud Cream Firming Moisturizer,2025-06-18,1
CUST-R0157,Clear Complexion Niacinamide Serum,2025-09-14,1
CUST-R0157,Cloud Cream Firming Moisturizer,2025-09-14,1
CUST-R0157,Pore Refining BHA Pads,2025-09-14,1
CUST-R0157,Clear Complexion Niacinamide Serum,2025-10-11,1
CUST-R0157,Tinted Mineral Defense SPF 30,2025-10-11,1
CUST-R0157,Cloud Cream Firming Moisturizer,2025-12-06,1
CUST-R0157,Cloud Cream Firming Moisturizer,2026-02-14,1
CUST-R0157,Velvet Foam Cleanser,2026-04-22,1
CUST-R0157,Clear Complexion Niacinamide Serum,2026-04-22,1
CUST-R0157,Cloud Cream Firming Moisturizer,2026-04-22,1
CUST-R0157,Pore Refining BHA Pads,2026-04-22,1
CUST-R0158,Velvet Foam Cleanser,2025-06-22,1
CUST-R0158,Clear Complexion Niacinamide Serum,2025-06-22,1
CUST-R0158,Hydra-Silk Moisture Shampoo,2025-06-22,1
CUST-R0158,Deep Dive Hydrating Conditioner,2025-06-22,1
CUST-R0158,Hydra-Silk Moisture Shampoo,2025-08-12,1
CUST-R0158,Deep Dive Hydrating Conditioner,2025-08-12,1
CUST-R0158,Velvet Foam Cleanser,2025-10-23,1
CUST-R0158,Deep Dive Hydrating Conditioner,2025-10-23,1
CUST-R0158,Velvet Foam Cleanser,2025-12-17,1
CUST-R0158,Clear Complexion Niacinamide Serum,2025-12-17,1
CUST-R0158,Hydra-Silk Moisture Shampoo,2025-12-17,1
CUST-R0158,Deep Dive Hydrating Conditioner,2025-12-17,1
CUST-R0158,Velvet Foam Cleanser,2026-02-12,2
CUST-R0158,Clear Complexion Niacinamide Serum,2026-02-12,1
CUST-R0158,Hydra-Silk Moisture Shampoo,2026-02-12,1
CUST-R0158,Deep Dive Hydrating Conditioner,2026-02-12,1
CUST-R0158,Velvet Foam Cleanser,2026-03-27,1
CUST-R0158,Deep Dive Hydrating Conditioner,2026-03-27,1
CUST-R0159,Scalp Reset Clarifying Shampoo,2025-06-28,1
CUST-R0159,Strength Shield Protein Conditioner,2025-06-28,1
CUST-R0159,Strength Shield Protein Conditioner,2025-08-22,1
CUST-R0159,Sleek & Define Styling Cream,2025-08-22,1
CUST-R0159,Strength Shield Protein Conditioner,2025-12-13,2
CUST-R0159,Scalp Reset Clarifying Shampoo,2026-03-12,1
CUST-R0159,Strength Shield Protein Conditioner,2026-03-12,1
CUST-R0159,Frizz Control Leave-In Serum,2026-03-12,1
CUST-R0159,Scalp Reset Clarifying Shampoo,2026-04-30,2
CUST-R0159,Strength Shield Protein Conditioner,2026-04-30,1
CUST-R0159,Scalp Balance Serum,2026-04-30,1
CUST-R0160,Peptide Lift Serum,2025-05-27,1
CUST-R0160,Tinted Mineral Defense SPF 30,2025-05-27,2
CUST-R0160,Peptide Lift Serum,2025-08-31,1
CUST-R0160,Velvet Rich Night Cream,2025-08-31,1
CUST-R0160,Tinted Mineral Defense SPF 30,2025-08-31,1
CUST-R0160,Peptide Lift Serum,2025-12-16,1
CUST-R0160,Velvet Rich Night Cream,2025-12-16,1
CUST-R0160,Velvet Rich Night Cream,2026-05-16,1
CUST-R0160,Tinted Mineral Defense SPF 30,2026-05-16,1
CUST-R0161,Midnight Retinol Renewal Serum,2025-06-01,1
CUST-R0161,Velvet Rich Night Cream,2025-06-01,1
CUST-R0161,Midnight Retinol Renewal Serum,2025-11-21,2
CUST-R0161,Velvet Rich Night Cream,2026-02-08,1
CUST-R0161,Hydra-Cleanse Micellar Water,2026-05-15,2
CUST-R0161,Midnight Retinol Renewal Serum,2026-05-15,1
CUST-R0162,Glow Activator Vitamin C Serum,2025-07-27,1
CUST-R0162,Glow Activator Vitamin C Serum,2025-09-19,1
CUST-R0162,Bounce Back Volumizing Shampoo,2025-09-19,1
CUST-R0162,Radiance Gel Cleanser,2025-11-08,1
CUST-R0162,Glow Activator Vitamin C Serum,2025-11-08,1
CUST-R0162,Bounce Back Volumizing Shampoo,2025-11-08,1
CUST-R0162,Featherlight Balancing Conditioner,2025-11-08,1
CUST-R0162,Radiance Gel Cleanser,2025-12-12,1
CUST-R0162,Glow Activator Vitamin C Serum,2025-12-12,1
CUST-R0162,Featherlight Balancing Conditioner,2025-12-12,1
CUST-R0162,Radiance Gel Cleanser,2026-03-16,1
CUST-R0162,Glow Activator Vitamin C Serum,2026-03-16,1
CUST-R0162,Featherlight Balancing Conditioner,2026-03-16,2
CUST-R0162,Radiance Gel Cleanser,2026-05-01,1
CUST-R0163,Peptide Lift Serum,2025-06-12,1
CUST-R0163,Velvet Rich Night Cream,2025-06-12,1
CUST-R0163,Peptide Lift Serum,2025-12-21,1
CUST-R0163,Velvet Rich Night Cream,2025-12-21,1
CUST-R0163,Radiance Gel Cleanser,2026-04-13,1
CUST-R0163,Velvet Rich Night Cream,2026-04-13,1
CUST-R0164,Clear Complexion Niacinamide Serum,2025-07-06,1
CUST-R0164,Velvet Rich Night Cream,2025-07-06,1
CUST-R0164,Glow Activator Vitamin C Serum,2025-07-06,1
CUST-R0164,Radiance Gel Cleanser,2025-07-31,1
CUST-R0164,Clear Complexion Niacinamide Serum,2025-07-31,1
CUST-R0164,Peptide Lift Serum,2025-07-31,2
CUST-R0164,Blemish Banisher Spot Treatment,2025-09-10,1
CUST-R0164,Radiance Gel Cleanser,2025-10-27,1
CUST-R0164,Velvet Rich Night Cream,2025-10-27,2
CUST-R0164,Plump & Glow Hyaluronic Serum,2025-10-27,2
CUST-R0164,Velvet Rich Night Cream,2025-12-25,1
CUST-R0164,Featherlight UV Shield SPF 50,2025-12-25,1
CUST-R0164,Radiance Gel Cleanser,2026-02-16,1
CUST-R0164,Blemish Banisher Spot Treatment,2026-02-16,1
CUST-R0164,Radiance Gel Cleanser,2026-03-05,2
CUST-R0164,Velvet Rich Night Cream,2026-03-05,1
CUST-R0164,Clear Complexion Niacinamide Serum,2026-05-09,1
CUST-R0164,Featherlight UV Shield SPF 50,2026-05-09,1
CUST-R0165,Hydra-Silk Moisture Shampoo,2025-08-11,1
CUST-R0165,Growth Activator Scalp Treatment,2025-08-11,1
CUST-R0165,Hydra-Silk Moisture Shampoo,2025-10-07,1
CUST-R0165,Strength Shield Protein Conditioner,2025-10-07,1
CUST-R0165,Growth Activator Scalp Treatment,2025-10-07,1
CUST-R0165,Hydra-Silk Moisture Shampoo,2026-01-14,1
CUST-R0165,Strength Shield Protein Conditioner,2026-01-14,1
CUST-R0165,Strength Shield Protein Conditioner,2026-04-18,1
CUST-R0165,Sleek & Define Styling Cream,2026-04-18,1
CUST-R0166,Hydra-Cleanse Micellar Water,2025-06-29,1
CUST-R0166,Mattify & Hydrate Gel Cream,2025-06-29,2
CUST-R0166,Glow Activator Vitamin C Serum,2025-06-29,1
CUST-R0166,Hydra-Cleanse Micellar Water,2025-09-02,1
CUST-R0166,Peptide Lift Serum,2025-09-02,1
CUST-R0166,Mattify & Hydrate Gel Cream,2025-09-02,1
CUST-R0166,Hydra-Cleanse Micellar Water,2025-10-07,1
CUST-R0166,Mattify & Hydrate Gel Cream,2025-10-07,1
CUST-R0166,Dew Drop Essence Toner,2025-10-07,1
CUST-R0166,Hydra-Cleanse Micellar Water,2025-12-15,1
CUST-R0166,Peptide Lift Serum,2025-12-15,2
CUST-R0166,Mattify & Hydrate Gel Cream,2025-12-15,1
CUST-R0166,Pore Refining BHA Pads,2025-12-15,1
CUST-R0166,Peptide Lift Serum,2026-01-07,1
CUST-R0166,Mattify & Hydrate Gel Cream,2026-01-07,1
CUST-R0166,Plump & Glow Hyaluronic Serum,2026-01-07,1
CUST-R0166,Hydra-Cleanse Micellar Water,2026-02-11,1
CUST-R0166,Peptide Lift Serum,2026-02-11,1
CUST-R0166,Mattify & Hydrate Gel Cream,2026-02-11,1
CUST-R0166,Hydra-Cleanse Micellar Water,2026-04-14,2
CUST-R0166,Peptide Lift Serum,2026-04-14,1
CUST-R0166,Mattify & Hydrate Gel Cream,2026-04-14,1
CUST-R0166,Youth Revive Rosehip Oil,2026-04-14,1
CUST-R0167,Radiance Gel Cleanser,2025-09-19,2
CUST-R0167,Radiance Gel Cleanser,2026-04-21,1
CUST-R0167,Cloud Cream Firming Moisturizer,2026-04-21,1
CUST-R0168,Deep Dive Hydrating Conditioner,2025-06-04,1
CUST-R0168,Bounce Back Volumizing Shampoo,2025-10-06,1
CUST-R0168,Sleek & Define Styling Cream,2025-10-06,1
CUST-R0168,Bounce Back Volumizing Shampoo,2026-03-02,1
CUST-R0168,Curl Defining Treatment Mask,2026-03-02,1
CUST-R0169,Bounce Back Volumizing Shampoo,2025-08-27,1
CUST-R0169,Featherlight Balancing Conditioner,2025-08-27,1
CUST-R0169,Bounce Back Volumizing Shampoo,2025-12-11,1
CUST-R0169,Scalp Balance Serum,2025-12-11,1
CUST-R0170,Velvet Foam Cleanser,2025-06-24,2
CUST-R0170,Peptide Lift Serum,2025-06-24,1
CUST-R0170,Hydra-Silk Moisture Shampoo,2025-06-24,1
CUST-R0170,Featherlight Balancing Conditioner,2025-06-24,2
CUST-R0170,Peptide Lift Serum,2025-08-02,1
CUST-R0170,Hydra-Silk Moisture Shampoo,2025-08-02,1
CUST-R0170,Featherlight Balancing Conditioner,2025-08-02,1
CUST-R0170,Velvet Foam Cleanser,2025-11-05,1
CUST-R0170,Peptide Lift Serum,2025-11-05,1
CUST-R0170,Featherlight Balancing Conditioner,2025-11-05,1
CUST-R0170,Hydra-Silk Moisture Shampoo,2025-12-07,2
CUST-R0170,Featherlight Balancing Conditioner,2025-12-07,1
CUST-R0170,Velvet Foam Cleanser,2026-01-29,1
CUST-R0170,Peptide Lift Serum,2026-01-29,2
CUST-R0170,Featherlight Balancing Conditioner,2026-01-29,1
CUST-R0170,Velvet Foam Cleanser,2026-04-08,1
CUST-R0170,Peptide Lift Serum,2026-04-08,1
CUST-R0170,Hydra-Silk Moisture Shampoo,2026-04-08,1
CUST-R0170,Featherlight Balancing Conditioner,2026-04-08,1
CUST-R0171,Radiance Gel Cleanser,2026-02-27,1
CUST-R0171,Glow Activator Vitamin C Serum,2026-02-27,1
CUST-R0172,Color Protect Gentle Shampoo,2025-08-21,1
CUST-R0172,Featherlight Balancing Conditioner,2025-08-21,1
CUST-R0172,Nourish & Shine Hair Oil,2025-08-21,2
CUST-R0172,Color Protect Gentle Shampoo,2025-10-31,1
CUST-R0172,Featherlight Balancing Conditioner,2025-10-31,1
CUST-R0172,Color Protect Gentle Shampoo,2026-01-30,1
CUST-R0172,Featherlight Balancing Conditioner,2026-01-30,1
CUST-R0172,Color Protect Gentle Shampoo,2026-05-03,1
CUST-R0172,Featherlight Balancing Conditioner,2026-05-03,2
CUST-R0173,Peptide Lift Serum,2025-07-09,1
CUST-R0173,Radiance Gel Cleanser,2025-08-23,1
CUST-R0173,Peptide Lift Serum,2025-08-23,2
CUST-R0173,Color Protect Gentle Shampoo,2025-08-23,1
CUST-R0173,Deep Dive Hydrating Conditioner,2025-08-23,1
CUST-R0173,Deep Dive Hydrating Conditioner,2025-11-03,1
CUST-R0173,Radiance Gel Cleanser,2025-12-26,1
CUST-R0173,Radiance Gel Cleanser,2026-03-08,1
CUST-R0173,Color Protect Gentle Shampoo,2026-03-30,1
CUST-R0174,Peptide Lift Serum,2025-08-22,1
CUST-R0174,Cloud Cream Firming Moisturizer,2025-08-22,1
CUST-R0174,Tinted Mineral Defense SPF 30,2025-08-22,1
CUST-R0174,Peptide Lift Serum,2025-09-12,1
CUST-R0174,Cloud Cream Firming Moisturizer,2025-09-12,1
CUST-R0174,Tinted Mineral Defense SPF 30,2025-09-12,1
CUST-R0174,Peptide Lift Serum,2026-02-23,1
CUST-R0174,Cloud Cream Firming Moisturizer,2026-02-23,1
CUST-R0174,Tinted Mineral Defense SPF 30,2026-02-23,1
CUST-R0174,Peptide Lift Serum,2026-05-23,1
CUST-R0174,Cloud Cream Firming Moisturizer,2026-05-23,2
CUST-R0175,Bounce Back Volumizing Shampoo,2025-07-17,1
CUST-R0175,Strength Shield Protein Conditioner,2025-07-17,1
CUST-R0175,Bounce Back Volumizing Shampoo,2025-09-24,1
CUST-R0175,Strength Shield Protein Conditioner,2025-09-24,1
CUST-R0175,Sleek & Define Styling Cream,2025-09-24,1
CUST-R0175,Bounce Back Volumizing Shampoo,2026-02-16,1
CUST-R0175,Strength Shield Protein Conditioner,2026-02-16,1
CUST-R0175,Bounce Back Volumizing Shampoo,2026-03-24,1
CUST-R0175,Strength Shield Protein Conditioner,2026-03-24,1
CUST-R0176,Velvet Foam Cleanser,2025-08-02,1
CUST-R0176,Plump & Glow Hyaluronic Serum,2025-08-02,1
CUST-R0176,Pore Refining BHA Pads,2025-08-02,1
CUST-R0176,Plump & Glow Hyaluronic Serum,2025-09-08,1
CUST-R0176,Barrier Boost Moisturizer,2025-09-08,1
CUST-R0176,Tinted Mineral Defense SPF 30,2025-09-08,1
CUST-R0176,Barrier Boost Moisturizer,2026-01-06,1
CUST-R0176,Glow Activator Vitamin C Serum,2026-01-06,1
CUST-R0176,Blemish Banisher Spot Treatment,2026-05-07,1
CUST-R0177,Radiance Gel Cleanser,2025-08-02,1
CUST-R0177,Peptide Lift Serum,2025-08-02,1
CUST-R0177,Velvet Rich Night Cream,2025-11-17,1
CUST-R0177,Radiance Gel Cleanser,2026-05-21,1
CUST-R0177,Velvet Rich Night Cream,2026-05-21,1
CUST-R0178,Radiance Gel Cleanser,2025-12-23,1
CUST-R0178,Glow Activator Vitamin C Serum,2025-12-23,2
CUST-R0178,Velvet Rich Night Cream,2025-12-23,1
CUST-R0179,Midnight Retinol Renewal Serum,2025-06-21,1
CUST-R0179,Velvet Foam Cleanser,2025-08-09,1
CUST-R0179,Midnight Retinol Renewal Serum,2025-08-09,2
CUST-R0179,Deep Dive Hydrating Conditioner,2025-08-09,1
CUST-R0179,Midnight Retinol Renewal Serum,2025-10-07,1
CUST-R0179,Midnight Retinol Renewal Serum,2025-11-04,1
CUST-R0179,Velvet Foam Cleanser,2026-02-10,1
CUST-R0179,Color Protect Gentle Shampoo,2026-02-10,1
CUST-R0179,Deep Dive Hydrating Conditioner,2026-02-10,1
CUST-R0179,Velvet Foam Cleanser,2026-04-02,1
CUST-R0179,Midnight Retinol Renewal Serum,2026-04-02,1
CUST-R0179,Color Protect Gentle Shampoo,2026-04-02,1
CUST-R0179,Velvet Foam Cleanser,2026-04-05,1
CUST-R0179,Midnight Retinol Renewal Serum,2026-04-05,1
CUST-R0180,Velvet Foam Cleanser,2025-05-27,1
CUST-R0180,Deep Dive Hydrating Conditioner,2025-05-27,1
CUST-R0180,Velvet Foam Cleanser,2025-10-08,1
CUST-R0180,Peptide Lift Serum,2025-10-08,1
CUST-R0180,Velvet Foam Cleanser,2025-12-19,1
CUST-R0180,Scalp Reset Clarifying Shampoo,2025-12-19,1
CUST-R0180,Deep Dive Hydrating Conditioner,2025-12-19,1
CUST-R0180,Scalp Reset Clarifying Shampoo,2026-05-06,1
CUST-R0181,Radiance Gel Cleanser,2026-05-22,1
CUST-R0181,Barrier Boost Moisturizer,2026-05-22,1
CUST-R0182,Velvet Rich Night Cream,2025-07-07,1
CUST-R0182,Glow Activator Vitamin C Serum,2025-07-07,1
CUST-R0182,Velvet Foam Cleanser,2025-08-24,1
CUST-R0182,Midnight Retinol Renewal Serum,2025-08-24,1
CUST-R0182,Velvet Rich Night Cream,2025-08-24,1
CUST-R0182,Velvet Foam Cleanser,2025-09-25,1
CUST-R0182,Midnight Retinol Renewal Serum,2025-09-25,1
CUST-R0182,Velvet Rich Night Cream,2025-09-25,1
CUST-R0182,Midnight Retinol Renewal Serum,2025-11-12,2
CUST-R0182,Velvet Foam Cleanser,2026-01-22,1
CUST-R0182,Velvet Rich Night Cream,2026-01-22,2
CUST-R0182,Velvet Foam Cleanser,2026-02-14,1
CUST-R0182,Velvet Rich Night Cream,2026-02-14,1
CUST-R0182,Midnight Retinol Renewal Serum,2026-04-06,1
CUST-R0183,Scalp Reset Clarifying Shampoo,2025-07-15,1
CUST-R0183,Scalp Reset Clarifying Shampoo,2025-08-12,1
CUST-R0183,Scalp Reset Clarifying Shampoo,2025-12-29,1
CUST-R0183,Featherlight Balancing Conditioner,2025-12-29,1
CUST-R0183,Growth Activator Scalp Treatment,2025-12-29,2
CUST-R0183,Scalp Reset Clarifying Shampoo,2026-02-03,1
CUST-R0183,Featherlight Balancing Conditioner,2026-02-03,1
CUST-R0183,Scalp Reset Clarifying Shampoo,2026-05-09,1
CUST-R0183,Featherlight Balancing Conditioner,2026-05-09,1
CUST-R0183,Frizz Control Leave-In Serum,2026-05-09,1
CUST-R0184,Velvet Foam Cleanser,2025-06-13,2
CUST-R0184,Cloud Cream Firming Moisturizer,2025-06-13,1
CUST-R0184,Cloud Cream Firming Moisturizer,2026-05-20,1
CUST-R0185,Color Protect Gentle Shampoo,2025-07-09,1
CUST-R0185,Clear Complexion Niacinamide Serum,2025-08-19,2
CUST-R0185,Color Protect Gentle Shampoo,2025-08-19,1
CUST-R0185,Deep Dive Hydrating Conditioner,2025-08-19,1
CUST-R0185,Velvet Foam Cleanser,2025-10-01,1
CUST-R0185,Clear Complexion Niacinamide Serum,2025-10-01,2
CUST-R0185,Clear Complexion Niacinamide Serum,2025-11-26,1
CUST-R0185,Color Protect Gentle Shampoo,2025-11-26,1
CUST-R0185,Velvet Foam Cleanser,2026-02-03,1
CUST-R0185,Deep Dive Hydrating Conditioner,2026-02-03,1
CUST-R0185,Velvet Foam Cleanser,2026-02-17,2
CUST-R0185,Color Protect Gentle Shampoo,2026-02-17,2
CUST-R0185,Deep Dive Hydrating Conditioner,2026-02-17,1
CUST-R0185,Velvet Foam Cleanser,2026-05-07,2
CUST-R0185,Clear Complexion Niacinamide Serum,2026-05-07,1
CUST-R0185,Deep Dive Hydrating Conditioner,2026-05-07,2
CUST-R0186,Radiance Gel Cleanser,2025-07-11,1
CUST-R0186,Glow Activator Vitamin C Serum,2025-07-11,1
CUST-R0186,Cloud Cream Firming Moisturizer,2025-08-01,1
CUST-R0186,Glow Activator Vitamin C Serum,2025-10-26,1
CUST-R0186,Cloud Cream Firming Moisturizer,2025-10-26,1
CUST-R0186,Radiance Gel Cleanser,2025-12-22,1
CUST-R0186,Cloud Cream Firming Moisturizer,2025-12-22,1
CUST-R0186,Plump & Glow Hyaluronic Serum,2025-12-22,1
CUST-R0186,Glow Activator Vitamin C Serum,2026-03-05,1
CUST-R0186,Cloud Cream Firming Moisturizer,2026-03-05,1
CUST-R0186,Youth Revive Rosehip Oil,2026-03-05,2
CUST-R0186,Cloud Cream Firming Moisturizer,2026-05-08,1
CUST-R0187,Velvet Foam Cleanser,2025-12-17,1
CUST-R0187,Clear Complexion Niacinamide Serum,2025-12-17,2
CUST-R0187,Cloud Cream Firming Moisturizer,2025-12-17,1
CUST-R0188,Glow Activator Vitamin C Serum,2025-07-10,2
CUST-R0188,Velvet Rich Night Cream,2025-07-10,1
CUST-R0188,Velvet Rich Night Cream,2025-12-02,1
CUST-R0189,Peptide Lift Serum,2025-06-30,1
CUST-R0189,Mattify & Hydrate Gel Cream,2025-06-30,2
CUST-R0189,Tinted Mineral Defense SPF 30,2025-06-30,1
CUST-R0189,Hydra-Cleanse Micellar Water,2025-07-15,1
CUST-R0189,Mattify & Hydrate Gel Cream,2025-07-15,1
CUST-R0189,Youth Revive Rosehip Oil,2025-07-15,1
CUST-R0189,Peptide Lift Serum,2025-10-03,1
CUST-R0189,Mattify & Hydrate Gel Cream,2025-10-03,1
CUST-R0189,Mattify & Hydrate Gel Cream,2025-10-27,1
CUST-R0189,Hydra-Cleanse Micellar Water,2025-12-13,1
CUST-R0189,Mattify & Hydrate Gel Cream,2025-12-13,1
CUST-R0189,Hydra-Cleanse Micellar Water,2026-01-20,1
CUST-R0189,Calm Down Redness Relief Mist,2026-01-20,1
CUST-R0189,Hydra-Cleanse Micellar Water,2026-04-09,1
CUST-R0189,Peptide Lift Serum,2026-04-09,1
CUST-R0189,Mattify & Hydrate Gel Cream,2026-04-09,1
CUST-R0189,Hydra-Cleanse Micellar Water,2026-04-18,1
CUST-R0189,Mattify & Hydrate Gel Cream,2026-04-18,1
CUST-R0190,Radiance Gel Cleanser,2025-08-23,1
CUST-R0190,Midnight Retinol Renewal Serum,2025-08-23,1
CUST-R0190,Velvet Rich Night Cream,2025-08-23,2
CUST-R0190,Radiance Gel Cleanser,2025-11-02,1
CUST-R0190,Midnight Retinol Renewal Serum,2025-11-02,1
CUST-R0190,Velvet Rich Night Cream,2025-11-02,1
CUST-R0190,Plump & Glow Hyaluronic Serum,2025-11-02,1
CUST-R0190,Midnight Retinol Renewal Serum,2026-02-10,1
CUST-R0190,Velvet Rich Night Cream,2026-02-10,1
CUST-R0190,Midnight Retinol Renewal Serum,2026-02-25,1
CUST-R0190,Pore Refining BHA Pads,2026-02-25,1
CUST-R0191,Peptide Lift Serum,2026-02-09,1
CUST-R0192,Bounce Back Volumizing Shampoo,2025-06-03,1
CUST-R0192,Featherlight Balancing Conditioner,2025-06-03,1
CUST-R0192,Growth Activator Scalp Treatment,2025-06-03,1
CUST-R0192,Bounce Back Volumizing Shampoo,2026-01-06,1
CUST-R0192,Featherlight Balancing Conditioner,2026-01-06,1
CUST-R0192,Sleek & Define Styling Cream,2026-01-06,1
CUST-R0192,Bounce Back Volumizing Shampoo,2026-04-20,1
CUST-R0192,Featherlight Balancing Conditioner,2026-04-20,1
CUST-R0193,Strength Shield Protein Conditioner,2025-05-29,2
CUST-R0193,All Day Moisture Leave-In Cream,2025-05-29,2
CUST-R0193,Strength Shield Protein Conditioner,2025-10-19,1
CUST-R0193,Color Protect Gentle Shampoo,2026-01-27,1
CUST-R0193,Strength Shield Protein Conditioner,2026-01-27,1
CUST-R0194,Hydra-Cleanse Micellar Water,2025-06-01,1
CUST-R0194,Bounce Back Volumizing Shampoo,2025-06-01,1
CUST-R0194,Featherlight Balancing Conditioner,2025-06-01,1
CUST-R0194,Hydra-Cleanse Micellar Water,2025-09-18,1
CUST-R0194,Bounce Back Volumizing Shampoo,2025-09-18,1
CUST-R0194,Featherlight Balancing Conditioner,2025-09-18,1
CUST-R0194,Hydra-Cleanse Micellar Water,2025-11-20,1
CUST-R0194,Midnight Retinol Renewal Serum,2025-11-20,1
CUST-R0194,Bounce Back Volumizing Shampoo,2025-11-20,1
CUST-R0194,Hydra-Cleanse Micellar Water,2026-01-02,1
CUST-R0194,Midnight Retinol Renewal Serum,2026-01-02,1
CUST-R0194,Bounce Back Volumizing Shampoo,2026-01-02,1
CUST-R0194,Featherlight Balancing Conditioner,2026-01-02,1
CUST-R0194,Hydra-Cleanse Micellar Water,2026-02-10,1
CUST-R0194,Bounce Back Volumizing Shampoo,2026-02-10,1
CUST-R0194,Hydra-Cleanse Micellar Water,2026-04-24,1
CUST-R0194,Midnight Retinol Renewal Serum,2026-04-24,1
CUST-R0194,Bounce Back Volumizing Shampoo,2026-04-24,1
CUST-R0194,Featherlight Balancing Conditioner,2026-04-24,1
CUST-R0195,Velvet Foam Cleanser,2025-07-03,1
CUST-R0195,Plump & Glow Hyaluronic Serum,2025-07-03,1
CUST-R0195,Cloud Cream Firming Moisturizer,2025-07-03,1
CUST-R0195,Cloud Cream Firming Moisturizer,2025-07-28,1
CUST-R0195,Velvet Foam Cleanser,2025-09-12,1
CUST-R0195,Plump & Glow Hyaluronic Serum,2025-09-12,1
CUST-R0195,Cloud Cream Firming Moisturizer,2025-09-12,2
CUST-R0195,Youth Revive Rosehip Oil,2025-09-12,1
CUST-R0195,Velvet Foam Cleanser,2025-11-04,2
CUST-R0195,Velvet Foam Cleanser,2025-12-29,1
CUST-R0195,Cloud Cream Firming Moisturizer,2025-12-29,1
CUST-R0195,Skin Silk Squalane Oil,2025-12-29,1
CUST-R0195,Cloud Cream Firming Moisturizer,2026-02-14,1
CUST-R0195,Velvet Foam Cleanser,2026-03-10,1
CUST-R0195,Cloud Cream Firming Moisturizer,2026-03-10,2
CUST-R0195,Featherlight UV Shield SPF 50,2026-03-10,1
CUST-R0195,Velvet Foam Cleanser,2026-05-07,1
CUST-R0195,Skin Silk Squalane Oil,2026-05-07,1
CUST-R0196,Radiance Gel Cleanser,2025-07-07,1
CUST-R0196,Hydra-Silk Moisture Shampoo,2025-07-07,2
CUST-R0196,Midnight Retinol Renewal Serum,2025-10-22,1
CUST-R0196,Hydra-Silk Moisture Shampoo,2025-10-22,1
CUST-R0196,Strength Shield Protein Conditioner,2025-10-22,1
CUST-R0196,Radiance Gel Cleanser,2025-12-26,1
CUST-R0196,Hydra-Silk Moisture Shampoo,2025-12-26,1
CUST-R0196,Radiance Gel Cleanser,2026-03-28,1
CUST-R0196,Midnight Retinol Renewal Serum,2026-03-28,1
CUST-R0196,Hydra-Silk Moisture Shampoo,2026-03-28,2
CUST-R0196,Strength Shield Protein Conditioner,2026-03-28,1
CUST-R0197,Midnight Retinol Renewal Serum,2025-06-26,1
CUST-R0197,Cloud Cream Firming Moisturizer,2025-06-26,1
CUST-R0197,Plump & Glow Hyaluronic Serum,2025-06-26,1
CUST-R0197,Hydra-Cleanse Micellar Water,2025-08-03,1
CUST-R0197,Cloud Cream Firming Moisturizer,2025-08-03,2
CUST-R0197,Hydra-Cleanse Micellar Water,2025-10-25,1
CUST-R0197,Hydra-Cleanse Micellar Water,2025-12-06,1
CUST-R0197,Midnight Retinol Renewal Serum,2025-12-06,1
CUST-R0197,Cloud Cream Firming Moisturizer,2025-12-06,1
CUST-R0197,Calm Down Redness Relief Mist,2025-12-06,1
CUST-R0197,Hydra-Cleanse Micellar Water,2026-01-29,1
CUST-R0197,Midnight Retinol Renewal Serum,2026-01-29,2
CUST-R0197,Cloud Cream Firming Moisturizer,2026-01-29,1
CUST-R0197,Midnight Retinol Renewal Serum,2026-04-06,1
CUST-R0198,Hydra-Cleanse Micellar Water,2025-06-01,1
CUST-R0198,Cloud Cream Firming Moisturizer,2025-06-01,1
CUST-R0198,Peptide Lift Serum,2025-06-01,1
CUST-R0198,Hydra-Cleanse Micellar Water,2025-08-02,1
CUST-R0198,Cloud Cream Firming Moisturizer,2025-08-02,1
CUST-R0198,Glow Activator Vitamin C Serum,2025-08-02,1
CUST-R0198,Midnight Retinol Renewal Serum,2025-10-11,1
CUST-R0198,Cloud Cream Firming Moisturizer,2025-10-11,1
CUST-R0198,Hydra-Cleanse Micellar Water,2025-12-08,1
CUST-R0198,Dew Drop Essence Toner,2025-12-08,1
CUST-R0198,Hydra-Cleanse Micellar Water,2026-02-07,1
CUST-R0198,Cloud Cream Firming Moisturizer,2026-02-07,1
CUST-R0198,Calm Down Redness Relief Mist,2026-02-07,1
CUST-R0198,Hydra-Cleanse Micellar Water,2026-03-21,1
CUST-R0198,Cloud Cream Firming Moisturizer,2026-03-21,1
CUST-R0198,Clear Complexion Niacinamide Serum,2026-03-21,1
CUST-R0198,Hydra-Cleanse Micellar Water,2026-05-03,1
CUST-R0198,Cloud Cream Firming Moisturizer,2026-05-03,2
CUST-R0199,Midnight Retinol Renewal Serum,2025-06-29,1
CUST-R0199,Cloud Cream Firming Moisturizer,2025-06-29,1
CUST-R0199,Midnight Retinol Renewal Serum,2025-10-02,2
CUST-R0199,Cloud Cream Firming Moisturizer,2025-11-01,2
CUST-R0199,Featherlight UV Shield SPF 50,2025-11-01,1
CUST-R0199,Midnight Retinol Renewal Serum,2026-02-15,1
CUST-R0199,Cloud Cream Firming Moisturizer,2026-02-15,1
CUST-R0199,Featherlight UV Shield SPF 50,2026-02-15,1
CUST-R0199,Midnight Retinol Renewal Serum,2026-05-22,1
CUST-R0199,Cloud Cream Firming Moisturizer,2026-05-22,1
CUST-R0199,Featherlight UV Shield SPF 50,2026-05-22,1
CUST-R0200,Hydra-Silk Moisture Shampoo,2025-08-02,1
CUST-R0200,Featherlight Balancing Conditioner,2025-08-02,1
CUST-R0200,Nourish & Shine Hair Oil,2025-08-02,1
CUST-R0200,Hydra-Silk Moisture Shampoo,2025-09-23,1
CUST-R0200,Hydra-Silk Moisture Shampoo,2026-01-10,1
CUST-R0200,Featherlight Balancing Conditioner,2026-01-10,1
CUST-R0200,Deep Repair Masque,2026-01-10,1
CUST-R0200,Hydra-Silk Moisture Shampoo,2026-03-02,1
CUST-R0200,Featherlight Balancing Conditioner,2026-03-02,1
CUST-R0200,Growth Activator Scalp Treatment,2026-03-02,1
CUST-R0201,Velvet Foam Cleanser,2025-07-08,1
CUST-R0201,Glow Activator Vitamin C Serum,2025-07-08,1
CUST-R0201,Pore Refining BHA Pads,2025-07-08,1
CUST-R0201,Mattify & Hydrate Gel Cream,2025-08-25,1
CUST-R0201,Texture Eraser AHA Exfoliant,2025-08-25,1
CUST-R0201,Velvet Foam Cleanser,2025-09-12,1
CUST-R0201,Youth Revive Rosehip Oil,2025-09-12,1
CUST-R0201,Mattify & Hydrate Gel Cream,2025-12-15,1
CUST-R0201,Skin Silk Squalane Oil,2025-12-15,1
CUST-R0201,Velvet Foam Cleanser,2026-02-06,2
CUST-R0201,Blemish Banisher Spot Treatment,2026-02-06,1
CUST-R0201,Glow Activator Vitamin C Serum,2026-03-18,1
CUST-R0201,Mattify & Hydrate Gel Cream,2026-03-18,1
CUST-R0201,Mattify & Hydrate Gel Cream,2026-04-21,1
CUST-R0201,Tinted Mineral Defense SPF 30,2026-04-21,1
CUST-R0202,Velvet Rich Night Cream,2025-06-04,1
CUST-R0202,Clear Complexion Niacinamide Serum,2025-08-19,1
CUST-R0202,Velvet Rich Night Cream,2025-08-19,1
CUST-R0202,Radiance Gel Cleanser,2025-09-23,1
CUST-R0202,Velvet Rich Night Cream,2025-09-23,1
CUST-R0202,Radiance Gel Cleanser,2025-10-30,2
CUST-R0202,Velvet Rich Night Cream,2025-10-30,1
CUST-R0202,Calm Down Redness Relief Mist,2025-10-30,1
CUST-R0202,Radiance Gel Cleanser,2025-12-24,1
CUST-R0202,Clear Complexion Niacinamide Serum,2025-12-24,1
CUST-R0202,Velvet Rich Night Cream,2025-12-24,1
CUST-R0202,Clear Complexion Niacinamide Serum,2026-02-08,2
CUST-R0202,Pore Refining BHA Pads,2026-02-08,1
CUST-R0202,Radiance Gel Cleanser,2026-03-30,1
CUST-R0202,Clear Complexion Niacinamide Serum,2026-03-30,1
CUST-R0202,Pore Refining BHA Pads,2026-03-30,1
CUST-R0202,Blemish Banisher Spot Treatment,2026-05-23,1
CUST-R0203,Velvet Rich Night Cream,2025-06-24,2
CUST-R0203,Midnight Retinol Renewal Serum,2025-06-24,1
CUST-R0203,Plump & Glow Hyaluronic Serum,2025-08-13,1
CUST-R0203,Petal Soft Calming Toner,2025-08-13,1
CUST-R0203,Youth Revive Rosehip Oil,2025-09-04,1
CUST-R0203,Radiance Gel Cleanser,2025-10-27,1
CUST-R0203,Plump & Glow Hyaluronic Serum,2025-10-27,2
CUST-R0203,Midnight Retinol Renewal Serum,2025-10-27,1
CUST-R0203,Radiance Gel Cleanser,2025-12-26,1
CUST-R0203,Plump & Glow Hyaluronic Serum,2025-12-26,1
CUST-R0203,Velvet Rich Night Cream,2025-12-26,1
CUST-R0203,Petal Soft Calming Toner,2025-12-26,1
CUST-R0203,Radiance Gel Cleanser,2026-02-19,1
CUST-R0203,Velvet Rich Night Cream,2026-02-19,1
CUST-R0203,Velvet Rich Night Cream,2026-03-05,1
CUST-R0203,Midnight Retinol Renewal Serum,2026-03-05,1
CUST-R0203,Radiance Gel Cleanser,2026-04-25,1
CUST-R0203,Velvet Rich Night Cream,2026-04-25,1
CUST-R0204,Bounce Back Volumizing Shampoo,2025-07-03,1
CUST-R0204,Featherlight Balancing Conditioner,2025-07-03,2
CUST-R0204,Bounce Back Volumizing Shampoo,2026-03-26,1
CUST-R0204,Growth Activator Scalp Treatment,2026-03-26,1
CUST-R0205,Hydra-Cleanse Micellar Water,2025-06-20,2
CUST-R0205,Featherlight Balancing Conditioner,2025-06-20,2
CUST-R0205,Hydra-Silk Moisture Shampoo,2025-10-24,1
CUST-R0205,Hydra-Silk Moisture Shampoo,2026-02-14,1
CUST-R0205,Peptide Lift Serum,2026-03-15,1
CUST-R0205,Hydra-Silk Moisture Shampoo,2026-03-15,1
CUST-R0205,Featherlight Balancing Conditioner,2026-03-15,1
CUST-R0206,Hydra-Cleanse Micellar Water,2025-07-11,1
CUST-R0206,Barrier Boost Moisturizer,2025-07-11,1
CUST-R0206,Calm Down Redness Relief Mist,2025-07-11,1
CUST-R0206,Hydra-Cleanse Micellar Water,2025-07-25,1
CUST-R0206,Plump & Glow Hyaluronic Serum,2025-07-25,1
CUST-R0206,Hydra-Cleanse Micellar Water,2025-10-11,1
CUST-R0206,Barrier Boost Moisturizer,2025-10-11,1
CUST-R0206,Hydra-Cleanse Micellar Water,2025-12-12,1
CUST-R0206,Plump & Glow Hyaluronic Serum,2025-12-12,1
CUST-R0206,Barrier Boost Moisturizer,2025-12-12,1
CUST-R0206,Pore Refining BHA Pads,2025-12-12,2
CUST-R0206,Plump & Glow Hyaluronic Serum,2026-01-20,1
CUST-R0206,Texture Eraser AHA Exfoliant,2026-01-20,1
CUST-R0206,Plump & Glow Hyaluronic Serum,2026-02-12,1
CUST-R0206,Midnight Retinol Renewal Serum,2026-02-12,1
CUST-R0206,Hydra-Cleanse Micellar Water,2026-04-19,1
CUST-R0206,Plump & Glow Hyaluronic Serum,2026-04-19,1
CUST-R0206,Barrier Boost Moisturizer,2026-04-19,1
CUST-R0207,Color Protect Gentle Shampoo,2025-06-01,1
CUST-R0207,Color Protect Gentle Shampoo,2025-09-18,1
CUST-R0207,Featherlight Balancing Conditioner,2025-09-18,1
CUST-R0207,Color Protect Gentle Shampoo,2026-02-23,2
CUST-R0207,Color Protect Gentle Shampoo,2026-04-07,1
CUST-R0207,Featherlight Balancing Conditioner,2026-04-07,1
CUST-R0208,Radiance Gel Cleanser,2025-10-17,1
CUST-R0208,Radiance Gel Cleanser,2026-02-13,1
CUST-R0208,Glow Activator Vitamin C Serum,2026-02-13,1
CUST-R0208,Mattify & Hydrate Gel Cream,2026-02-13,1
CUST-R0209,Radiance Gel Cleanser,2025-06-07,1
CUST-R0209,Clear Complexion Niacinamide Serum,2025-06-07,1
CUST-R0209,Hydra-Silk Moisture Shampoo,2025-06-07,1
CUST-R0209,Strength Shield Protein Conditioner,2025-06-07,1
CUST-R0209,Radiance Gel Cleanser,2025-09-07,1
CUST-R0209,Clear Complexion Niacinamide Serum,2025-09-07,1
CUST-R0209,Strength Shield Protein Conditioner,2025-09-07,1
CUST-R0209,Clear Complexion Niacinamide Serum,2025-10-05,1
CUST-R0209,Strength Shield Protein Conditioner,2025-10-05,1
CUST-R0209,Radiance Gel Cleanser,2025-12-05,1
CUST-R0209,Clear Complexion Niacinamide Serum,2025-12-05,1
CUST-R0209,Hydra-Silk Moisture Shampoo,2025-12-05,1
CUST-R0209,Radiance Gel Cleanser,2026-02-25,1
CUST-R0209,Clear Complexion Niacinamide Serum,2026-02-25,1
CUST-R0209,Hydra-Silk Moisture Shampoo,2026-02-25,1
CUST-R0209,Strength Shield Protein Conditioner,2026-02-25,1
CUST-R0209,Radiance Gel Cleanser,2026-04-05,1
CUST-R0209,Clear Complexion Niacinamide Serum,2026-04-05,1
CUST-R0209,Hydra-Silk Moisture Shampoo,2026-04-05,1
CUST-R0210,Barrier Boost Moisturizer,2025-07-18,1
CUST-R0211,Clear Complexion Niacinamide Serum,2025-06-04,1
CUST-R0211,Velvet Rich Night Cream,2025-06-04,1
CUST-R0211,Clear Complexion Niacinamide Serum,2025-10-17,1
CUST-R0211,Velvet Rich Night Cream,2026-01-08,1
CUST-R0211,Velvet Foam Cleanser,2026-04-26,1
CUST-R0211,Velvet Rich Night Cream,2026-04-26,1
CUST-R0211,Pore Refining BHA Pads,2026-04-26,1
CUST-R0212,Hydra-Cleanse Micellar Water,2025-07-22,1
CUST-R0212,Plump & Glow Hyaluronic Serum,2025-07-22,1
CUST-R0212,Hydra-Cleanse Micellar Water,2025-11-09,2
CUST-R0212,Plump & Glow Hyaluronic Serum,2025-11-09,1
CUST-R0212,Velvet Rich Night Cream,2025-11-09,1
CUST-R0212,Texture Eraser AHA Exfoliant,2025-11-09,1
CUST-R0212,Plump & Glow Hyaluronic Serum,2025-12-23,1
CUST-R0212,Peptide Lift Serum,2025-12-23,1
CUST-R0212,Plump & Glow Hyaluronic Serum,2026-04-02,1
CUST-R0212,Velvet Rich Night Cream,2026-04-02,1
CUST-R0212,Calm Down Redness Relief Mist,2026-04-02,2
CUST-R0213,Bounce Back Volumizing Shampoo,2025-06-15,1
CUST-R0213,Deep Repair Masque,2025-06-15,2
CUST-R0213,Strength Shield Protein Conditioner,2025-10-13,1
CUST-R0213,Strength Shield Protein Conditioner,2025-12-02,1
CUST-R0213,Strength Shield Protein Conditioner,2026-02-15,1
CUST-R0213,Scalp Balance Serum,2026-02-15,2
CUST-R0213,Bounce Back Volumizing Shampoo,2026-03-20,1
CUST-R0213,Strength Shield Protein Conditioner,2026-03-20,1
CUST-R0213,Frizz Control Leave-In Serum,2026-03-20,1
CUST-R0214,Color Protect Gentle Shampoo,2025-07-01,1
CUST-R0214,Nourish & Shine Hair Oil,2025-07-01,1
CUST-R0214,Color Protect Gentle Shampoo,2025-09-06,1
CUST-R0214,Featherlight Balancing Conditioner,2025-09-06,1
CUST-R0214,Nourish & Shine Hair Oil,2025-09-06,1
CUST-R0214,Color Protect Gentle Shampoo,2025-11-16,1
CUST-R0214,Featherlight Balancing Conditioner,2025-11-16,2
CUST-R0214,Color Protect Gentle Shampoo,2026-02-23,1
CUST-R0214,Featherlight Balancing Conditioner,2026-02-23,1
CUST-R0214,Color Protect Gentle Shampoo,2026-04-15,1
CUST-R0214,Featherlight Balancing Conditioner,2026-04-15,1
CUST-R0215,Hydra-Cleanse Micellar Water,2025-12-03,1
CUST-R0215,Cloud Cream Firming Moisturizer,2025-12-03,1
CUST-R0216,Radiance Gel Cleanser,2025-07-22,1
CUST-R0216,Clear Complexion Niacinamide Serum,2025-07-22,1
CUST-R0217,Clear Complexion Niacinamide Serum,2025-06-09,1
CUST-R0217,Bounce Back Volumizing Shampoo,2025-06-09,1
CUST-R0217,Velvet Foam Cleanser,2025-09-13,1
CUST-R0217,Bounce Back Volumizing Shampoo,2025-09-13,1
CUST-R0217,Featherlight Balancing Conditioner,2025-09-13,1
CUST-R0217,Clear Complexion Niacinamide Serum,2025-10-25,1
CUST-R0217,Featherlight Balancing Conditioner,2025-10-25,1
CUST-R0217,Bounce Back Volumizing Shampoo,2026-01-10,1
CUST-R0217,Bounce Back Volumizing Shampoo,2026-02-11,1
CUST-R0217,Clear Complexion Niacinamide Serum,2026-04-17,1
CUST-R0217,Bounce Back Volumizing Shampoo,2026-04-17,1
CUST-R0217,Featherlight Balancing Conditioner,2026-04-17,1
CUST-R0218,Radiance Gel Cleanser,2025-06-10,1
CUST-R0218,Plump & Glow Hyaluronic Serum,2025-06-10,1
CUST-R0218,Radiance Gel Cleanser,2025-11-02,1
CUST-R0218,Plump & Glow Hyaluronic Serum,2025-11-02,1
CUST-R0218,Cloud Cream Firming Moisturizer,2025-11-02,1
CUST-R0218,Cloud Cream Firming Moisturizer,2026-04-11,2
CUST-R0219,Radiance Gel Cleanser,2025-06-22,1
CUST-R0219,Mattify & Hydrate Gel Cream,2025-06-22,1
CUST-R0219,Dew Drop Essence Toner,2025-06-22,1
CUST-R0219,Radiance Gel Cleanser,2025-08-01,1
CUST-R0219,Plump & Glow Hyaluronic Serum,2025-08-01,1
CUST-R0219,Radiance Gel Cleanser,2025-10-05,1
CUST-R0219,Plump & Glow Hyaluronic Serum,2025-10-05,1
CUST-R0219,Mattify & Hydrate Gel Cream,2025-10-05,1
CUST-R0219,Texture Eraser AHA Exfoliant,2025-10-05,1
CUST-R0219,Radiance Gel Cleanser,2025-10-29,1
CUST-R0219,Plump & Glow Hyaluronic Serum,2025-12-07,2
CUST-R0219,Mattify & Hydrate Gel Cream,2025-12-07,1
CUST-R0219,Pore Refining BHA Pads,2025-12-07,1
CUST-R0219,Radiance Gel Cleanser,2026-01-21,1
CUST-R0219,Plump & Glow Hyaluronic Serum,2026-01-21,1
CUST-R0219,Mattify & Hydrate Gel Cream,2026-01-21,1
CUST-R0219,Blemish Banisher Spot Treatment,2026-01-21,1
CUST-R0219,Midnight Retinol Renewal Serum,2026-04-09,2
CUST-R0219,Radiance Gel Cleanser,2026-05-20,2
CUST-R0219,Texture Eraser AHA Exfoliant,2026-05-20,1
CUST-R0220,Hydra-Cleanse Micellar Water,2025-07-01,1
CUST-R0220,Mattify & Hydrate Gel Cream,2025-07-01,1
CUST-R0220,Mattify & Hydrate Gel Cream,2025-08-18,1
CUST-R0220,Hydra-Cleanse Micellar Water,2025-09-20,1
CUST-R0220,Mattify & Hydrate Gel Cream,2025-09-20,1
CUST-R0220,Mattify & Hydrate Gel Cream,2025-10-29,1
CUST-R0220,Hydra-Cleanse Micellar Water,2026-01-01,1
CUST-R0220,Midnight Retinol Renewal Serum,2026-01-01,1
CUST-R0220,Mattify & Hydrate Gel Cream,2026-01-01,1
CUST-R0220,Hydra-Cleanse Micellar Water,2026-01-24,1
CUST-R0220,Mattify & Hydrate Gel Cream,2026-01-24,2
CUST-R0220,Hydra-Cleanse Micellar Water,2026-03-19,1
CUST-R0220,Midnight Retinol Renewal Serum,2026-03-19,1
CUST-R0220,Midnight Retinol Renewal Serum,2026-04-24,1
CUST-R0220,Mattify & Hydrate Gel Cream,2026-04-24,1
CUST-R0220,Pore Refining BHA Pads,2026-04-24,1
CUST-R0221,Peptide Lift Serum,2025-08-17,1
CUST-R0221,Cloud Cream Firming Moisturizer,2025-08-17,1
CUST-R0221,Tinted Mineral Defense SPF 30,2025-08-17,1
CUST-R0221,Cloud Cream Firming Moisturizer,2025-10-31,1
CUST-R0221,Peptide Lift Serum,2026-01-09,1
CUST-R0221,Cloud Cream Firming Moisturizer,2026-01-09,1
CUST-R0221,Tinted Mineral Defense SPF 30,2026-01-09,1
CUST-R0221,Peptide Lift Serum,2026-04-10,1
CUST-R0221,Tinted Mineral Defense SPF 30,2026-04-10,1
CUST-R0222,Velvet Foam Cleanser,2025-06-16,1
CUST-R0222,Peptide Lift Serum,2025-06-16,1
CUST-R0222,Velvet Foam Cleanser,2025-07-20,1
CUST-R0222,Peptide Lift Serum,2025-07-20,1
CUST-R0222,Velvet Rich Night Cream,2025-07-20,2
CUST-R0222,Youth Revive Rosehip Oil,2025-07-20,1
CUST-R0222,Peptide Lift Serum,2025-09-08,1
CUST-R0222,Velvet Rich Night Cream,2025-09-08,1
CUST-R0222,Velvet Foam Cleanser,2025-10-23,1
CUST-R0222,Velvet Rich Night Cream,2025-10-23,1
CUST-R0222,Glow Activator Vitamin C Serum,2025-10-23,1
CUST-R0222,Velvet Foam Cleanser,2025-12-08,1
CUST-R0222,Peptide Lift Serum,2025-12-08,1
CUST-R0222,Peptide Lift Serum,2026-02-17,1
CUST-R0222,Velvet Rich Night Cream,2026-02-17,1
CUST-R0222,Petal Soft Calming Toner,2026-02-17,1
CUST-R0222,Velvet Rich Night Cream,2026-03-29,1
CUST-R0222,Tinted Mineral Defense SPF 30,2026-03-29,1
CUST-R0222,Peptide Lift Serum,2026-04-21,1
CUST-R0222,Velvet Rich Night Cream,2026-04-21,1
CUST-R0222,Midnight Retinol Renewal Serum,2026-04-21,1
CUST-R0223,Scalp Reset Clarifying Shampoo,2025-08-09,1
CUST-R0223,Strength Shield Protein Conditioner,2025-08-09,1
CUST-R0223,Sleek & Define Styling Cream,2025-08-09,1
CUST-R0223,Scalp Reset Clarifying Shampoo,2025-10-27,1
CUST-R0223,Strength Shield Protein Conditioner,2025-10-27,1
CUST-R0223,All Day Moisture Leave-In Cream,2025-10-27,1
CUST-R0223,Scalp Reset Clarifying Shampoo,2026-01-24,1
CUST-R0223,Growth Activator Scalp Treatment,2026-01-24,1
CUST-R0223,Scalp Reset Clarifying Shampoo,2026-02-24,1
CUST-R0223,Strength Shield Protein Conditioner,2026-02-24,1
CUST-R0224,Mattify & Hydrate Gel Cream,2025-06-23,1
CUST-R0224,Velvet Foam Cleanser,2025-09-15,1
CUST-R0224,Glow Activator Vitamin C Serum,2025-09-15,1
CUST-R0224,Mattify & Hydrate Gel Cream,2025-09-15,1
CUST-R0224,Dew Drop Essence Toner,2025-09-15,1
CUST-R0224,Mattify & Hydrate Gel Cream,2025-10-21,1
CUST-R0224,Velvet Foam Cleanser,2025-12-08,2
CUST-R0224,Glow Activator Vitamin C Serum,2025-12-08,1
CUST-R0224,Mattify & Hydrate Gel Cream,2025-12-08,1
CUST-R0224,Velvet Foam Cleanser,2026-02-18,1
CUST-R0224,Mattify & Hydrate Gel Cream,2026-02-18,2
CUST-R0224,Velvet Foam Cleanser,2026-04-07,2
CUST-R0224,Mattify & Hydrate Gel Cream,2026-04-07,1
CUST-R0225,Radiance Gel Cleanser,2025-06-24,1
CUST-R0225,Texture Eraser AHA Exfoliant,2025-06-24,1
CUST-R0225,Midnight Retinol Renewal Serum,2025-08-21,1
CUST-R0225,Skin Silk Squalane Oil,2025-08-21,1
CUST-R0225,Midnight Retinol Renewal Serum,2025-09-08,1
CUST-R0225,Velvet Rich Night Cream,2025-09-08,1
CUST-R0225,Midnight Retinol Renewal Serum,2025-11-29,1
CUST-R0225,Midnight Retinol Renewal Serum,2026-01-28,1
CUST-R0225,Peptide Lift Serum,2026-01-28,1
CUST-R0225,Velvet Rich Night Cream,2026-03-18,1
CUST-R0225,Midnight Retinol Renewal Serum,2026-04-09,1
CUST-R0225,Youth Revive Rosehip Oil,2026-04-09,1
CUST-R0226,Featherlight UV Shield SPF 50,2025-07-09,1
CUST-R0226,Radiance Gel Cleanser,2025-07-30,1
CUST-R0226,Peptide Lift Serum,2025-07-30,1
CUST-R0226,Mattify & Hydrate Gel Cream,2025-07-30,1
CUST-R0226,Peptide Lift Serum,2025-09-21,1
CUST-R0226,Mattify & Hydrate Gel Cream,2025-09-21,1
CUST-R0226,Mattify & Hydrate Gel Cream,2025-10-28,2
CUST-R0226,Peptide Lift Serum,2025-10-28,1
CUST-R0226,Peptide Lift Serum,2025-12-11,2
CUST-R0226,Mattify & Hydrate Gel Cream,2025-12-11,1
CUST-R0226,Radiance Gel Cleanser,2026-01-25,1
CUST-R0226,Peptide Lift Serum,2026-03-26,1
CUST-R0226,Mattify & Hydrate Gel Cream,2026-03-26,1
CUST-R0226,Radiance Gel Cleanser,2026-05-03,1
CUST-R0226,Peptide Lift Serum,2026-05-03,1
CUST-R0226,Mattify & Hydrate Gel Cream,2026-05-03,1
CUST-R0226,Calm Down Redness Relief Mist,2026-05-03,1
CUST-R0227,Hydra-Cleanse Micellar Water,2025-06-28,1
CUST-R0227,Glow Activator Vitamin C Serum,2025-06-28,1
CUST-R0227,Hydra-Cleanse Micellar Water,2025-08-03,1
CUST-R0227,Glow Activator Vitamin C Serum,2025-08-03,1
CUST-R0227,Velvet Rich Night Cream,2025-08-03,1
CUST-R0227,Hydra-Cleanse Micellar Water,2025-09-14,1
CUST-R0227,Glow Activator Vitamin C Serum,2025-09-14,1
CUST-R0227,Hydra-Cleanse Micellar Water,2025-11-01,1
CUST-R0227,Glow Activator Vitamin C Serum,2025-11-01,1
CUST-R0227,Velvet Rich Night Cream,2025-11-01,1
CUST-R0227,Pore Refining BHA Pads,2025-11-01,1
CUST-R0227,Hydra-Cleanse Micellar Water,2026-01-15,1
CUST-R0227,Glow Activator Vitamin C Serum,2026-01-15,1
CUST-R0227,Velvet Rich Night Cream,2026-01-15,1
CUST-R0227,Midnight Retinol Renewal Serum,2026-01-15,1
CUST-R0227,Hydra-Cleanse Micellar Water,2026-03-25,1
CUST-R0227,Youth Revive Rosehip Oil,2026-03-25,1
CUST-R0227,Hydra-Cleanse Micellar Water,2026-05-09,1
CUST-R0227,Glow Activator Vitamin C Serum,2026-05-09,1
CUST-R0227,Velvet Rich Night Cream,2026-05-09,1
CUST-R0228,Hydra-Cleanse Micellar Water,2025-06-02,1
CUST-R0228,Clear Complexion Niacinamide Serum,2025-06-02,1
CUST-R0228,Clear Complexion Niacinamide Serum,2026-03-13,1
CUST-R0228,Mattify & Hydrate Gel Cream,2026-03-13,1
CUST-R0229,Radiance Gel Cleanser,2025-06-06,1
CUST-R0229,Clear Complexion Niacinamide Serum,2025-06-06,2
CUST-R0229,Mattify & Hydrate Gel Cream,2025-06-06,1
CUST-R0229,Clear Complexion Niacinamide Serum,2025-08-06,1
CUST-R0229,Radiance Gel Cleanser,2025-10-01,1
CUST-R0229,Clear Complexion Niacinamide Serum,2025-10-01,1
CUST-R0229,Blemish Banisher Spot Treatment,2025-10-01,1
CUST-R0229,Radiance Gel Cleanser,2025-10-13,1
CUST-R0229,Clear Complexion Niacinamide Serum,2025-10-13,1
CUST-R0229,Mattify & Hydrate Gel Cream,2025-10-13,1
CUST-R0229,Radiance Gel Cleanser,2025-12-07,1
CUST-R0229,Clear Complexion Niacinamide Serum,2025-12-07,1
CUST-R0229,Clear Complexion Niacinamide Serum,2026-02-01,1
CUST-R0229,Calm Down Redness Relief Mist,2026-02-01,1
CUST-R0229,Clear Complexion Niacinamide Serum,2026-03-02,1
CUST-R0229,Clear Complexion Niacinamide Serum,2026-05-25,2
CUST-R0229,Mattify & Hydrate Gel Cream,2026-05-25,2
CUST-R0229,Dew Drop Essence Toner,2026-05-25,1
CUST-R0230,Peptide Lift Serum,2025-10-16,1
CUST-R0230,Mattify & Hydrate Gel Cream,2025-10-16,1
CUST-R0231,Scalp Reset Clarifying Shampoo,2025-06-10,1
CUST-R0231,Scalp Reset Clarifying Shampoo,2025-08-18,1
CUST-R0231,Featherlight Balancing Conditioner,2025-08-18,1
CUST-R0231,Featherlight Balancing Conditioner,2025-11-20,1
CUST-R0231,Scalp Reset Clarifying Shampoo,2026-03-13,1
CUST-R0231,Featherlight Balancing Conditioner,2026-03-13,1
CUST-R0231,Scalp Reset Clarifying Shampoo,2026-03-15,1
CUST-R0231,Featherlight Balancing Conditioner,2026-03-15,1
CUST-R0231,Deep Repair Masque,2026-03-15,1
CUST-R0232,Scalp Reset Clarifying Shampoo,2025-07-19,1
CUST-R0232,Deep Dive Hydrating Conditioner,2025-07-19,1
CUST-R0232,Deep Dive Hydrating Conditioner,2025-09-01,1
CUST-R0232,Plump & Glow Hyaluronic Serum,2025-11-06,1
CUST-R0232,Scalp Reset Clarifying Shampoo,2025-11-06,1
CUST-R0232,Hydra-Cleanse Micellar Water,2025-12-09,1
CUST-R0232,Plump & Glow Hyaluronic Serum,2025-12-09,1
CUST-R0232,Scalp Reset Clarifying Shampoo,2025-12-09,1
CUST-R0232,Scalp Reset Clarifying Shampoo,2026-02-21,1
CUST-R0232,Deep Dive Hydrating Conditioner,2026-02-21,2
CUST-R0232,Scalp Reset Clarifying Shampoo,2026-04-17,1
CUST-R0233,Color Protect Gentle Shampoo,2025-07-16,1
CUST-R0233,Featherlight Balancing Conditioner,2025-07-16,1
CUST-R0233,Nourish & Shine Hair Oil,2025-07-16,1
CUST-R0233,Color Protect Gentle Shampoo,2025-11-02,2
CUST-R0233,Featherlight Balancing Conditioner,2025-11-02,1
CUST-R0233,Featherlight Balancing Conditioner,2026-01-20,1
CUST-R0233,Color Protect Gentle Shampoo,2026-02-26,1
CUST-R0233,Featherlight Balancing Conditioner,2026-02-26,1
CUST-R0234,Color Protect Gentle Shampoo,2025-08-02,1
CUST-R0234,Deep Repair Masque,2025-08-02,1
CUST-R0234,Color Protect Gentle Shampoo,2025-09-12,1
CUST-R0234,Featherlight Balancing Conditioner,2025-12-19,1
CUST-R0234,Deep Repair Masque,2025-12-19,1
CUST-R0234,Color Protect Gentle Shampoo,2025-12-31,1
CUST-R0234,Featherlight Balancing Conditioner,2025-12-31,1
CUST-R0234,Frizz Control Leave-In Serum,2025-12-31,1
CUST-R0234,Featherlight Balancing Conditioner,2026-04-24,1
CUST-R0234,Deep Repair Masque,2026-04-24,1
CUST-R0235,Peptide Lift Serum,2025-06-04,1
CUST-R0235,Bounce Back Volumizing Shampoo,2025-06-04,1
CUST-R0235,Peptide Lift Serum,2025-07-31,1
CUST-R0235,Bounce Back Volumizing Shampoo,2025-07-31,1
CUST-R0235,Featherlight Balancing Conditioner,2025-07-31,1
CUST-R0235,Hydra-Cleanse Micellar Water,2025-10-16,1
CUST-R0235,Featherlight Balancing Conditioner,2025-10-16,1
CUST-R0235,Hydra-Cleanse Micellar Water,2026-01-02,1
CUST-R0235,Peptide Lift Serum,2026-01-02,1
CUST-R0235,Featherlight Balancing Conditioner,2026-01-02,1
CUST-R0235,Peptide Lift Serum,2026-03-11,1
CUST-R0235,Bounce Back Volumizing Shampoo,2026-03-11,1
CUST-R0235,Featherlight Balancing Conditioner,2026-03-11,1
CUST-R0235,Hydra-Cleanse Micellar Water,2026-05-19,1
CUST-R0235,Bounce Back Volumizing Shampoo,2026-05-19,1
CUST-R0235,Featherlight Balancing Conditioner,2026-05-19,1
CUST-R0236,Hydra-Silk Moisture Shampoo,2025-07-27,1
CUST-R0236,Featherlight Balancing Conditioner,2025-07-27,1
CUST-R0236,All Day Moisture Leave-In Cream,2025-07-27,1
CUST-R0236,Hydra-Silk Moisture Shampoo,2025-12-11,1
CUST-R0236,Featherlight Balancing Conditioner,2025-12-11,1
CUST-R0237,Glow Activator Vitamin C Serum,2025-09-03,1
CUST-R0237,Hydra-Cleanse Micellar Water,2026-01-05,1
CUST-R0237,Glow Activator Vitamin C Serum,2026-01-05,1
CUST-R0237,Hydra-Cleanse Micellar Water,2026-02-28,1
CUST-R0237,Glow Activator Vitamin C Serum,2026-02-28,1
CUST-R0237,Barrier Boost Moisturizer,2026-02-28,1
CUST-R0238,Plump & Glow Hyaluronic Serum,2025-06-15,1
CUST-R0238,Cloud Cream Firming Moisturizer,2025-06-15,1
CUST-R0238,Hydra-Cleanse Micellar Water,2026-05-06,1
CUST-R0238,Plump & Glow Hyaluronic Serum,2026-05-06,1
CUST-R0238,Cloud Cream Firming Moisturizer,2026-05-06,1
CUST-R0239,Hydra-Cleanse Micellar Water,2025-06-23,1
CUST-R0239,Mattify & Hydrate Gel Cream,2025-06-23,1
CUST-R0239,Glow Activator Vitamin C Serum,2025-09-16,1
CUST-R0239,Mattify & Hydrate Gel Cream,2025-11-16,1
CUST-R0239,Tinted Mineral Defense SPF 30,2025-11-16,2
CUST-R0239,Glow Activator Vitamin C Serum,2026-01-25,1
CUST-R0239,Glow Activator Vitamin C Serum,2026-02-02,1
CUST-R0239,Mattify & Hydrate Gel Cream,2026-02-02,1
CUST-R0239,Calm Down Redness Relief Mist,2026-02-02,1
CUST-R0239,Glow Activator Vitamin C Serum,2026-05-13,1
CUST-R0239,Featherlight UV Shield SPF 50,2026-05-13,1
CUST-R0240,Color Protect Gentle Shampoo,2025-06-12,1
CUST-R0240,Featherlight Balancing Conditioner,2026-04-08,2
CUST-R0241,Peptide Lift Serum,2026-02-22,1
CUST-R0241,Velvet Rich Night Cream,2026-02-22,1
CUST-R0242,Midnight Retinol Renewal Serum,2025-07-06,2
CUST-R0242,Cloud Cream Firming Moisturizer,2025-07-06,1
CUST-R0242,Featherlight UV Shield SPF 50,2025-07-06,1
CUST-R0242,Midnight Retinol Renewal Serum,2025-08-18,1
CUST-R0242,Cloud Cream Firming Moisturizer,2025-08-18,1
CUST-R0242,Midnight Retinol Renewal Serum,2025-11-27,1
CUST-R0242,Cloud Cream Firming Moisturizer,2025-11-27,1
CUST-R0242,Featherlight UV Shield SPF 50,2025-11-27,1
CUST-R0242,Midnight Retinol Renewal Serum,2026-01-06,1
CUST-R0242,Cloud Cream Firming Moisturizer,2026-01-06,1
CUST-R0242,Featherlight UV Shield SPF 50,2026-01-06,1
CUST-R0242,Cloud Cream Firming Moisturizer,2026-03-25,1
CUST-R0242,Featherlight UV Shield SPF 50,2026-03-25,1
CUST-R0243,Clear Complexion Niacinamide Serum,2025-07-04,1
CUST-R0243,Mattify & Hydrate Gel Cream,2025-07-04,1
CUST-R0243,Mattify & Hydrate Gel Cream,2025-12-24,1
CUST-R0244,Scalp Reset Clarifying Shampoo,2025-06-17,1
CUST-R0244,Scalp Reset Clarifying Shampoo,2025-11-02,1
CUST-R0244,Strength Shield Protein Conditioner,2025-11-02,1
CUST-R0244,Sleek & Define Styling Cream,2025-11-02,1
CUST-R0244,Scalp Reset Clarifying Shampoo,2026-01-29,1
CUST-R0244,Scalp Reset Clarifying Shampoo,2026-04-20,1
CUST-R0244,Strength Shield Protein Conditioner,2026-04-20,2
CUST-R0244,Sleek & Define Styling Cream,2026-04-20,1
CUST-R0245,Glow Activator Vitamin C Serum,2025-08-08,1
CUST-R0246,Velvet Foam Cleanser,2025-06-13,1
CUST-R0246,Clear Complexion Niacinamide Serum,2025-06-13,1
CUST-R0246,Velvet Foam Cleanser,2026-04-24,1
CUST-R0246,Clear Complexion Niacinamide Serum,2026-04-24,1
CUST-R0246,Mattify & Hydrate Gel Cream,2026-04-24,2
CUST-R0247,Hydra-Cleanse Micellar Water,2025-07-08,1
CUST-R0247,Plump & Glow Hyaluronic Serum,2025-07-08,1
CUST-R0247,Velvet Rich Night Cream,2025-07-08,1
CUST-R0247,Featherlight UV Shield SPF 50,2025-07-08,1
CUST-R0247,Hydra-Cleanse Micellar Water,2025-10-07,1
CUST-R0247,Plump & Glow Hyaluronic Serum,2025-10-07,1
CUST-R0247,Plump & Glow Hyaluronic Serum,2025-10-25,2
CUST-R0247,Velvet Rich Night Cream,2025-10-25,1
CUST-R0247,Hydra-Cleanse Micellar Water,2026-02-28,1
CUST-R0247,Dew Drop Essence Toner,2026-02-28,1
CUST-R0247,Hydra-Cleanse Micellar Water,2026-05-15,1
CUST-R0247,Plump & Glow Hyaluronic Serum,2026-05-15,1
CUST-R0247,Velvet Rich Night Cream,2026-05-15,1
CUST-R0247,Skin Silk Squalane Oil,2026-05-15,1
CUST-R0248,Bounce Back Volumizing Shampoo,2025-07-18,1
CUST-R0248,Strength Shield Protein Conditioner,2025-07-18,1
CUST-R0248,Bounce Back Volumizing Shampoo,2026-01-16,2
CUST-R0248,Strength Shield Protein Conditioner,2026-01-16,1
CUST-R0249,Hydra-Cleanse Micellar Water,2025-06-07,1
CUST-R0249,Color Protect Gentle Shampoo,2025-06-07,1
CUST-R0249,Hydra-Cleanse Micellar Water,2025-10-03,1
CUST-R0249,Featherlight Balancing Conditioner,2025-10-03,1
CUST-R0249,Featherlight Balancing Conditioner,2025-11-24,1
CUST-R0249,Hydra-Cleanse Micellar Water,2026-01-29,1
CUST-R0249,Midnight Retinol Renewal Serum,2026-01-29,1
CUST-R0249,Color Protect Gentle Shampoo,2026-01-29,1
CUST-R0249,Featherlight Balancing Conditioner,2026-01-29,1
CUST-R0249,Hydra-Cleanse Micellar Water,2026-05-25,1
CUST-R0249,Midnight Retinol Renewal Serum,2026-05-25,1
CUST-R0249,Color Protect Gentle Shampoo,2026-05-25,1
CUST-R0250,Hydra-Cleanse Micellar Water,2025-07-24,1
CUST-R0250,Plump & Glow Hyaluronic Serum,2025-07-24,1
CUST-R0250,Plump & Glow Hyaluronic Serum,2025-09-23,1
CUST-R0250,Hydra-Cleanse Micellar Water,2026-01-19,1
CUST-R0250,Plump & Glow Hyaluronic Serum,2026-01-19,1
CUST-R0250,Color Protect Gentle Shampoo,2026-01-19,2
CUST-R0250,Hydra-Cleanse Micellar Water,2026-05-21,1
CUST-R0250,Plump & Glow Hyaluronic Serum,2026-05-21,1
CUST-R0250,Strength Shield Protein Conditioner,2026-05-21,1
CUST-R0251,Hydra-Cleanse Micellar Water,2025-05-26,1
CUST-R0251,Clear Complexion Niacinamide Serum,2025-05-26,1
CUST-R0251,Velvet Rich Night Cream,2025-05-26,1
CUST-R0251,Midnight Retinol Renewal Serum,2025-05-26,1
CUST-R0251,Hydra-Cleanse Micellar Water,2025-08-14,2
CUST-R0251,Clear Complexion Niacinamide Serum,2025-08-14,1
CUST-R0251,Velvet Rich Night Cream,2025-08-14,1
CUST-R0251,Hydra-Cleanse Micellar Water,2025-12-28,1
CUST-R0251,Calm Down Redness Relief Mist,2025-12-28,2
CUST-R0251,Hydra-Cleanse Micellar Water,2026-01-25,1
CUST-R0251,Clear Complexion Niacinamide Serum,2026-01-25,1
CUST-R0251,Velvet Rich Night Cream,2026-01-25,1
CUST-R0251,Hydra-Cleanse Micellar Water,2026-04-23,1
CUST-R0251,Clear Complexion Niacinamide Serum,2026-04-23,1
CUST-R0251,Velvet Rich Night Cream,2026-04-23,1
CUST-R0251,Peptide Lift Serum,2026-04-23,1
CUST-R0252,Glow Activator Vitamin C Serum,2025-06-02,1
CUST-R0252,Cloud Cream Firming Moisturizer,2025-06-02,1
CUST-R0252,Dew Drop Essence Toner,2025-06-02,2
CUST-R0252,Radiance Gel Cleanser,2025-08-13,1
CUST-R0252,Glow Activator Vitamin C Serum,2025-08-13,1
CUST-R0252,Midnight Retinol Renewal Serum,2025-08-13,2
CUST-R0252,Tinted Mineral Defense SPF 30,2025-12-19,1
CUST-R0252,Radiance Gel Cleanser,2026-02-10,1
CUST-R0252,Cloud Cream Firming Moisturizer,2026-02-10,1
CUST-R0252,Glow Activator Vitamin C Serum,2026-05-13,2
CUST-R0252,Cloud Cream Firming Moisturizer,2026-05-13,1
CUST-R0253,Velvet Foam Cleanser,2025-06-11,1
CUST-R0253,Cloud Cream Firming Moisturizer,2025-06-11,1
CUST-R0253,Calm Down Redness Relief Mist,2025-06-11,1
CUST-R0253,Glow Activator Vitamin C Serum,2025-09-29,1
CUST-R0253,Cloud Cream Firming Moisturizer,2025-09-29,1
CUST-R0253,Velvet Foam Cleanser,2025-11-19,1
CUST-R0253,Glow Activator Vitamin C Serum,2025-11-19,1
CUST-R0253,Velvet Foam Cleanser,2026-02-28,1
CUST-R0253,Cloud Cream Firming Moisturizer,2026-02-28,1
CUST-R0253,Skin Silk Squalane Oil,2026-02-28,1
CUST-R0253,Velvet Foam Cleanser,2026-03-31,1
CUST-R0253,Glow Activator Vitamin C Serum,2026-03-31,1
CUST-R0254,Hydra-Cleanse Micellar Water,2025-07-09,1
CUST-R0254,Midnight Retinol Renewal Serum,2025-07-09,1
CUST-R0254,Cloud Cream Firming Moisturizer,2025-07-09,1
CUST-R0255,Skin Silk Squalane Oil,2025-07-21,1
CUST-R0255,Cloud Cream Firming Moisturizer,2025-09-06,2
CUST-R0255,Petal Soft Calming Toner,2026-01-06,1
CUST-R0255,Cloud Cream Firming Moisturizer,2026-04-01,1
CUST-R0255,Pore Refining BHA Pads,2026-04-01,1
CUST-R0256,Velvet Foam Cleanser,2025-06-30,1
CUST-R0256,Peptide Lift Serum,2025-06-30,1
CUST-R0256,Mattify & Hydrate Gel Cream,2025-06-30,1
CUST-R0256,Velvet Foam Cleanser,2025-08-24,1
CUST-R0256,Peptide Lift Serum,2025-08-24,1
CUST-R0256,Pore Refining BHA Pads,2025-08-24,1
CUST-R0256,Velvet Foam Cleanser,2025-12-30,1
CUST-R0256,Peptide Lift Serum,2025-12-30,1
CUST-R0256,Mattify & Hydrate Gel Cream,2025-12-30,1
CUST-R0256,Mattify & Hydrate Gel Cream,2026-01-06,1
CUST-R0256,Tinted Mineral Defense SPF 30,2026-01-06,1
CUST-R0256,Mattify & Hydrate Gel Cream,2026-04-01,1
CUST-R0257,Velvet Foam Cleanser,2025-06-06,2
CUST-R0257,Peptide Lift Serum,2025-06-06,1
CUST-R0257,Featherlight UV Shield SPF 50,2025-06-06,1
CUST-R0257,Velvet Foam Cleanser,2025-07-22,2
CUST-R0257,Peptide Lift Serum,2025-07-22,1
CUST-R0257,Glow Activator Vitamin C Serum,2025-07-22,1
CUST-R0257,Peptide Lift Serum,2025-09-26,1
CUST-R0257,Barrier Boost Moisturizer,2025-09-26,1
CUST-R0257,Velvet Foam Cleanser,2025-12-13,1
CUST-R0257,Peptide Lift Serum,2025-12-13,1
CUST-R0257,Barrier Boost Moisturizer,2025-12-13,1
CUST-R0257,Featherlight UV Shield SPF 50,2025-12-13,2
CUST-R0257,Peptide Lift Serum,2026-01-22,1
CUST-R0257,Velvet Foam Cleanser,2026-03-28,1
CUST-R0257,Peptide Lift Serum,2026-03-28,1
CUST-R0257,Velvet Foam Cleanser,2026-05-12,1
CUST-R0257,Peptide Lift Serum,2026-05-12,1
CUST-R0257,Dew Drop Essence Toner,2026-05-12,1
CUST-R0258,Glow Activator Vitamin C Serum,2025-09-23,1
CUST-R0258,Mattify & Hydrate Gel Cream,2025-09-23,1
CUST-R0258,Radiance Gel Cleanser,2025-10-11,1
CUST-R0258,Glow Activator Vitamin C Serum,2025-10-11,1
CUST-R0258,Mattify & Hydrate Gel Cream,2025-10-11,1
CUST-R0258,Glow Activator Vitamin C Serum,2026-04-19,1
CUST-R0259,Hydra-Cleanse Micellar Water,2025-06-20,1
CUST-R0259,Velvet Rich Night Cream,2025-06-20,1
CUST-R0259,Texture Eraser AHA Exfoliant,2025-06-20,1
CUST-R0259,Pore Refining BHA Pads,2025-08-03,1
CUST-R0259,Hydra-Cleanse Micellar Water,2025-10-06,1
CUST-R0259,Clear Complexion Niacinamide Serum,2025-10-06,1
CUST-R0259,Velvet Rich Night Cream,2025-10-06,1
CUST-R0259,Blemish Banisher Spot Treatment,2025-10-06,1
CUST-R0259,Clear Complexion Niacinamide Serum,2025-12-17,1
CUST-R0259,Velvet Rich Night Cream,2025-12-17,1
CUST-R0259,Hydra-Cleanse Micellar Water,2025-12-30,1
CUST-R0259,Velvet Rich Night Cream,2025-12-30,1
CUST-R0259,Skin Silk Squalane Oil,2026-03-20,1
CUST-R0259,Clear Complexion Niacinamide Serum,2026-04-22,1
CUST-R0259,Velvet Rich Night Cream,2026-04-22,1
CUST-R0260,Velvet Rich Night Cream,2025-09-02,1
CUST-R0260,Featherlight UV Shield SPF 50,2025-09-02,1
CUST-R0260,Peptide Lift Serum,2025-10-02,2
CUST-R0260,Velvet Rich Night Cream,2025-10-02,1
CUST-R0260,Peptide Lift Serum,2026-04-29,1
CUST-R0260,Velvet Rich Night Cream,2026-04-29,1
CUST-R0260,Featherlight UV Shield SPF 50,2026-04-29,1
CUST-R0261,Hydra-Cleanse Micellar Water,2025-07-28,1
CUST-R0261,Plump & Glow Hyaluronic Serum,2025-07-28,1
CUST-R0261,Velvet Rich Night Cream,2025-07-28,1
CUST-R0261,Plump & Glow Hyaluronic Serum,2025-11-05,1
CUST-R0261,Velvet Rich Night Cream,2025-11-05,2
CUST-R0261,Hydra-Cleanse Micellar Water,2026-04-02,1
CUST-R0261,Velvet Rich Night Cream,2026-04-02,1
CUST-R0262,Hydra-Cleanse Micellar Water,2025-09-28,2
CUST-R0262,Midnight Retinol Renewal Serum,2025-09-28,1
CUST-R0262,Velvet Rich Night Cream,2025-09-28,1
CUST-R0262,Midnight Retinol Renewal Serum,2026-01-04,1
CUST-R0263,Hydra-Cleanse Micellar Water,2025-05-31,1
CUST-R0263,Plump & Glow Hyaluronic Serum,2025-05-31,1
CUST-R0263,Cloud Cream Firming Moisturizer,2025-05-31,1
CUST-R0263,Hydra-Cleanse Micellar Water,2025-10-11,1
CUST-R0263,Plump & Glow Hyaluronic Serum,2025-10-11,1
CUST-R0263,Cloud Cream Firming Moisturizer,2025-10-11,1
CUST-R0263,Plump & Glow Hyaluronic Serum,2025-11-14,1
CUST-R0263,Hydra-Cleanse Micellar Water,2026-02-05,1
CUST-R0263,Cloud Cream Firming Moisturizer,2026-02-05,1
CUST-R0263,Petal Soft Calming Toner,2026-02-05,1
CUST-R0263,Cloud Cream Firming Moisturizer,2026-04-08,1
CUST-R0263,Blemish Banisher Spot Treatment,2026-04-08,1
CUST-R0264,Velvet Foam Cleanser,2025-06-12,1
CUST-R0264,Glow Activator Vitamin C Serum,2025-06-12,1
CUST-R0264,Velvet Foam Cleanser,2025-11-29,1
CUST-R0264,Glow Activator Vitamin C Serum,2025-11-29,1
CUST-R0264,Barrier Boost Moisturizer,2025-11-29,2
CUST-R0264,Velvet Foam Cleanser,2026-05-13,1
CUST-R0264,Glow Activator Vitamin C Serum,2026-05-13,1
CUST-R0264,Barrier Boost Moisturizer,2026-05-13,2
CUST-R0265,Barrier Boost Moisturizer,2025-07-02,1
CUST-R0265,Blemish Banisher Spot Treatment,2025-07-02,1
CUST-R0265,Radiance Gel Cleanser,2025-09-13,1
CUST-R0265,Clear Complexion Niacinamide Serum,2025-09-13,1
CUST-R0265,Radiance Gel Cleanser,2025-11-22,1
CUST-R0265,Clear Complexion Niacinamide Serum,2025-11-22,1
CUST-R0265,Barrier Boost Moisturizer,2025-11-22,1
CUST-R0265,Blemish Banisher Spot Treatment,2025-11-22,1
CUST-R0265,Radiance Gel Cleanser,2026-03-12,1
CUST-R0265,Radiance Gel Cleanser,2026-04-04,1
CUST-R0265,Clear Complexion Niacinamide Serum,2026-04-04,1
CUST-R0266,Midnight Retinol Renewal Serum,2025-06-25,2
CUST-R0266,Mattify & Hydrate Gel Cream,2025-06-25,1
CUST-R0266,Midnight Retinol Renewal Serum,2025-08-11,1
CUST-R0266,Mattify & Hydrate Gel Cream,2025-08-11,1
CUST-R0266,Midnight Retinol Renewal Serum,2025-10-08,1
CUST-R0266,Tinted Mineral Defense SPF 30,2025-10-08,1
CUST-R0266,Midnight Retinol Renewal Serum,2025-11-04,1
CUST-R0266,Mattify & Hydrate Gel Cream,2025-11-04,1
CUST-R0266,Midnight Retinol Renewal Serum,2025-12-02,1
CUST-R0266,Midnight Retinol Renewal Serum,2026-02-23,1
CUST-R0266,Mattify & Hydrate Gel Cream,2026-02-23,2
CUST-R0266,Youth Revive Rosehip Oil,2026-02-23,1
CUST-R0266,Midnight Retinol Renewal Serum,2026-03-24,1
CUST-R0266,Mattify & Hydrate Gel Cream,2026-03-24,1
CUST-R0266,Radiance Gel Cleanser,2026-05-05,1
CUST-R0266,Midnight Retinol Renewal Serum,2026-05-05,1
CUST-R0266,Mattify & Hydrate Gel Cream,2026-05-05,1
CUST-R0266,Calm Down Redness Relief Mist,2026-05-05,1
CUST-R0267,Velvet Foam Cleanser,2025-07-09,1
CUST-R0267,Bounce Back Volumizing Shampoo,2025-07-09,1
CUST-R0267,Velvet Foam Cleanser,2025-09-03,1
CUST-R0267,Deep Dive Hydrating Conditioner,2025-09-03,2
CUST-R0267,Velvet Foam Cleanser,2025-10-24,2
CUST-R0267,Bounce Back Volumizing Shampoo,2025-10-24,1
CUST-R0267,Deep Dive Hydrating Conditioner,2025-10-24,1
CUST-R0267,Midnight Retinol Renewal Serum,2026-01-19,2
CUST-R0267,Bounce Back Volumizing Shampoo,2026-01-19,1
CUST-R0267,Deep Dive Hydrating Conditioner,2026-01-19,1
CUST-R0267,Velvet Foam Cleanser,2026-02-11,2
CUST-R0267,Midnight Retinol Renewal Serum,2026-02-11,1
CUST-R0267,Bounce Back Volumizing Shampoo,2026-02-11,1
CUST-R0267,Velvet Foam Cleanser,2026-04-07,1
CUST-R0267,Bounce Back Volumizing Shampoo,2026-04-07,1
CUST-R0268,Hydra-Cleanse Micellar Water,2025-06-04,1
CUST-R0268,Clear Complexion Niacinamide Serum,2025-06-04,1
CUST-R0268,Midnight Retinol Renewal Serum,2025-06-04,1
CUST-R0268,Hydra-Cleanse Micellar Water,2025-09-07,1
CUST-R0268,Clear Complexion Niacinamide Serum,2025-09-07,1
CUST-R0268,Mattify & Hydrate Gel Cream,2025-09-07,1
CUST-R0268,Hydra-Cleanse Micellar Water,2025-10-24,1
CUST-R0268,Clear Complexion Niacinamide Serum,2025-10-24,1
CUST-R0268,Plump & Glow Hyaluronic Serum,2025-10-24,1
CUST-R0268,Clear Complexion Niacinamide Serum,2025-11-29,1
CUST-R0268,Mattify & Hydrate Gel Cream,2025-11-29,1
CUST-R0268,Pore Refining BHA Pads,2025-11-29,1
CUST-R0268,Hydra-Cleanse Micellar Water,2026-03-01,1
CUST-R0268,Midnight Retinol Renewal Serum,2026-03-01,1
CUST-R0268,Hydra-Cleanse Micellar Water,2026-03-27,1
CUST-R0268,Blemish Banisher Spot Treatment,2026-03-27,1
CUST-R0269,Bounce Back Volumizing Shampoo,2025-08-06,1
CUST-R0269,Featherlight Balancing Conditioner,2025-08-06,1
CUST-R0269,All Day Moisture Leave-In Cream,2025-08-06,1
CUST-R0269,Featherlight Balancing Conditioner,2025-10-13,1
CUST-R0269,Sleek & Define Styling Cream,2025-10-13,2
CUST-R0269,Bounce Back Volumizing Shampoo,2026-01-26,2
CUST-R0269,Featherlight Balancing Conditioner,2026-01-26,1
CUST-R0270,Midnight Retinol Renewal Serum,2025-07-13,1
CUST-R0270,Velvet Rich Night Cream,2025-07-13,1
CUST-R0270,Tinted Mineral Defense SPF 30,2025-07-13,1
CUST-R0270,Midnight Retinol Renewal Serum,2025-10-24,1
CUST-R0270,Velvet Rich Night Cream,2025-10-24,1
CUST-R0270,Tinted Mineral Defense SPF 30,2025-10-24,1
CUST-R0270,Midnight Retinol Renewal Serum,2025-11-28,1
CUST-R0270,Velvet Rich Night Cream,2026-03-10,1
CUST-R0271,Radiance Gel Cleanser,2025-06-09,1
CUST-R0271,Midnight Retinol Renewal Serum,2025-06-09,1
CUST-R0271,Cloud Cream Firming Moisturizer,2025-06-09,1
CUST-R0271,Radiance Gel Cleanser,2026-02-25,1
CUST-R0271,Midnight Retinol Renewal Serum,2026-02-25,1
CUST-R0271,Cloud Cream Firming Moisturizer,2026-02-25,1
CUST-R0272,Radiance Gel Cleanser,2025-07-18,1
CUST-R0272,Plump & Glow Hyaluronic Serum,2025-07-18,1
CUST-R0272,Cloud Cream Firming Moisturizer,2025-07-18,1
CUST-R0272,Pore Refining BHA Pads,2025-07-18,1
CUST-R0272,Plump & Glow Hyaluronic Serum,2025-09-19,1
CUST-R0272,Cloud Cream Firming Moisturizer,2025-09-19,2
CUST-R0272,Radiance Gel Cleanser,2025-10-08,1
CUST-R0272,Plump & Glow Hyaluronic Serum,2025-10-08,1
CUST-R0272,Cloud Cream Firming Moisturizer,2025-10-08,1
CUST-R0272,Radiance Gel Cleanser,2026-01-17,1
CUST-R0272,Plump & Glow Hyaluronic Serum,2026-01-17,1
CUST-R0272,Cloud Cream Firming Moisturizer,2026-01-17,1
CUST-R0272,Peptide Lift Serum,2026-01-17,1
CUST-R0272,Cloud Cream Firming Moisturizer,2026-03-11,1
CUST-R0272,Radiance Gel Cleanser,2026-04-05,1
CUST-R0272,Cloud Cream Firming Moisturizer,2026-04-05,2
CUST-R0273,Bounce Back Volumizing Shampoo,2025-10-16,1
CUST-R0273,Featherlight Balancing Conditioner,2025-10-16,1
CUST-R0273,Bounce Back Volumizing Shampoo,2026-05-08,1
CUST-R0273,Featherlight Balancing Conditioner,2026-05-08,1
CUST-R0273,Scalp Balance Serum,2026-05-08,1
CUST-R0274,Velvet Foam Cleanser,2025-12-16,1
CUST-R0274,Peptide Lift Serum,2025-12-16,1
CUST-R0275,Bounce Back Volumizing Shampoo,2025-06-09,1
CUST-R0275,Deep Dive Hydrating Conditioner,2025-06-09,1
CUST-R0275,Sleek & Define Styling Cream,2025-06-09,2
CUST-R0275,Deep Dive Hydrating Conditioner,2025-10-28,1
CUST-R0275,Nourish & Shine Hair Oil,2025-10-28,1
CUST-R0275,Bounce Back Volumizing Shampoo,2026-05-18,1
CUST-R0275,Deep Repair Masque,2026-05-18,1
CUST-R0276,Scalp Reset Clarifying Shampoo,2025-11-16,1
CUST-R0276,Deep Dive Hydrating Conditioner,2025-11-16,2
CUST-R0276,Scalp Reset Clarifying Shampoo,2025-12-18,1
CUST-R0276,Deep Dive Hydrating Conditioner,2025-12-18,1
CUST-R0276,Frizz Control Leave-In Serum,2025-12-18,1
CUST-R0277,Midnight Retinol Renewal Serum,2025-06-24,1
CUST-R0277,Color Protect Gentle Shampoo,2025-06-24,1
CUST-R0277,Strength Shield Protein Conditioner,2025-06-24,1
CUST-R0277,Midnight Retinol Renewal Serum,2025-09-15,1
CUST-R0277,Strength Shield Protein Conditioner,2025-09-15,2
CUST-R0277,Hydra-Cleanse Micellar Water,2025-11-24,2
CUST-R0277,Midnight Retinol Renewal Serum,2025-11-24,1
CUST-R0277,Color Protect Gentle Shampoo,2025-11-24,1
CUST-R0277,Midnight Retinol Renewal Serum,2026-01-30,1
CUST-R0277,Color Protect Gentle Shampoo,2026-01-30,1
CUST-R0277,Midnight Retinol Renewal Serum,2026-03-20,1
CUST-R0277,Color Protect Gentle Shampoo,2026-03-20,1
CUST-R0277,Strength Shield Protein Conditioner,2026-03-20,1
CUST-R0278,Midnight Retinol Renewal Serum,2025-09-16,1
CUST-R0278,Velvet Rich Night Cream,2025-09-16,1
CUST-R0278,Featherlight UV Shield SPF 50,2025-09-16,1
CUST-R0278,Velvet Rich Night Cream,2025-11-09,1
CUST-R0278,Featherlight UV Shield SPF 50,2025-11-09,1
CUST-R0278,Midnight Retinol Renewal Serum,2026-02-08,1
CUST-R0278,Velvet Rich Night Cream,2026-02-08,1
CUST-R0279,Midnight Retinol Renewal Serum,2025-06-28,1
CUST-R0279,Midnight Retinol Renewal Serum,2025-07-19,1
CUST-R0279,Glow Activator Vitamin C Serum,2025-07-19,1
CUST-R0279,Hydra-Cleanse Micellar Water,2025-10-09,1
CUST-R0279,Midnight Retinol Renewal Serum,2025-10-09,2
CUST-R0279,Mattify & Hydrate Gel Cream,2025-10-09,1
CUST-R0279,Pore Refining BHA Pads,2025-10-09,1
CUST-R0279,Hydra-Cleanse Micellar Water,2025-11-20,1
CUST-R0279,Mattify & Hydrate Gel Cream,2025-11-20,2
CUST-R0279,Hydra-Cleanse Micellar Water,2025-12-17,1
CUST-R0279,Midnight Retinol Renewal Serum,2025-12-17,1
CUST-R0279,Mattify & Hydrate Gel Cream,2025-12-17,1
CUST-R0279,Clear Complexion Niacinamide Serum,2025-12-17,1
CUST-R0279,Hydra-Cleanse Micellar Water,2026-02-02,1
CUST-R0279,Midnight Retinol Renewal Serum,2026-02-02,1
CUST-R0279,Midnight Retinol Renewal Serum,2026-04-02,1
CUST-R0279,Mattify & Hydrate Gel Cream,2026-04-02,1
CUST-R0279,Mattify & Hydrate Gel Cream,2026-04-13,1
CUST-R0280,Hydra-Cleanse Micellar Water,2025-05-31,1
CUST-R0280,Glow Activator Vitamin C Serum,2025-05-31,1
CUST-R0280,Cloud Cream Firming Moisturizer,2025-05-31,1
CUST-R0280,Hydra-Cleanse Micellar Water,2025-10-05,1
CUST-R0280,Glow Activator Vitamin C Serum,2025-10-05,1
CUST-R0280,Cloud Cream Firming Moisturizer,2026-02-09,1
CUST-R0280,Hydra-Cleanse Micellar Water,2026-04-28,2
CUST-R0280,Cloud Cream Firming Moisturizer,2026-04-28,1
CUST-R0281,Mattify & Hydrate Gel Cream,2025-09-19,2
CUST-R0281,Clear Complexion Niacinamide Serum,2026-03-08,1
CUST-R0282,Radiance Gel Cleanser,2025-06-17,1
CUST-R0282,Midnight Retinol Renewal Serum,2025-06-17,1
CUST-R0282,Radiance Gel Cleanser,2025-09-11,1
CUST-R0282,Clear Complexion Niacinamide Serum,2025-09-11,1
CUST-R0282,Mattify & Hydrate Gel Cream,2025-09-11,2
CUST-R0282,Radiance Gel Cleanser,2025-12-08,1
CUST-R0282,Clear Complexion Niacinamide Serum,2025-12-08,1
CUST-R0282,Mattify & Hydrate Gel Cream,2025-12-08,1
CUST-R0282,Blemish Banisher Spot Treatment,2025-12-08,1
CUST-R0282,Radiance Gel Cleanser,2026-01-07,1
CUST-R0282,Clear Complexion Niacinamide Serum,2026-01-07,1
CUST-R0282,Mattify & Hydrate Gel Cream,2026-01-07,1
CUST-R0282,Peptide Lift Serum,2026-01-07,1
CUST-R0282,Radiance Gel Cleanser,2026-03-17,2
CUST-R0282,Mattify & Hydrate Gel Cream,2026-03-17,1
CUST-R0282,Skin Silk Squalane Oil,2026-03-17,2
CUST-R0283,Midnight Retinol Renewal Serum,2025-06-16,1
CUST-R0283,Cloud Cream Firming Moisturizer,2025-06-16,1
CUST-R0283,Midnight Retinol Renewal Serum,2026-01-03,1
CUST-R0283,Cloud Cream Firming Moisturizer,2026-01-03,1
CUST-R0283,Midnight Retinol Renewal Serum,2026-04-10,1
CUST-R0283,Cloud Cream Firming Moisturizer,2026-04-10,2
CUST-R0284,Radiance Gel Cleanser,2025-07-23,1
CUST-R0284,Glow Activator Vitamin C Serum,2025-07-23,1
CUST-R0284,Cloud Cream Firming Moisturizer,2025-07-23,1
CUST-R0284,Radiance Gel Cleanser,2025-09-14,1
CUST-R0284,Cloud Cream Firming Moisturizer,2025-09-14,1
CUST-R0284,Cloud Cream Firming Moisturizer,2025-11-13,1
CUST-R0284,Midnight Retinol Renewal Serum,2025-11-13,1
CUST-R0284,Radiance Gel Cleanser,2026-01-10,1
CUST-R0284,Glow Activator Vitamin C Serum,2026-01-10,1
CUST-R0284,Cloud Cream Firming Moisturizer,2026-01-10,1
CUST-R0284,Clear Complexion Niacinamide Serum,2026-01-10,1
CUST-R0284,Radiance Gel Cleanser,2026-02-11,1
CUST-R0284,Cloud Cream Firming Moisturizer,2026-02-11,1
CUST-R0284,Cloud Cream Firming Moisturizer,2026-05-15,1
CUST-R0284,Tinted Mineral Defense SPF 30,2026-05-15,1
CUST-R0285,Radiance Gel Cleanser,2025-06-08,1
CUST-R0285,Mattify & Hydrate Gel Cream,2025-06-08,1
CUST-R0285,Midnight Retinol Renewal Serum,2025-06-08,1
CUST-R0285,Radiance Gel Cleanser,2025-07-29,1
CUST-R0285,Peptide Lift Serum,2025-07-29,1
CUST-R0285,Mattify & Hydrate Gel Cream,2025-07-29,1
CUST-R0285,Radiance Gel Cleanser,2025-10-11,1
CUST-R0285,Peptide Lift Serum,2025-10-11,1
CUST-R0285,Radiance Gel Cleanser,2025-11-13,1
CUST-R0285,Peptide Lift Serum,2025-11-13,1
CUST-R0285,Blemish Banisher Spot Treatment,2025-11-13,1
CUST-R0285,Mattify & Hydrate Gel Cream,2026-01-18,1
CUST-R0285,Midnight Retinol Renewal Serum,2026-01-18,1
CUST-R0285,Peptide Lift Serum,2026-03-10,2
CUST-R0285,Mattify & Hydrate Gel Cream,2026-03-10,2
CUST-R0285,Featherlight UV Shield SPF 50,2026-03-10,2
CUST-R0285,Radiance Gel Cleanser,2026-04-28,1
CUST-R0285,Mattify & Hydrate Gel Cream,2026-04-28,1
CUST-R0285,Tinted Mineral Defense SPF 30,2026-04-28,2
CUST-R0286,Scalp Reset Clarifying Shampoo,2025-06-03,1
CUST-R0286,Featherlight Balancing Conditioner,2025-06-03,1
CUST-R0286,Scalp Reset Clarifying Shampoo,2026-04-04,1
CUST-R0286,Featherlight Balancing Conditioner,2026-04-04,1
CUST-R0287,Hydra-Cleanse Micellar Water,2025-08-13,1
CUST-R0287,Velvet Rich Night Cream,2025-08-13,1
CUST-R0288,Velvet Foam Cleanser,2025-08-30,1
CUST-R0288,Barrier Boost Moisturizer,2025-08-30,1
CUST-R0288,Midnight Retinol Renewal Serum,2026-03-27,1
CUST-R0289,Featherlight Balancing Conditioner,2025-07-04,1
CUST-R0289,Growth Activator Scalp Treatment,2025-07-04,1
CUST-R0289,Hydra-Silk Moisture Shampoo,2026-01-24,1
CUST-R0289,Scalp Balance Serum,2026-01-24,1
CUST-R0290,Velvet Foam Cleanser,2025-06-24,1
CUST-R0290,Clear Complexion Niacinamide Serum,2025-06-24,1
CUST-R0290,Velvet Rich Night Cream,2025-06-24,2
CUST-R0290,Plump & Glow Hyaluronic Serum,2025-09-21,1
CUST-R0290,Velvet Foam Cleanser,2025-11-02,1
CUST-R0290,Velvet Foam Cleanser,2026-02-25,1
CUST-R0290,Velvet Rich Night Cream,2026-02-25,1
CUST-R0290,Velvet Rich Night Cream,2026-03-22,1
CUST-R0291,Bounce Back Volumizing Shampoo,2025-06-26,1
CUST-R0291,Strength Shield Protein Conditioner,2025-06-26,1
CUST-R0291,Bounce Back Volumizing Shampoo,2025-08-12,1
CUST-R0291,Strength Shield Protein Conditioner,2025-08-12,1
CUST-R0291,Velvet Foam Cleanser,2025-11-11,1
CUST-R0291,Peptide Lift Serum,2025-11-11,1
CUST-R0291,Bounce Back Volumizing Shampoo,2025-11-11,1
CUST-R0291,Velvet Foam Cleanser,2026-03-09,1
CUST-R0291,Peptide Lift Serum,2026-03-09,1
CUST-R0291,Bounce Back Volumizing Shampoo,2026-03-09,1
CUST-R0291,Strength Shield Protein Conditioner,2026-03-09,1
CUST-R0291,Velvet Foam Cleanser,2026-04-01,1
CUST-R0291,Peptide Lift Serum,2026-04-01,2
CUST-R0291,Bounce Back Volumizing Shampoo,2026-04-01,1
CUST-R0292,Radiance Gel Cleanser,2025-06-30,1
CUST-R0292,Scalp Reset Clarifying Shampoo,2025-06-30,1
CUST-R0292,Featherlight Balancing Conditioner,2025-06-30,2
CUST-R0292,Radiance Gel Cleanser,2025-07-23,1
CUST-R0292,Scalp Reset Clarifying Shampoo,2025-07-23,1
CUST-R0292,Featherlight Balancing Conditioner,2025-07-23,2
CUST-R0292,Radiance Gel Cleanser,2025-10-24,1
CUST-R0292,Glow Activator Vitamin C Serum,2025-10-24,1
CUST-R0292,Scalp Reset Clarifying Shampoo,2025-10-24,2
CUST-R0292,Radiance Gel Cleanser,2025-11-29,1
CUST-R0292,Glow Activator Vitamin C Serum,2025-11-29,1
CUST-R0292,Featherlight Balancing Conditioner,2025-11-29,2
CUST-R0292,Scalp Reset Clarifying Shampoo,2026-02-02,1
CUST-R0292,Featherlight Balancing Conditioner,2026-02-02,1
CUST-R0292,Radiance Gel Cleanser,2026-03-21,1
CUST-R0292,Glow Activator Vitamin C Serum,2026-03-21,1
CUST-R0292,Scalp Reset Clarifying Shampoo,2026-03-21,1
CUST-R0292,Radiance Gel Cleanser,2026-04-26,1
CUST-R0292,Glow Activator Vitamin C Serum,2026-04-26,1
CUST-R0292,Scalp Reset Clarifying Shampoo,2026-04-26,2
CUST-R0293,Midnight Retinol Renewal Serum,2025-08-02,1
CUST-R0293,Featherlight UV Shield SPF 50,2025-08-02,1
CUST-R0293,Midnight Retinol Renewal Serum,2025-08-26,1
CUST-R0293,Cloud Cream Firming Moisturizer,2025-08-26,1
CUST-R0293,Featherlight UV Shield SPF 50,2025-08-26,2
CUST-R0293,Cloud Cream Firming Moisturizer,2025-12-22,1
CUST-R0293,Featherlight UV Shield SPF 50,2025-12-22,1
CUST-R0293,Cloud Cream Firming Moisturizer,2026-02-03,1
CUST-R0293,Featherlight UV Shield SPF 50,2026-02-03,2
CUST-R0293,Midnight Retinol Renewal Serum,2026-04-22,1
CUST-R0294,Glow Activator Vitamin C Serum,2025-07-03,1
CUST-R0294,Dew Drop Essence Toner,2025-07-03,1
CUST-R0294,Velvet Foam Cleanser,2025-08-10,1
CUST-R0294,Glow Activator Vitamin C Serum,2025-08-10,1
CUST-R0294,Velvet Foam Cleanser,2025-11-26,1
CUST-R0294,Glow Activator Vitamin C Serum,2025-11-26,1
CUST-R0294,Plump & Glow Hyaluronic Serum,2025-11-26,1
CUST-R0294,Velvet Foam Cleanser,2025-12-10,2
CUST-R0294,Glow Activator Vitamin C Serum,2025-12-10,1
CUST-R0294,Velvet Foam Cleanser,2026-02-28,1
CUST-R0294,Glow Activator Vitamin C Serum,2026-02-28,2
CUST-R0294,Mattify & Hydrate Gel Cream,2026-02-28,1
CUST-R0294,Featherlight UV Shield SPF 50,2026-02-28,1
CUST-R0294,Velvet Foam Cleanser,2026-04-27,1
CUST-R0294,Glow Activator Vitamin C Serum,2026-04-27,1
CUST-R0294,Mattify & Hydrate Gel Cream,2026-04-27,1
CUST-R0295,Radiance Gel Cleanser,2025-07-13,1
CUST-R0295,Mattify & Hydrate Gel Cream,2025-07-13,1
CUST-R0295,Plump & Glow Hyaluronic Serum,2026-01-05,1
CUST-R0295,Mattify & Hydrate Gel Cream,2026-01-05,1
CUST-R0295,Radiance Gel Cleanser,2026-04-06,1
CUST-R0295,Plump & Glow Hyaluronic Serum,2026-04-06,1
CUST-R0295,Mattify & Hydrate Gel Cream,2026-04-06,1
CUST-R0296,Hydra-Cleanse Micellar Water,2025-12-02,2
CUST-R0296,Cloud Cream Firming Moisturizer,2025-12-02,1
CUST-R0297,Bounce Back Volumizing Shampoo,2025-08-01,1
CUST-R0297,Deep Dive Hydrating Conditioner,2025-08-01,1
CUST-R0297,Bounce Back Volumizing Shampoo,2025-08-07,1
CUST-R0297,Deep Dive Hydrating Conditioner,2025-08-07,1
CUST-R0297,Scalp Balance Serum,2025-08-07,1
CUST-R0297,Bounce Back Volumizing Shampoo,2025-11-20,1
CUST-R0297,Bounce Back Volumizing Shampoo,2026-01-25,2
CUST-R0297,Deep Dive Hydrating Conditioner,2026-01-25,1
CUST-R0297,Curl Defining Treatment Mask,2026-01-25,1
CUST-R0297,Bounce Back Volumizing Shampoo,2026-04-09,1
CUST-R0297,Deep Dive Hydrating Conditioner,2026-04-09,1
CUST-R0297,Frizz Control Leave-In Serum,2026-04-09,1
CUST-R0298,Velvet Foam Cleanser,2025-05-31,1
CUST-R0298,Clear Complexion Niacinamide Serum,2025-05-31,1
CUST-R0299,Cloud Cream Firming Moisturizer,2025-06-22,1
CUST-R0299,Hydra-Cleanse Micellar Water,2025-08-11,1
CUST-R0299,Cloud Cream Firming Moisturizer,2025-08-11,2
CUST-R0299,Skin Silk Squalane Oil,2025-08-11,2
CUST-R0299,Hydra-Cleanse Micellar Water,2025-12-08,1
CUST-R0299,Peptide Lift Serum,2025-12-08,1
CUST-R0299,Cloud Cream Firming Moisturizer,2025-12-08,1
CUST-R0299,Pore Refining BHA Pads,2025-12-08,1
CUST-R0299,Peptide Lift Serum,2026-01-22,1
CUST-R0299,Cloud Cream Firming Moisturizer,2026-01-22,1
CUST-R0299,Glow Activator Vitamin C Serum,2026-01-22,1
CUST-R0299,Hydra-Cleanse Micellar Water,2026-04-10,1
CUST-R0299,Peptide Lift Serum,2026-04-10,1
CUST-R0299,Cloud Cream Firming Moisturizer,2026-04-10,1
CUST-R0299,Plump & Glow Hyaluronic Serum,2026-04-10,1
CUST-R0300,Strength Shield Protein Conditioner,2025-06-06,1
CUST-R0300,Growth Activator Scalp Treatment,2025-06-06,1
CUST-R0300,Bounce Back Volumizing Shampoo,2025-10-07,1
CUST-R0300,Strength Shield Protein Conditioner,2025-10-07,1
CUST-R0300,Bounce Back Volumizing Shampoo,2025-12-13,1
CUST-R0300,Strength Shield Protein Conditioner,2025-12-13,1
CUST-R0300,Bounce Back Volumizing Shampoo,2026-01-09,1
CUST-R0300,Bounce Back Volumizing Shampoo,2026-05-05,1
CUST-R0300,Sleek & Define Styling Cream,2026-05-05,1
CUST-R0301,Velvet Foam Cleanser,2025-09-07,1
CUST-R0301,Clear Complexion Niacinamide Serum,2025-09-07,1
CUST-R0301,Mattify & Hydrate Gel Cream,2025-09-07,1
CUST-R0301,Clear Complexion Niacinamide Serum,2026-01-09,1
CUST-R0301,Mattify & Hydrate Gel Cream,2026-01-09,1
CUST-R0301,Velvet Foam Cleanser,2026-03-30,1
CUST-R0301,Clear Complexion Niacinamide Serum,2026-03-30,1
CUST-R0301,Mattify & Hydrate Gel Cream,2026-03-30,1
CUST-R0302,Radiance Gel Cleanser,2025-07-21,1
CUST-R0302,Peptide Lift Serum,2025-07-21,1
CUST-R0302,Velvet Rich Night Cream,2025-07-21,2
CUST-R0302,Radiance Gel Cleanser,2026-04-19,2
CUST-R0302,Peptide Lift Serum,2026-04-19,1
CUST-R0303,Clear Complexion Niacinamide Serum,2025-07-24,1
CUST-R0303,Color Protect Gentle Shampoo,2025-07-24,1
CUST-R0303,Velvet Foam Cleanser,2025-09-05,1
CUST-R0303,Clear Complexion Niacinamide Serum,2025-09-05,1
CUST-R0303,Color Protect Gentle Shampoo,2025-09-05,1
CUST-R0303,Deep Dive Hydrating Conditioner,2025-09-05,1
CUST-R0303,Color Protect Gentle Shampoo,2025-10-07,1
CUST-R0303,Deep Dive Hydrating Conditioner,2025-10-07,1
CUST-R0303,Velvet Foam Cleanser,2026-01-17,1
CUST-R0303,Clear Complexion Niacinamide Serum,2026-01-17,2
CUST-R0303,Color Protect Gentle Shampoo,2026-01-17,1
CUST-R0303,Deep Dive Hydrating Conditioner,2026-01-17,1
CUST-R0303,Clear Complexion Niacinamide Serum,2026-02-27,1
CUST-R0303,Color Protect Gentle Shampoo,2026-02-27,1
CUST-R0303,Deep Dive Hydrating Conditioner,2026-02-27,1
CUST-R0303,Clear Complexion Niacinamide Serum,2026-04-09,1
CUST-R0304,Peptide Lift Serum,2025-06-28,1
CUST-R0304,Velvet Rich Night Cream,2025-06-28,1
CUST-R0304,Featherlight UV Shield SPF 50,2025-06-28,1
CUST-R0304,Peptide Lift Serum,2025-09-08,1
CUST-R0304,Velvet Rich Night Cream,2025-09-08,2
CUST-R0304,Velvet Rich Night Cream,2025-11-23,1
CUST-R0304,Featherlight UV Shield SPF 50,2025-11-23,1
CUST-R0304,Peptide Lift Serum,2026-01-21,1
CUST-R0304,Velvet Rich Night Cream,2026-01-21,1
CUST-R0304,Featherlight UV Shield SPF 50,2026-01-21,1
CUST-R0304,Peptide Lift Serum,2026-05-17,1
CUST-R0304,Velvet Rich Night Cream,2026-05-17,1
CUST-R0304,Featherlight UV Shield SPF 50,2026-05-17,1
CUST-R0305,Radiance Gel Cleanser,2025-06-11,1
CUST-R0305,Glow Activator Vitamin C Serum,2025-06-11,1
CUST-R0305,Featherlight Balancing Conditioner,2025-06-11,1
CUST-R0305,Radiance Gel Cleanser,2025-09-03,1
CUST-R0305,Glow Activator Vitamin C Serum,2025-09-03,1
CUST-R0305,Featherlight Balancing Conditioner,2025-09-03,2
CUST-R0305,Glow Activator Vitamin C Serum,2025-12-19,1
CUST-R0305,Radiance Gel Cleanser,2026-01-13,1
CUST-R0305,Glow Activator Vitamin C Serum,2026-01-13,1
CUST-R0305,Bounce Back Volumizing Shampoo,2026-01-13,1
CUST-R0305,Featherlight Balancing Conditioner,2026-01-13,1
CUST-R0305,Radiance Gel Cleanser,2026-05-20,1
CUST-R0305,Glow Activator Vitamin C Serum,2026-05-20,1
CUST-R0305,Bounce Back Volumizing Shampoo,2026-05-20,1
CUST-R0305,Featherlight Balancing Conditioner,2026-05-20,1
CUST-R0306,Bounce Back Volumizing Shampoo,2025-05-28,1
CUST-R0306,Strength Shield Protein Conditioner,2025-05-28,1
CUST-R0306,Nourish & Shine Hair Oil,2025-05-28,1
CUST-R0306,Bounce Back Volumizing Shampoo,2025-10-01,1
CUST-R0306,Strength Shield Protein Conditioner,2025-10-01,1
CUST-R0306,Bounce Back Volumizing Shampoo,2025-11-30,1
CUST-R0306,Bounce Back Volumizing Shampoo,2026-05-03,1
CUST-R0306,Strength Shield Protein Conditioner,2026-05-03,1
CUST-R0307,Radiance Gel Cleanser,2025-08-05,1
CUST-R0307,Strength Shield Protein Conditioner,2025-08-05,1
CUST-R0307,Glow Activator Vitamin C Serum,2025-08-30,2
CUST-R0307,Scalp Reset Clarifying Shampoo,2025-08-30,1
CUST-R0307,Strength Shield Protein Conditioner,2025-08-30,1
CUST-R0307,Radiance Gel Cleanser,2025-11-08,1
CUST-R0307,Scalp Reset Clarifying Shampoo,2025-11-08,1
CUST-R0307,Strength Shield Protein Conditioner,2025-11-08,1
CUST-R0307,Radiance Gel Cleanser,2026-02-09,2
CUST-R0307,Glow Activator Vitamin C Serum,2026-02-09,1
CUST-R0307,Scalp Reset Clarifying Shampoo,2026-02-09,1
CUST-R0307,Radiance Gel Cleanser,2026-05-05,1
CUST-R0307,Glow Activator Vitamin C Serum,2026-05-05,1
CUST-R0307,Scalp Reset Clarifying Shampoo,2026-05-05,2
CUST-R0307,Strength Shield Protein Conditioner,2026-05-05,1
CUST-R0308,Radiance Gel Cleanser,2025-07-07,1
CUST-R0308,Clear Complexion Niacinamide Serum,2025-07-07,2
CUST-R0308,Clear Complexion Niacinamide Serum,2025-08-16,1
CUST-R0308,Radiance Gel Cleanser,2025-11-06,1
CUST-R0308,Clear Complexion Niacinamide Serum,2025-11-06,1
CUST-R0308,Barrier Boost Moisturizer,2025-11-06,1
CUST-R0308,Radiance Gel Cleanser,2026-03-08,1
CUST-R0308,Clear Complexion Niacinamide Serum,2026-03-08,1
CUST-R0308,Barrier Boost Moisturizer,2026-03-08,1
CUST-R0308,Barrier Boost Moisturizer,2026-04-12,2
CUST-R0309,Strength Shield Protein Conditioner,2025-06-17,1
CUST-R0309,Color Protect Gentle Shampoo,2025-11-11,1
CUST-R0309,Strength Shield Protein Conditioner,2025-11-11,1
CUST-R0309,Color Protect Gentle Shampoo,2026-02-17,1
CUST-R0309,Strength Shield Protein Conditioner,2026-02-17,1
CUST-R0309,Deep Repair Masque,2026-02-17,1
CUST-R0309,Color Protect Gentle Shampoo,2026-03-10,1
CUST-R0309,Strength Shield Protein Conditioner,2026-03-10,1
CUST-R0309,Sleek & Define Styling Cream,2026-03-10,1
CUST-R0310,Peptide Lift Serum,2025-08-07,1
CUST-R0310,Velvet Foam Cleanser,2025-10-10,1
CUST-R0310,Peptide Lift Serum,2025-10-10,1
CUST-R0310,Barrier Boost Moisturizer,2025-10-10,1
CUST-R0310,Velvet Foam Cleanser,2026-05-22,1
CUST-R0310,Peptide Lift Serum,2026-05-22,1
CUST-R0311,Velvet Foam Cleanser,2025-05-31,1
CUST-R0311,Cloud Cream Firming Moisturizer,2025-05-31,1
CUST-R0311,Velvet Foam Cleanser,2025-11-02,1
CUST-R0311,Plump & Glow Hyaluronic Serum,2025-11-02,2
CUST-R0311,Pore Refining BHA Pads,2025-11-02,1
CUST-R0311,Velvet Foam Cleanser,2026-01-13,1
CUST-R0311,Blemish Banisher Spot Treatment,2026-01-13,1
CUST-R0311,Cloud Cream Firming Moisturizer,2026-03-25,2
CUST-R0312,Mattify & Hydrate Gel Cream,2025-07-08,1
CUST-R0312,Velvet Foam Cleanser,2025-08-30,2
CUST-R0312,Mattify & Hydrate Gel Cream,2025-08-30,1
CUST-R0312,Velvet Foam Cleanser,2025-10-07,1
CUST-R0312,Plump & Glow Hyaluronic Serum,2025-10-07,1
CUST-R0312,Mattify & Hydrate Gel Cream,2025-10-07,1
CUST-R0312,Mattify & Hydrate Gel Cream,2025-11-20,1
CUST-R0312,Petal Soft Calming Toner,2025-11-20,1
CUST-R0312,Velvet Foam Cleanser,2026-01-27,1
CUST-R0312,Plump & Glow Hyaluronic Serum,2026-01-27,1
CUST-R0312,Mattify & Hydrate Gel Cream,2026-01-27,1
CUST-R0312,Velvet Foam Cleanser,2026-02-15,1
CUST-R0312,Skin Silk Squalane Oil,2026-02-15,1
CUST-R0312,Velvet Foam Cleanser,2026-04-10,1
CUST-R0312,Mattify & Hydrate Gel Cream,2026-04-10,1
CUST-R0312,Dew Drop Essence Toner,2026-04-10,2
CUST-R0313,Midnight Retinol Renewal Serum,2025-07-31,1
CUST-R0313,Cloud Cream Firming Moisturizer,2025-07-31,1
CUST-R0313,Tinted Mineral Defense SPF 30,2025-07-31,1
CUST-R0313,Midnight Retinol Renewal Serum,2025-10-22,1
CUST-R0313,Cloud Cream Firming Moisturizer,2025-10-22,1
CUST-R0313,Tinted Mineral Defense SPF 30,2025-10-22,1
CUST-R0313,Cloud Cream Firming Moisturizer,2026-03-30,1
CUST-R0313,Tinted Mineral Defense SPF 30,2026-03-30,1
CUST-R0314,Glow Activator Vitamin C Serum,2025-08-03,1
CUST-R0314,Barrier Boost Moisturizer,2025-08-03,1
CUST-R0314,Glow Activator Vitamin C Serum,2025-09-12,1
CUST-R0314,Glow Activator Vitamin C Serum,2025-12-25,1
CUST-R0314,Glow Activator Vitamin C Serum,2026-05-10,1
CUST-R0314,Barrier Boost Moisturizer,2026-05-10,1
CUST-R0314,Youth Revive Rosehip Oil,2026-05-10,1
CUST-R0315,Plump & Glow Hyaluronic Serum,2025-06-22,1
CUST-R0315,Radiance Gel Cleanser,2025-10-15,1
CUST-R0315,Hydra-Silk Moisture Shampoo,2025-10-15,1
CUST-R0315,Deep Dive Hydrating Conditioner,2025-10-15,1
CUST-R0315,Radiance Gel Cleanser,2026-01-26,1
CUST-R0315,Hydra-Silk Moisture Shampoo,2026-01-26,1
CUST-R0315,Deep Dive Hydrating Conditioner,2026-01-26,1
CUST-R0315,Radiance Gel Cleanser,2026-02-25,1
CUST-R0315,Plump & Glow Hyaluronic Serum,2026-02-25,1
CUST-R0315,Hydra-Silk Moisture Shampoo,2026-02-25,1
CUST-R0315,Deep Dive Hydrating Conditioner,2026-02-25,2
CUST-R0316,Bounce Back Volumizing Shampoo,2025-06-08,1
CUST-R0316,Strength Shield Protein Conditioner,2025-06-08,1
CUST-R0316,Growth Activator Scalp Treatment,2025-06-08,1
CUST-R0316,Bounce Back Volumizing Shampoo,2025-10-21,1
CUST-R0316,Strength Shield Protein Conditioner,2025-10-21,1
CUST-R0316,All Day Moisture Leave-In Cream,2025-10-21,1
CUST-R0316,Strength Shield Protein Conditioner,2025-12-21,1
CUST-R0316,Sleek & Define Styling Cream,2025-12-21,1
CUST-R0316,Bounce Back Volumizing Shampoo,2026-05-09,1
CUST-R0316,Curl Defining Treatment Mask,2026-05-09,2
CUST-R0317,Radiance Gel Cleanser,2025-07-11,1
CUST-R0317,Glow Activator Vitamin C Serum,2025-07-11,1
CUST-R0317,Deep Dive Hydrating Conditioner,2025-07-11,1
CUST-R0317,Radiance Gel Cleanser,2025-08-18,1
CUST-R0317,Glow Activator Vitamin C Serum,2025-08-18,1
CUST-R0317,Scalp Reset Clarifying Shampoo,2025-09-11,1
CUST-R0317,Deep Dive Hydrating Conditioner,2025-09-11,1
CUST-R0317,Radiance Gel Cleanser,2025-11-24,1
CUST-R0317,Glow Activator Vitamin C Serum,2025-11-24,1
CUST-R0317,Scalp Reset Clarifying Shampoo,2025-11-24,1
CUST-R0317,Scalp Reset Clarifying Shampoo,2025-12-31,1
CUST-R0317,Radiance Gel Cleanser,2026-03-21,1
CUST-R0317,Radiance Gel Cleanser,2026-04-11,1
CUST-R0317,Scalp Reset Clarifying Shampoo,2026-04-11,1
CUST-R0317,Deep Dive Hydrating Conditioner,2026-04-11,1
CUST-R0318,Midnight Retinol Renewal Serum,2025-06-08,1
CUST-R0318,Hydra-Cleanse Micellar Water,2025-08-30,1
CUST-R0318,Featherlight UV Shield SPF 50,2025-08-30,1
CUST-R0318,Midnight Retinol Renewal Serum,2025-10-02,1
CUST-R0318,Barrier Boost Moisturizer,2025-10-02,1
CUST-R0318,Petal Soft Calming Toner,2025-10-02,1
CUST-R0318,Midnight Retinol Renewal Serum,2025-12-15,1
CUST-R0318,Hydra-Cleanse Micellar Water,2026-01-18,1
CUST-R0318,Midnight Retinol Renewal Serum,2026-01-18,1
CUST-R0318,Midnight Retinol Renewal Serum,2026-03-12,1
CUST-R0318,Barrier Boost Moisturizer,2026-03-12,1
CUST-R0318,Peptide Lift Serum,2026-03-12,1
CUST-R0318,Hydra-Cleanse Micellar Water,2026-04-12,2
CUST-R0318,Midnight Retinol Renewal Serum,2026-04-12,1
CUST-R0318,Peptide Lift Serum,2026-04-12,1
CUST-R0319,Glow Activator Vitamin C Serum,2025-07-01,1
CUST-R0319,Velvet Rich Night Cream,2025-07-01,1
CUST-R0319,Velvet Foam Cleanser,2025-07-21,1
CUST-R0319,Glow Activator Vitamin C Serum,2025-07-21,1
CUST-R0319,Texture Eraser AHA Exfoliant,2025-07-21,1
CUST-R0319,Velvet Foam Cleanser,2025-09-29,1
CUST-R0319,Glow Activator Vitamin C Serum,2025-09-29,2
CUST-R0319,Velvet Rich Night Cream,2025-09-29,1
CUST-R0319,Velvet Foam Cleanser,2025-11-21,1
CUST-R0319,Glow Activator Vitamin C Serum,2025-11-21,1
CUST-R0319,Velvet Rich Night Cream,2025-11-21,1
CUST-R0319,Featherlight UV Shield SPF 50,2025-11-21,1
CUST-R0319,Velvet Foam Cleanser,2025-12-23,2
CUST-R0319,Velvet Rich Night Cream,2025-12-23,1
CUST-R0319,Youth Revive Rosehip Oil,2025-12-23,1
CUST-R0319,Velvet Foam Cleanser,2026-02-06,1
CUST-R0319,Glow Activator Vitamin C Serum,2026-02-06,1
CUST-R0319,Velvet Rich Night Cream,2026-02-06,1
CUST-R0319,Plump & Glow Hyaluronic Serum,2026-02-06,1
CUST-R0319,Velvet Rich Night Cream,2026-03-31,1
CUST-R0319,Featherlight UV Shield SPF 50,2026-03-31,1
CUST-R0319,Glow Activator Vitamin C Serum,2026-04-24,1
CUST-R0319,Velvet Rich Night Cream,2026-04-24,1
CUST-R0320,Radiance Gel Cleanser,2025-06-29,1
CUST-R0320,Midnight Retinol Renewal Serum,2025-06-29,1
CUST-R0320,Bounce Back Volumizing Shampoo,2025-06-29,1
CUST-R0320,Featherlight Balancing Conditioner,2025-06-29,1
CUST-R0320,Radiance Gel Cleanser,2025-10-05,2
CUST-R0320,Midnight Retinol Renewal Serum,2025-10-05,1
CUST-R0320,Bounce Back Volumizing Shampoo,2025-10-05,1
CUST-R0320,Featherlight Balancing Conditioner,2025-10-05,1
CUST-R0320,Radiance Gel Cleanser,2025-11-16,1
CUST-R0320,Featherlight Balancing Conditioner,2025-11-16,1
CUST-R0320,Radiance Gel Cleanser,2026-02-08,1
CUST-R0320,Bounce Back Volumizing Shampoo,2026-02-08,2
CUST-R0320,Featherlight Balancing Conditioner,2026-02-08,1
CUST-R0320,Midnight Retinol Renewal Serum,2026-04-16,1
CUST-R0320,Bounce Back Volumizing Shampoo,2026-04-16,1
CUST-R0320,Featherlight Balancing Conditioner,2026-04-16,1
CUST-R0321,Midnight Retinol Renewal Serum,2025-07-14,1
CUST-R0321,Tinted Mineral Defense SPF 30,2025-07-14,1
CUST-R0321,Midnight Retinol Renewal Serum,2025-08-22,1
CUST-R0321,Velvet Rich Night Cream,2025-08-22,1
CUST-R0321,Tinted Mineral Defense SPF 30,2025-08-22,1
CUST-R0321,Midnight Retinol Renewal Serum,2025-11-30,1
CUST-R0321,Velvet Rich Night Cream,2025-11-30,1
CUST-R0321,Tinted Mineral Defense SPF 30,2025-11-30,1
CUST-R0321,Midnight Retinol Renewal Serum,2026-01-28,2
CUST-R0321,Velvet Rich Night Cream,2026-01-28,2
CUST-R0321,Tinted Mineral Defense SPF 30,2026-01-28,1
CUST-R0321,Midnight Retinol Renewal Serum,2026-04-11,1
CUST-R0321,Velvet Rich Night Cream,2026-04-11,1
CUST-R0321,Tinted Mineral Defense SPF 30,2026-04-11,1
CUST-R0322,Velvet Foam Cleanser,2025-07-03,1
CUST-R0322,Clear Complexion Niacinamide Serum,2025-07-03,1
CUST-R0322,Velvet Rich Night Cream,2025-07-03,2
CUST-R0322,Clear Complexion Niacinamide Serum,2025-09-20,1
CUST-R0322,Velvet Foam Cleanser,2025-10-28,1
CUST-R0322,Featherlight UV Shield SPF 50,2025-10-28,1
CUST-R0322,Velvet Foam Cleanser,2026-02-04,2
CUST-R0322,Velvet Rich Night Cream,2026-02-04,1
CUST-R0322,Featherlight UV Shield SPF 50,2026-02-04,1
CUST-R0322,Velvet Foam Cleanser,2026-05-22,1
CUST-R0323,Glow Activator Vitamin C Serum,2025-06-26,1
CUST-R0323,Mattify & Hydrate Gel Cream,2025-06-26,1
CUST-R0323,Pore Refining BHA Pads,2025-06-26,1
CUST-R0323,Velvet Foam Cleanser,2025-08-15,1
CUST-R0323,Glow Activator Vitamin C Serum,2025-08-15,1
CUST-R0323,Mattify & Hydrate Gel Cream,2025-08-15,1
CUST-R0323,Mattify & Hydrate Gel Cream,2025-10-06,1
CUST-R0323,Blemish Banisher Spot Treatment,2025-10-06,1
CUST-R0323,Velvet Foam Cleanser,2025-11-02,1
CUST-R0323,Glow Activator Vitamin C Serum,2025-11-02,1
CUST-R0323,Texture Eraser AHA Exfoliant,2025-11-02,2
CUST-R0323,Glow Activator Vitamin C Serum,2025-12-21,1
CUST-R0323,Mattify & Hydrate Gel Cream,2025-12-21,1
CUST-R0323,Clear Complexion Niacinamide Serum,2025-12-21,2
CUST-R0323,Glow Activator Vitamin C Serum,2026-01-31,2
CUST-R0323,Midnight Retinol Renewal Serum,2026-01-31,1
CUST-R0323,Peptide Lift Serum,2026-03-03,1
CUST-R0323,Velvet Foam Cleanser,2026-04-11,1
CUST-R0324,Velvet Foam Cleanser,2025-07-18,1
CUST-R0324,Plump & Glow Hyaluronic Serum,2025-07-18,1
CUST-R0324,Mattify & Hydrate Gel Cream,2025-07-18,1
CUST-R0324,Clear Complexion Niacinamide Serum,2025-07-18,1
CUST-R0324,Velvet Foam Cleanser,2025-10-18,1
CUST-R0324,Plump & Glow Hyaluronic Serum,2025-10-18,2
CUST-R0324,Mattify & Hydrate Gel Cream,2025-10-18,2
CUST-R0324,Velvet Foam Cleanser,2025-11-26,2
CUST-R0324,Plump & Glow Hyaluronic Serum,2025-11-26,1
CUST-R0324,Mattify & Hydrate Gel Cream,2025-11-26,2
CUST-R0324,Pore Refining BHA Pads,2025-11-26,2
CUST-R0324,Skin Silk Squalane Oil,2026-01-20,1
CUST-R0324,Velvet Foam Cleanser,2026-05-18,1
CUST-R0324,Pore Refining BHA Pads,2026-05-18,1
CUST-R0325,Velvet Foam Cleanser,2025-05-29,1
CUST-R0325,Hydra-Silk Moisture Shampoo,2025-05-29,1
CUST-R0325,Featherlight Balancing Conditioner,2025-05-29,1
CUST-R0325,Featherlight Balancing Conditioner,2025-08-05,1
CUST-R0325,Hydra-Silk Moisture Shampoo,2025-10-20,1
CUST-R0325,Clear Complexion Niacinamide Serum,2025-11-04,1
CUST-R0325,Featherlight Balancing Conditioner,2025-11-04,1
CUST-R0325,Hydra-Silk Moisture Shampoo,2026-01-25,1
CUST-R0325,Velvet Foam Cleanser,2026-03-11,1
CUST-R0325,Clear Complexion Niacinamide Serum,2026-03-11,1
CUST-R0325,Hydra-Silk Moisture Shampoo,2026-03-11,1
CUST-R0325,Featherlight Balancing Conditioner,2026-03-11,1
CUST-R0325,Clear Complexion Niacinamide Serum,2026-05-06,1
CUST-R0325,Hydra-Silk Moisture Shampoo,2026-05-06,2
CUST-R0326,Barrier Boost Moisturizer,2025-08-25,1
CUST-R0326,Calm Down Redness Relief Mist,2025-08-25,1
CUST-R0326,Hydra-Cleanse Micellar Water,2025-09-15,2
CUST-R0326,Barrier Boost Moisturizer,2025-09-15,1
CUST-R0326,Hydra-Cleanse Micellar Water,2026-01-17,1
CUST-R0326,Peptide Lift Serum,2026-01-17,1
CUST-R0326,Clear Complexion Niacinamide Serum,2026-01-17,1
CUST-R0326,Peptide Lift Serum,2026-05-18,2
CUST-R0327,Velvet Foam Cleanser,2025-07-12,1
CUST-R0327,Color Protect Gentle Shampoo,2025-07-12,1
CUST-R0327,Featherlight Balancing Conditioner,2025-07-12,1
CUST-R0327,Velvet Foam Cleanser,2025-09-01,1
CUST-R0327,Glow Activator Vitamin C Serum,2025-09-01,1
CUST-R0327,Color Protect Gentle Shampoo,2025-09-01,2
CUST-R0327,Velvet Foam Cleanser,2025-10-02,1
CUST-R0327,Color Protect Gentle Shampoo,2025-10-02,1
CUST-R0327,Velvet Foam Cleanser,2025-11-29,1
CUST-R0327,Glow Activator Vitamin C Serum,2025-11-29,2
CUST-R0327,Color Protect Gentle Shampoo,2025-11-29,2
CUST-R0327,Featherlight Balancing Conditioner,2025-11-29,2
CUST-R0327,Velvet Foam Cleanser,2025-12-28,1
CUST-R0327,Glow Activator Vitamin C Serum,2025-12-28,2
CUST-R0327,Color Protect Gentle Shampoo,2025-12-28,1
CUST-R0327,Featherlight Balancing Conditioner,2025-12-28,1
CUST-R0327,Velvet Foam Cleanser,2026-03-18,1
CUST-R0327,Color Protect Gentle Shampoo,2026-03-18,1
CUST-R0327,Velvet Foam Cleanser,2026-04-04,1
CUST-R0327,Glow Activator Vitamin C Serum,2026-04-04,1
CUST-R0327,Color Protect Gentle Shampoo,2026-04-04,1
CUST-R0327,Featherlight Balancing Conditioner,2026-04-04,1
CUST-R0328,Clear Complexion Niacinamide Serum,2025-06-22,1
CUST-R0328,Radiance Gel Cleanser,2025-08-13,1
CUST-R0328,Cloud Cream Firming Moisturizer,2025-08-13,1
CUST-R0328,Texture Eraser AHA Exfoliant,2025-09-14,1
CUST-R0328,Peptide Lift Serum,2025-11-18,1
CUST-R0328,Cloud Cream Firming Moisturizer,2025-11-18,1
CUST-R0328,Radiance Gel Cleanser,2026-01-31,1
CUST-R0328,Peptide Lift Serum,2026-01-31,1
CUST-R0328,Pore Refining BHA Pads,2026-01-31,1
CUST-R0328,Radiance Gel Cleanser,2026-03-07,1
CUST-R0328,Peptide Lift Serum,2026-03-07,1
CUST-R0328,Peptide Lift Serum,2026-04-20,2
CUST-R0328,Blemish Banisher Spot Treatment,2026-04-20,1
CUST-R0329,Glow Activator Vitamin C Serum,2025-12-22,1
CUST-R0329,Cloud Cream Firming Moisturizer,2025-12-22,1
CUST-R0330,Radiance Gel Cleanser,2025-07-26,1
CUST-R0330,Peptide Lift Serum,2025-07-26,1
CUST-R0330,Radiance Gel Cleanser,2025-08-20,1
CUST-R0330,Peptide Lift Serum,2025-08-20,1
CUST-R0330,Velvet Rich Night Cream,2025-08-20,1
CUST-R0330,Velvet Rich Night Cream,2025-10-29,1
CUST-R0330,Petal Soft Calming Toner,2025-10-29,1
CUST-R0330,Radiance Gel Cleanser,2026-03-04,1
CUST-R0330,Velvet Rich Night Cream,2026-03-04,1
CUST-R0330,Pore Refining BHA Pads,2026-03-04,1
CUST-R0330,Peptide Lift Serum,2026-05-21,1
CUST-R0330,Velvet Rich Night Cream,2026-05-21,1
CUST-R0330,Blemish Banisher Spot Treatment,2026-05-21,1
CUST-R0331,Radiance Gel Cleanser,2026-01-23,1
CUST-R0331,Midnight Retinol Renewal Serum,2026-01-23,1
CUST-R0331,Cloud Cream Firming Moisturizer,2026-01-23,2
CUST-R0332,Midnight Retinol Renewal Serum,2025-07-18,1
CUST-R0332,Color Protect Gentle Shampoo,2025-07-18,1
CUST-R0332,Deep Dive Hydrating Conditioner,2025-07-18,1
CUST-R0332,Color Protect Gentle Shampoo,2025-08-09,2
CUST-R0332,Deep Dive Hydrating Conditioner,2025-08-09,1
CUST-R0332,Velvet Foam Cleanser,2025-10-02,2
CUST-R0332,Midnight Retinol Renewal Serum,2025-10-02,1
CUST-R0332,Velvet Foam Cleanser,2025-12-26,1
CUST-R0332,Color Protect Gentle Shampoo,2025-12-26,2
CUST-R0332,Velvet Foam Cleanser,2026-03-07,1
CUST-R0332,Midnight Retinol Renewal Serum,2026-03-07,2
CUST-R0332,Color Protect Gentle Shampoo,2026-03-07,1
CUST-R0332,Deep Dive Hydrating Conditioner,2026-03-07,1
CUST-R0332,Velvet Foam Cleanser,2026-03-27,1
CUST-R0332,Midnight Retinol Renewal Serum,2026-03-27,2
CUST-R0333,Glow Activator Vitamin C Serum,2026-01-31,1
CUST-R0333,Mattify & Hydrate Gel Cream,2026-01-31,1
CUST-R0334,Velvet Rich Night Cream,2025-08-06,1
CUST-R0334,Tinted Mineral Defense SPF 30,2025-08-06,1
CUST-R0334,Peptide Lift Serum,2025-09-29,1
CUST-R0334,Velvet Rich Night Cream,2025-09-29,1
CUST-R0334,Tinted Mineral Defense SPF 30,2025-09-29,1
CUST-R0334,Peptide Lift Serum,2025-12-24,1
CUST-R0334,Velvet Rich Night Cream,2025-12-24,1
CUST-R0334,Tinted Mineral Defense SPF 30,2025-12-24,1
CUST-R0334,Peptide Lift Serum,2026-01-23,1
CUST-R0334,Velvet Rich Night Cream,2026-01-23,1
CUST-R0334,Peptide Lift Serum,2026-04-02,1
CUST-R0335,Hydra-Silk Moisture Shampoo,2025-06-01,1
CUST-R0335,Featherlight Balancing Conditioner,2025-06-01,1
CUST-R0335,Hydra-Silk Moisture Shampoo,2026-03-25,1
CUST-R0335,Featherlight Balancing Conditioner,2026-03-25,1
CUST-R0336,Mattify & Hydrate Gel Cream,2025-07-16,1
CUST-R0336,Mattify & Hydrate Gel Cream,2025-09-03,1
CUST-R0336,Midnight Retinol Renewal Serum,2026-02-15,1
CUST-R0336,Midnight Retinol Renewal Serum,2026-05-25,1
CUST-R0336,Mattify & Hydrate Gel Cream,2026-05-25,1
CUST-R0336,Skin Silk Squalane Oil,2026-05-25,1
CUST-R0337,Plump & Glow Hyaluronic Serum,2025-10-14,1
CUST-R0337,Barrier Boost Moisturizer,2025-10-14,1
CUST-R0337,Velvet Foam Cleanser,2026-03-29,1
CUST-R0337,Plump & Glow Hyaluronic Serum,2026-03-29,1
CUST-R0338,Hydra-Cleanse Micellar Water,2026-01-06,1
CUST-R0338,Plump & Glow Hyaluronic Serum,2026-01-06,2
CUST-R0339,Peptide Lift Serum,2025-06-07,1
CUST-R0339,Velvet Rich Night Cream,2025-06-07,1
CUST-R0339,Featherlight UV Shield SPF 50,2025-06-07,1
CUST-R0339,Peptide Lift Serum,2025-10-06,1
CUST-R0339,Velvet Rich Night Cream,2025-10-06,1
CUST-R0339,Peptide Lift Serum,2025-11-23,1
CUST-R0339,Velvet Rich Night Cream,2025-11-23,1
CUST-R0339,Featherlight UV Shield SPF 50,2025-11-23,1
CUST-R0339,Featherlight UV Shield SPF 50,2026-02-04,1
CUST-R0339,Velvet Rich Night Cream,2026-04-04,1
CUST-R0339,Featherlight UV Shield SPF 50,2026-04-04,1
CUST-R0340,Radiance Gel Cleanser,2025-06-11,1
CUST-R0340,Clear Complexion Niacinamide Serum,2025-07-25,1
CUST-R0340,Clear Complexion Niacinamide Serum,2025-09-21,1
CUST-R0340,Velvet Rich Night Cream,2025-09-21,1
CUST-R0340,Velvet Rich Night Cream,2025-11-26,1
CUST-R0340,Plump & Glow Hyaluronic Serum,2025-11-26,1
CUST-R0340,Radiance Gel Cleanser,2026-01-09,1
CUST-R0340,Clear Complexion Niacinamide Serum,2026-01-09,2
CUST-R0340,Velvet Rich Night Cream,2026-01-09,1
CUST-R0340,Clear Complexion Niacinamide Serum,2026-01-31,1
CUST-R0340,Radiance Gel Cleanser,2026-04-06,1
CUST-R0340,Clear Complexion Niacinamide Serum,2026-04-28,1
CUST-R0340,Velvet Rich Night Cream,2026-04-28,1
CUST-R0341,Glow Activator Vitamin C Serum,2025-07-27,1
CUST-R0341,Bounce Back Volumizing Shampoo,2025-07-27,1
CUST-R0341,Bounce Back Volumizing Shampoo,2025-09-18,1
CUST-R0341,Glow Activator Vitamin C Serum,2025-11-02,1
CUST-R0341,Strength Shield Protein Conditioner,2025-11-02,1
CUST-R0341,Bounce Back Volumizing Shampoo,2026-01-08,1
CUST-R0341,Strength Shield Protein Conditioner,2026-01-08,1
CUST-R0341,Strength Shield Protein Conditioner,2026-04-14,1
CUST-R0342,Plump & Glow Hyaluronic Serum,2025-05-27,1
CUST-R0342,Plump & Glow Hyaluronic Serum,2025-08-24,1
CUST-R0342,Barrier Boost Moisturizer,2025-08-24,1
CUST-R0342,Petal Soft Calming Toner,2025-08-24,1
CUST-R0342,Radiance Gel Cleanser,2025-09-17,1
CUST-R0342,Barrier Boost Moisturizer,2025-09-17,1
CUST-R0342,Plump & Glow Hyaluronic Serum,2025-09-17,1
CUST-R0342,Plump & Glow Hyaluronic Serum,2025-12-07,1
CUST-R0342,Radiance Gel Cleanser,2026-01-21,1
CUST-R0342,Plump & Glow Hyaluronic Serum,2026-01-21,1
CUST-R0342,Barrier Boost Moisturizer,2026-01-21,1
CUST-R0342,Radiance Gel Cleanser,2026-03-24,2
CUST-R0342,Plump & Glow Hyaluronic Serum,2026-03-24,1
CUST-R0342,Barrier Boost Moisturizer,2026-03-24,1
CUST-R0342,Tinted Mineral Defense SPF 30,2026-03-24,1
CUST-R0342,Radiance Gel Cleanser,2026-04-08,1
CUST-R0342,Midnight Retinol Renewal Serum,2026-04-08,1
CUST-R0343,Bounce Back Volumizing Shampoo,2025-07-13,1
CUST-R0343,Featherlight Balancing Conditioner,2025-07-13,1
CUST-R0343,Bounce Back Volumizing Shampoo,2025-09-18,1
CUST-R0343,Nourish & Shine Hair Oil,2025-09-18,1
CUST-R0343,Featherlight Balancing Conditioner,2025-10-20,1
CUST-R0343,Sleek & Define Styling Cream,2025-10-20,1
CUST-R0343,Bounce Back Volumizing Shampoo,2026-01-26,1
CUST-R0343,Featherlight Balancing Conditioner,2026-01-26,1
CUST-R0343,Bounce Back Volumizing Shampoo,2026-04-26,1
CUST-R0343,Featherlight Balancing Conditioner,2026-04-26,1
CUST-R0344,Peptide Lift Serum,2025-05-31,1
CUST-R0344,Mattify & Hydrate Gel Cream,2025-05-31,1
CUST-R0344,Midnight Retinol Renewal Serum,2025-05-31,1
CUST-R0344,Velvet Foam Cleanser,2025-09-16,1
CUST-R0344,Peptide Lift Serum,2025-09-16,1
CUST-R0344,Mattify & Hydrate Gel Cream,2025-09-16,1
CUST-R0344,Mattify & Hydrate Gel Cream,2025-10-22,1
CUST-R0344,Featherlight UV Shield SPF 50,2025-10-22,1
CUST-R0344,Velvet Foam Cleanser,2026-02-01,1
CUST-R0344,Peptide Lift Serum,2026-02-01,1
CUST-R0344,Mattify & Hydrate Gel Cream,2026-02-01,1
CUST-R0344,Velvet Foam Cleanser,2026-04-10,2
CUST-R0345,Hydra-Cleanse Micellar Water,2026-02-27,1
CUST-R0345,Peptide Lift Serum,2026-02-27,1
CUST-R0345,Cloud Cream Firming Moisturizer,2026-02-27,2
CUST-R0346,Deep Dive Hydrating Conditioner,2025-08-01,2
CUST-R0346,Scalp Reset Clarifying Shampoo,2026-01-14,1
CUST-R0346,Deep Dive Hydrating Conditioner,2026-01-14,1
CUST-R0346,Sleek & Define Styling Cream,2026-01-14,1
CUST-R0347,Velvet Foam Cleanser,2025-06-18,1
CUST-R0347,Bounce Back Volumizing Shampoo,2025-06-18,1
CUST-R0347,Velvet Foam Cleanser,2025-08-20,1
CUST-R0347,Peptide Lift Serum,2025-08-20,1
CUST-R0347,Bounce Back Volumizing Shampoo,2025-08-20,1
CUST-R0347,Peptide Lift Serum,2025-09-25,1
CUST-R0347,Bounce Back Volumizing Shampoo,2025-09-25,1
CUST-R0347,Strength Shield Protein Conditioner,2025-09-25,1
CUST-R0347,Velvet Foam Cleanser,2025-11-04,1
CUST-R0347,Peptide Lift Serum,2025-11-04,1
CUST-R0347,Bounce Back Volumizing Shampoo,2025-11-04,1
CUST-R0347,Strength Shield Protein Conditioner,2025-11-04,1
CUST-R0347,Velvet Foam Cleanser,2026-01-16,1
CUST-R0347,Bounce Back Volumizing Shampoo,2026-01-16,1
CUST-R0347,Velvet Foam Cleanser,2026-02-24,1
CUST-R0347,Peptide Lift Serum,2026-02-24,2
CUST-R0347,Strength Shield Protein Conditioner,2026-02-24,1
CUST-R0347,Peptide Lift Serum,2026-04-04,1
CUST-R0347,Strength Shield Protein Conditioner,2026-04-04,1
CUST-R0348,Velvet Foam Cleanser,2025-05-30,1
CUST-R0348,Clear Complexion Niacinamide Serum,2025-05-30,1
CUST-R0348,Velvet Foam Cleanser,2026-01-11,2
CUST-R0348,Clear Complexion Niacinamide Serum,2026-01-11,1
CUST-R0348,Barrier Boost Moisturizer,2026-01-11,1
CUST-R0349,Radiance Gel Cleanser,2025-06-27,1
CUST-R0349,Plump & Glow Hyaluronic Serum,2025-06-27,1
CUST-R0349,Barrier Boost Moisturizer,2025-06-27,1
CUST-R0349,Glow Activator Vitamin C Serum,2025-06-27,1
CUST-R0349,Radiance Gel Cleanser,2025-08-23,1
CUST-R0349,Plump & Glow Hyaluronic Serum,2025-08-23,2
CUST-R0349,Clear Complexion Niacinamide Serum,2025-08-23,1
CUST-R0349,Plump & Glow Hyaluronic Serum,2025-10-08,1
CUST-R0349,Barrier Boost Moisturizer,2025-10-08,1
CUST-R0349,Tinted Mineral Defense SPF 30,2025-12-11,1
CUST-R0349,Barrier Boost Moisturizer,2026-01-29,1
CUST-R0349,Radiance Gel Cleanser,2026-04-28,1
CUST-R0349,Youth Revive Rosehip Oil,2026-04-28,1
CUST-R0350,Color Protect Gentle Shampoo,2025-07-03,1
CUST-R0350,Strength Shield Protein Conditioner,2025-07-03,1
CUST-R0350,Curl Defining Treatment Mask,2025-07-03,1
CUST-R0350,Color Protect Gentle Shampoo,2025-09-05,1
CUST-R0350,Strength Shield Protein Conditioner,2025-09-05,1
CUST-R0350,Frizz Control Leave-In Serum,2025-09-05,1
CUST-R0350,Color Protect Gentle Shampoo,2025-11-03,1
CUST-R0350,Strength Shield Protein Conditioner,2025-11-03,1
CUST-R0350,All Day Moisture Leave-In Cream,2025-11-03,1
CUST-R0350,Color Protect Gentle Shampoo,2026-02-25,1
CUST-R0350,Strength Shield Protein Conditioner,2026-02-25,1
CUST-R0350,Color Protect Gentle Shampoo,2026-03-20,1
CUST-R0350,Strength Shield Protein Conditioner,2026-03-20,1
CUST-R0350,All Day Moisture Leave-In Cream,2026-03-20,1
CUST-R0351,Hydra-Cleanse Micellar Water,2025-06-13,1
CUST-R0351,Barrier Boost Moisturizer,2025-06-13,1
CUST-R0351,Hydra-Cleanse Micellar Water,2025-08-09,1
CUST-R0351,Plump & Glow Hyaluronic Serum,2025-08-09,1
CUST-R0351,Plump & Glow Hyaluronic Serum,2025-08-29,1
CUST-R0351,Barrier Boost Moisturizer,2025-08-29,1
CUST-R0351,Tinted Mineral Defense SPF 30,2025-08-29,1
CUST-R0351,Hydra-Cleanse Micellar Water,2025-10-29,1
CUST-R0351,Plump & Glow Hyaluronic Serum,2025-10-29,1
CUST-R0351,Barrier Boost Moisturizer,2025-10-29,1
CUST-R0351,Texture Eraser AHA Exfoliant,2025-10-29,1
CUST-R0351,Hydra-Cleanse Micellar Water,2026-01-03,1
CUST-R0351,Hydra-Cleanse Micellar Water,2026-01-29,1
CUST-R0351,Barrier Boost Moisturizer,2026-01-29,1
CUST-R0351,Barrier Boost Moisturizer,2026-03-25,1
CUST-R0351,Youth Revive Rosehip Oil,2026-03-25,1
CUST-R0351,Hydra-Cleanse Micellar Water,2026-04-30,1
CUST-R0351,Plump & Glow Hyaluronic Serum,2026-04-30,1
CUST-R0351,Barrier Boost Moisturizer,2026-04-30,1
CUST-R0351,Pore Refining BHA Pads,2026-04-30,1
CUST-R0352,Radiance Gel Cleanser,2025-07-01,1
CUST-R0352,Glow Activator Vitamin C Serum,2025-07-01,1
CUST-R0352,Pore Refining BHA Pads,2025-07-01,1
CUST-R0352,Radiance Gel Cleanser,2025-07-18,1
CUST-R0352,Velvet Rich Night Cream,2025-07-18,1
CUST-R0352,Blemish Banisher Spot Treatment,2025-07-18,1
CUST-R0352,Velvet Rich Night Cream,2025-09-23,1
CUST-R0352,Blemish Banisher Spot Treatment,2025-09-23,1
CUST-R0352,Radiance Gel Cleanser,2025-11-26,1
CUST-R0352,Glow Activator Vitamin C Serum,2026-02-09,2
CUST-R0352,Velvet Rich Night Cream,2026-02-09,1
CUST-R0352,Midnight Retinol Renewal Serum,2026-02-09,1
CUST-R0352,Glow Activator Vitamin C Serum,2026-03-31,2
CUST-R0352,Glow Activator Vitamin C Serum,2026-05-23,1
CUST-R0352,Velvet Rich Night Cream,2026-05-23,2
CUST-R0353,Scalp Reset Clarifying Shampoo,2025-07-29,1
CUST-R0353,Scalp Reset Clarifying Shampoo,2026-05-22,2
CUST-R0353,Deep Dive Hydrating Conditioner,2026-05-22,1
CUST-R0353,Deep Repair Masque,2026-05-22,1
CUST-R0354,Scalp Reset Clarifying Shampoo,2025-07-18,1
CUST-R0354,Nourish & Shine Hair Oil,2025-07-18,1
CUST-R0354,Featherlight Balancing Conditioner,2025-10-09,1
CUST-R0354,Scalp Reset Clarifying Shampoo,2025-11-19,1
CUST-R0354,Scalp Reset Clarifying Shampoo,2026-03-05,1
CUST-R0354,Featherlight Balancing Conditioner,2026-03-05,1
CUST-R0354,Deep Repair Masque,2026-03-05,1
CUST-R0354,Scalp Reset Clarifying Shampoo,2026-04-24,1
CUST-R0354,Featherlight Balancing Conditioner,2026-04-24,1
CUST-R0355,Peptide Lift Serum,2025-07-19,1
CUST-R0355,Featherlight UV Shield SPF 50,2025-07-19,1
CUST-R0355,Peptide Lift Serum,2025-11-18,1
CUST-R0355,Cloud Cream Firming Moisturizer,2025-11-18,1
CUST-R0355,Featherlight UV Shield SPF 50,2025-11-18,1
CUST-R0355,Cloud Cream Firming Moisturizer,2026-05-07,1
CUST-R0355,Featherlight UV Shield SPF 50,2026-05-07,1
CUST-R0356,Hydra-Cleanse Micellar Water,2025-07-17,1
CUST-R0356,Midnight Retinol Renewal Serum,2025-07-17,2
CUST-R0357,Midnight Retinol Renewal Serum,2025-07-09,1
CUST-R0357,Velvet Rich Night Cream,2025-07-09,1
CUST-R0357,Featherlight UV Shield SPF 50,2025-07-09,1
CUST-R0357,Midnight Retinol Renewal Serum,2025-08-23,2
CUST-R0357,Midnight Retinol Renewal Serum,2025-11-28,1
CUST-R0357,Velvet Rich Night Cream,2025-11-28,1
CUST-R0357,Featherlight UV Shield SPF 50,2025-11-28,1
CUST-R0357,Midnight Retinol Renewal Serum,2026-03-09,1
CUST-R0357,Featherlight UV Shield SPF 50,2026-03-09,1
CUST-R0357,Midnight Retinol Renewal Serum,2026-04-13,1
CUST-R0357,Velvet Rich Night Cream,2026-04-13,1
CUST-R0358,Cloud Cream Firming Moisturizer,2025-07-12,1
CUST-R0358,Clear Complexion Niacinamide Serum,2025-12-16,1
CUST-R0358,Cloud Cream Firming Moisturizer,2025-12-16,1
CUST-R0359,Deep Dive Hydrating Conditioner,2025-10-14,1
CUST-R0359,Scalp Reset Clarifying Shampoo,2025-12-03,1
CUST-R0359,Deep Dive Hydrating Conditioner,2025-12-03,2
CUST-R0359,Scalp Balance Serum,2025-12-03,1
CUST-R0360,Deep Dive Hydrating Conditioner,2025-06-11,1
CUST-R0360,Color Protect Gentle Shampoo,2025-11-13,1
CUST-R0360,Deep Dive Hydrating Conditioner,2025-11-13,1
CUST-R0360,Color Protect Gentle Shampoo,2026-02-17,1
CUST-R0360,Color Protect Gentle Shampoo,2026-05-03,1
CUST-R0360,Deep Dive Hydrating Conditioner,2026-05-03,2
CUST-R0361,Plump & Glow Hyaluronic Serum,2025-07-17,1
CUST-R0361,Color Protect Gentle Shampoo,2025-07-17,1
CUST-R0361,Plump & Glow Hyaluronic Serum,2025-08-12,1
CUST-R0361,Plump & Glow Hyaluronic Serum,2025-12-13,1
CUST-R0361,Featherlight Balancing Conditioner,2025-12-13,1
CUST-R0361,Radiance Gel Cleanser,2025-12-31,1
CUST-R0361,Plump & Glow Hyaluronic Serum,2025-12-31,1
CUST-R0361,Color Protect Gentle Shampoo,2025-12-31,1
CUST-R0361,Radiance Gel Cleanser,2026-03-16,1
CUST-R0361,Featherlight Balancing Conditioner,2026-03-16,2
CUST-R0362,Radiance Gel Cleanser,2025-08-24,1
CUST-R0362,Glow Activator Vitamin C Serum,2025-08-24,1
CUST-R0362,Cloud Cream Firming Moisturizer,2025-08-24,1
CUST-R0362,Dew Drop Essence Toner,2025-08-24,1
CUST-R0362,Radiance Gel Cleanser,2025-10-11,1
CUST-R0362,Glow Activator Vitamin C Serum,2025-10-11,1
CUST-R0362,Cloud Cream Firming Moisturizer,2025-10-11,1
CUST-R0362,Calm Down Redness Relief Mist,2025-10-11,1
CUST-R0362,Cloud Cream Firming Moisturizer,2026-01-23,1
CUST-R0362,Radiance Gel Cleanser,2026-04-30,1
CUST-R0362,Cloud Cream Firming Moisturizer,2026-04-30,1
CUST-R0362,Clear Complexion Niacinamide Serum,2026-04-30,1
CUST-R0363,Midnight Retinol Renewal Serum,2025-06-15,1
CUST-R0363,Peptide Lift Serum,2025-06-15,1
CUST-R0363,Velvet Rich Night Cream,2025-08-11,1
CUST-R0363,Pore Refining BHA Pads,2025-08-11,2
CUST-R0363,Midnight Retinol Renewal Serum,2025-09-01,1
CUST-R0363,Velvet Rich Night Cream,2025-09-01,1
CUST-R0363,Hydra-Cleanse Micellar Water,2025-10-20,1
CUST-R0363,Midnight Retinol Renewal Serum,2025-10-20,1
CUST-R0363,Velvet Rich Night Cream,2025-10-20,1
CUST-R0363,Hydra-Cleanse Micellar Water,2025-12-07,1
CUST-R0363,Velvet Rich Night Cream,2025-12-07,2
CUST-R0363,Hydra-Cleanse Micellar Water,2026-01-25,2
CUST-R0363,Midnight Retinol Renewal Serum,2026-01-25,1
CUST-R0363,Velvet Rich Night Cream,2026-01-25,1
CUST-R0363,Youth Revive Rosehip Oil,2026-01-25,1
CUST-R0363,Hydra-Cleanse Micellar Water,2026-04-09,2
CUST-R0363,Velvet Rich Night Cream,2026-04-09,1
CUST-R0363,Clear Complexion Niacinamide Serum,2026-04-09,1
CUST-R0363,Hydra-Cleanse Micellar Water,2026-04-22,2
CUST-R0363,Velvet Rich Night Cream,2026-04-22,1
CUST-R0363,Dew Drop Essence Toner,2026-04-22,1
CUST-R0364,Midnight Retinol Renewal Serum,2025-07-29,1
CUST-R0364,Velvet Rich Night Cream,2025-07-29,1
CUST-R0364,Featherlight UV Shield SPF 50,2025-07-29,2
CUST-R0364,Midnight Retinol Renewal Serum,2025-12-09,1
CUST-R0364,Velvet Rich Night Cream,2025-12-09,1
CUST-R0364,Featherlight UV Shield SPF 50,2026-03-16,2
CUST-R0365,Velvet Rich Night Cream,2025-07-10,1
CUST-R0365,Featherlight UV Shield SPF 50,2025-07-10,1
CUST-R0365,Midnight Retinol Renewal Serum,2025-08-12,1
CUST-R0365,Velvet Rich Night Cream,2025-08-12,1
CUST-R0365,Midnight Retinol Renewal Serum,2025-11-25,2
CUST-R0365,Velvet Rich Night Cream,2025-11-25,1
CUST-R0365,Featherlight UV Shield SPF 50,2025-11-25,1
CUST-R0365,Midnight Retinol Renewal Serum,2025-12-02,2
CUST-R0365,Velvet Rich Night Cream,2025-12-02,1
CUST-R0365,Featherlight UV Shield SPF 50,2025-12-02,1
CUST-R0365,Midnight Retinol Renewal Serum,2026-02-17,1
CUST-R0365,Velvet Rich Night Cream,2026-02-17,1
CUST-R0365,Featherlight UV Shield SPF 50,2026-02-17,1
CUST-R0365,Midnight Retinol Renewal Serum,2026-05-15,1
CUST-R0365,Featherlight UV Shield SPF 50,2026-05-15,1
CUST-R0366,Hydra-Cleanse Micellar Water,2025-06-10,1
CUST-R0366,Bounce Back Volumizing Shampoo,2025-06-10,1
CUST-R0366,Strength Shield Protein Conditioner,2025-06-10,1
CUST-R0366,Hydra-Cleanse Micellar Water,2025-10-16,1
CUST-R0366,Glow Activator Vitamin C Serum,2025-10-16,1
CUST-R0366,Bounce Back Volumizing Shampoo,2025-10-16,1
CUST-R0366,Strength Shield Protein Conditioner,2025-10-16,1
CUST-R0366,Hydra-Cleanse Micellar Water,2025-11-27,1
CUST-R0366,Glow Activator Vitamin C Serum,2025-11-27,1
CUST-R0366,Bounce Back Volumizing Shampoo,2025-11-27,1
CUST-R0366,Glow Activator Vitamin C Serum,2026-02-24,1
CUST-R0366,Hydra-Cleanse Micellar Water,2026-04-19,1
CUST-R0366,Glow Activator Vitamin C Serum,2026-04-19,2
CUST-R0366,Bounce Back Volumizing Shampoo,2026-04-19,1
CUST-R0367,Midnight Retinol Renewal Serum,2025-08-04,1
CUST-R0367,Featherlight UV Shield SPF 50,2025-08-04,1
CUST-R0367,Velvet Rich Night Cream,2025-08-21,1
CUST-R0367,Featherlight UV Shield SPF 50,2025-08-21,1
CUST-R0367,Midnight Retinol Renewal Serum,2025-12-04,1
CUST-R0367,Featherlight UV Shield SPF 50,2025-12-04,1
CUST-R0367,Featherlight UV Shield SPF 50,2026-03-10,1
CUST-R0367,Midnight Retinol Renewal Serum,2026-05-24,1
CUST-R0367,Velvet Rich Night Cream,2026-05-24,1
CUST-R0367,Featherlight UV Shield SPF 50,2026-05-24,1
CUST-R0368,Peptide Lift Serum,2025-06-14,1
CUST-R0368,Tinted Mineral Defense SPF 30,2025-06-14,1
CUST-R0368,Peptide Lift Serum,2025-09-25,1
CUST-R0368,Velvet Rich Night Cream,2025-09-25,1
CUST-R0368,Tinted Mineral Defense SPF 30,2025-09-25,1
CUST-R0368,Tinted Mineral Defense SPF 30,2025-11-06,2
CUST-R0368,Peptide Lift Serum,2026-01-20,1
CUST-R0368,Velvet Rich Night Cream,2026-01-20,1
CUST-R0368,Tinted Mineral Defense SPF 30,2026-01-20,1
CUST-R0368,Peptide Lift Serum,2026-02-15,1
CUST-R0368,Velvet Rich Night Cream,2026-02-15,2
CUST-R0368,Tinted Mineral Defense SPF 30,2026-02-15,1
CUST-R0368,Peptide Lift Serum,2026-05-07,1
CUST-R0368,Velvet Rich Night Cream,2026-05-07,1
CUST-R0368,Tinted Mineral Defense SPF 30,2026-05-07,1
CUST-R0369,Cloud Cream Firming Moisturizer,2025-06-10,2
CUST-R0369,Hydra-Cleanse Micellar Water,2025-10-26,1
CUST-R0369,Plump & Glow Hyaluronic Serum,2025-10-26,1
CUST-R0369,Cloud Cream Firming Moisturizer,2025-10-26,2
CUST-R0369,Hydra-Cleanse Micellar Water,2026-04-16,1
CUST-R0369,Plump & Glow Hyaluronic Serum,2026-04-16,1
CUST-R0369,Cloud Cream Firming Moisturizer,2026-04-16,1
CUST-R0370,Midnight Retinol Renewal Serum,2025-06-21,1
CUST-R0370,Deep Dive Hydrating Conditioner,2025-06-21,1
CUST-R0370,Bounce Back Volumizing Shampoo,2025-09-18,1
CUST-R0370,Hydra-Cleanse Micellar Water,2025-10-26,1
CUST-R0370,Midnight Retinol Renewal Serum,2025-10-26,1
CUST-R0370,Bounce Back Volumizing Shampoo,2025-10-26,1
CUST-R0370,Deep Dive Hydrating Conditioner,2025-10-26,1
CUST-R0370,Hydra-Cleanse Micellar Water,2026-01-29,1
CUST-R0370,Bounce Back Volumizing Shampoo,2026-01-29,1
CUST-R0370,Hydra-Cleanse Micellar Water,2026-05-20,1
CUST-R0370,Bounce Back Volumizing Shampoo,2026-05-20,1
CUST-R0370,Deep Dive Hydrating Conditioner,2026-05-20,1
CUST-R0371,Hydra-Silk Moisture Shampoo,2025-08-18,1
CUST-R0371,Deep Dive Hydrating Conditioner,2025-08-18,1
CUST-R0371,Deep Dive Hydrating Conditioner,2026-03-12,1
CUST-R0372,Radiance Gel Cleanser,2025-07-09,1
CUST-R0372,Glow Activator Vitamin C Serum,2025-07-09,2
CUST-R0372,Barrier Boost Moisturizer,2025-07-09,1
CUST-R0372,Radiance Gel Cleanser,2025-09-27,1
CUST-R0372,Glow Activator Vitamin C Serum,2025-09-27,1
CUST-R0372,Barrier Boost Moisturizer,2025-09-27,1
CUST-R0372,Blemish Banisher Spot Treatment,2025-09-27,1
CUST-R0372,Radiance Gel Cleanser,2026-01-23,1
CUST-R0372,Radiance Gel Cleanser,2026-03-26,1
CUST-R0372,Glow Activator Vitamin C Serum,2026-03-26,1
CUST-R0372,Barrier Boost Moisturizer,2026-03-26,1
CUST-R0372,Clear Complexion Niacinamide Serum,2026-03-26,1
CUST-R0373,Hydra-Silk Moisture Shampoo,2025-08-01,1
CUST-R0373,Deep Dive Hydrating Conditioner,2025-08-01,1
CUST-R0373,Growth Activator Scalp Treatment,2025-08-26,1
CUST-R0373,Hydra-Silk Moisture Shampoo,2025-12-14,1
CUST-R0373,Hydra-Silk Moisture Shampoo,2026-02-15,1
CUST-R0373,Deep Dive Hydrating Conditioner,2026-02-15,1
CUST-R0373,Deep Dive Hydrating Conditioner,2026-04-19,1
CUST-R0374,Hydra-Silk Moisture Shampoo,2025-05-28,1
CUST-R0374,Hydra-Silk Moisture Shampoo,2025-09-30,1
CUST-R0374,Growth Activator Scalp Treatment,2025-09-30,1
CUST-R0374,Hydra-Silk Moisture Shampoo,2025-12-04,1
CUST-R0374,Deep Dive Hydrating Conditioner,2025-12-04,1
CUST-R0374,Hydra-Silk Moisture Shampoo,2026-03-02,1
CUST-R0374,Deep Dive Hydrating Conditioner,2026-03-02,1
CUST-R0374,Curl Defining Treatment Mask,2026-03-02,1
CUST-R0375,Scalp Reset Clarifying Shampoo,2025-06-07,1
CUST-R0375,Scalp Reset Clarifying Shampoo,2025-08-14,1
CUST-R0375,Featherlight Balancing Conditioner,2025-08-14,1
CUST-R0375,Hydra-Cleanse Micellar Water,2025-10-17,1
CUST-R0375,Hydra-Cleanse Micellar Water,2025-12-06,1
CUST-R0375,Glow Activator Vitamin C Serum,2025-12-06,1
CUST-R0375,Scalp Reset Clarifying Shampoo,2025-12-06,1
CUST-R0375,Hydra-Cleanse Micellar Water,2026-01-25,1
CUST-R0375,Glow Activator Vitamin C Serum,2026-01-25,1
CUST-R0375,Scalp Reset Clarifying Shampoo,2026-01-25,1
CUST-R0375,Featherlight Balancing Conditioner,2026-01-25,1
CUST-R0375,Glow Activator Vitamin C Serum,2026-03-01,1
CUST-R0375,Scalp Reset Clarifying Shampoo,2026-03-01,1
CUST-R0375,Hydra-Cleanse Micellar Water,2026-05-03,1
CUST-R0375,Featherlight Balancing Conditioner,2026-05-03,2
CUST-R0376,Peptide Lift Serum,2025-08-01,1
CUST-R0376,Velvet Rich Night Cream,2025-08-01,1
CUST-R0376,Featherlight UV Shield SPF 50,2025-08-01,1
CUST-R0376,Peptide Lift Serum,2025-09-17,1
CUST-R0376,Velvet Rich Night Cream,2025-09-17,1
CUST-R0376,Peptide Lift Serum,2025-11-05,1
CUST-R0376,Peptide Lift Serum,2026-02-08,1
CUST-R0376,Featherlight UV Shield SPF 50,2026-02-08,1
CUST-R0376,Peptide Lift Serum,2026-04-23,1
CUST-R0376,Velvet Rich Night Cream,2026-04-23,1
CUST-R0376,Featherlight UV Shield SPF 50,2026-04-23,1
CUST-R0377,Radiance Gel Cleanser,2025-07-10,1
CUST-R0377,Midnight Retinol Renewal Serum,2025-07-10,1
CUST-R0377,Youth Revive Rosehip Oil,2025-07-10,1
CUST-R0377,Midnight Retinol Renewal Serum,2025-09-22,1
CUST-R0377,Velvet Rich Night Cream,2025-09-22,2
CUST-R0377,Glow Activator Vitamin C Serum,2025-09-22,1
CUST-R0377,Midnight Retinol Renewal Serum,2025-12-05,1
CUST-R0377,Peptide Lift Serum,2025-12-05,2
CUST-R0377,Radiance Gel Cleanser,2026-01-30,1
CUST-R0377,Midnight Retinol Renewal Serum,2026-01-30,1
CUST-R0377,Velvet Rich Night Cream,2026-01-30,1
CUST-R0377,Radiance Gel Cleanser,2026-05-09,1
CUST-R0377,Plump & Glow Hyaluronic Serum,2026-05-09,1
CUST-R0378,Velvet Foam Cleanser,2026-02-07,1
CUST-R0378,Clear Complexion Niacinamide Serum,2026-02-07,2
CUST-R0378,Barrier Boost Moisturizer,2026-02-07,2
CUST-R0379,Color Protect Gentle Shampoo,2025-07-02,1
CUST-R0379,Deep Dive Hydrating Conditioner,2025-07-02,1
CUST-R0379,Growth Activator Scalp Treatment,2025-07-02,1
CUST-R0379,Color Protect Gentle Shampoo,2025-09-29,1
CUST-R0379,All Day Moisture Leave-In Cream,2025-09-29,1
CUST-R0379,Color Protect Gentle Shampoo,2026-01-18,1
CUST-R0379,Deep Dive Hydrating Conditioner,2026-01-18,2
CUST-R0379,Growth Activator Scalp Treatment,2026-01-18,1
CUST-R0379,Deep Dive Hydrating Conditioner,2026-05-16,1
CUST-R0380,Radiance Gel Cleanser,2025-07-15,1
CUST-R0380,Calm Down Redness Relief Mist,2025-07-15,1
CUST-R0380,Radiance Gel Cleanser,2025-07-20,1
CUST-R0380,Barrier Boost Moisturizer,2025-07-20,1
CUST-R0380,Featherlight UV Shield SPF 50,2025-07-20,1
CUST-R0380,Radiance Gel Cleanser,2025-10-26,1
CUST-R0380,Midnight Retinol Renewal Serum,2025-10-26,2
CUST-R0380,Youth Revive Rosehip Oil,2025-10-26,1
CUST-R0380,Pore Refining BHA Pads,2025-11-11,1
CUST-R0380,Radiance Gel Cleanser,2025-12-26,1
CUST-R0380,Barrier Boost Moisturizer,2025-12-26,2
CUST-R0380,Barrier Boost Moisturizer,2026-02-28,1
CUST-R0380,Tinted Mineral Defense SPF 30,2026-02-28,1
CUST-R0380,Radiance Gel Cleanser,2026-05-09,1
CUST-R0380,Midnight Retinol Renewal Serum,2026-05-09,1
CUST-R0380,Barrier Boost Moisturizer,2026-05-09,2
CUST-R0380,Calm Down Redness Relief Mist,2026-05-09,2
CUST-R0381,Hydra-Cleanse Micellar Water,2025-07-28,1
CUST-R0381,Glow Activator Vitamin C Serum,2025-07-28,1
CUST-R0381,Hydra-Cleanse Micellar Water,2025-09-14,1
CUST-R0381,Glow Activator Vitamin C Serum,2025-09-14,1
CUST-R0381,Plump & Glow Hyaluronic Serum,2025-09-14,1
CUST-R0381,Velvet Rich Night Cream,2025-12-13,1
CUST-R0381,Plump & Glow Hyaluronic Serum,2026-03-31,1
CUST-R0382,Hydra-Cleanse Micellar Water,2025-07-13,1
CUST-R0382,Cloud Cream Firming Moisturizer,2025-07-13,1
CUST-R0382,Hydra-Cleanse Micellar Water,2025-07-27,1
CUST-R0382,Cloud Cream Firming Moisturizer,2025-07-27,1
CUST-R0382,Hydra-Cleanse Micellar Water,2025-09-12,1
CUST-R0382,Plump & Glow Hyaluronic Serum,2025-09-12,1
CUST-R0382,Cloud Cream Firming Moisturizer,2025-09-12,1
CUST-R0382,Clear Complexion Niacinamide Serum,2025-09-12,1
CUST-R0382,Hydra-Cleanse Micellar Water,2025-11-03,1
CUST-R0382,Plump & Glow Hyaluronic Serum,2025-11-03,1
CUST-R0382,Cloud Cream Firming Moisturizer,2025-11-03,1
CUST-R0382,Texture Eraser AHA Exfoliant,2025-11-03,1
CUST-R0382,Hydra-Cleanse Micellar Water,2025-12-21,1
CUST-R0382,Plump & Glow Hyaluronic Serum,2025-12-21,1
CUST-R0382,Cloud Cream Firming Moisturizer,2025-12-21,1
CUST-R0382,Petal Soft Calming Toner,2025-12-21,1
CUST-R0382,Hydra-Cleanse Micellar Water,2026-01-25,2
CUST-R0382,Plump & Glow Hyaluronic Serum,2026-01-25,2
CUST-R0382,Youth Revive Rosehip Oil,2026-01-25,1
CUST-R0382,Plump & Glow Hyaluronic Serum,2026-03-17,1
CUST-R0382,Featherlight UV Shield SPF 50,2026-03-17,1
CUST-R0382,Hydra-Cleanse Micellar Water,2026-05-09,1
CUST-R0382,Plump & Glow Hyaluronic Serum,2026-05-09,1
CUST-R0383,Velvet Foam Cleanser,2025-09-20,1
CUST-R0383,Peptide Lift Serum,2025-09-20,1
CUST-R0383,Velvet Rich Night Cream,2025-09-20,1
CUST-R0383,Peptide Lift Serum,2025-12-03,2
CUST-R0383,Velvet Rich Night Cream,2025-12-03,1
CUST-R0383,Velvet Rich Night Cream,2026-04-04,1
CUST-R0384,Radiance Gel Cleanser,2025-10-18,2
CUST-R0384,Peptide Lift Serum,2025-10-18,1
CUST-R0384,Peptide Lift Serum,2026-05-19,1
CUST-R0384,Mattify & Hydrate Gel Cream,2026-05-19,1
CUST-R0385,Scalp Reset Clarifying Shampoo,2025-07-28,1
CUST-R0385,Strength Shield Protein Conditioner,2025-07-28,1
CUST-R0385,Scalp Reset Clarifying Shampoo,2025-09-30,1
CUST-R0385,Scalp Reset Clarifying Shampoo,2026-05-11,1
CUST-R0385,Strength Shield Protein Conditioner,2026-05-11,1
CUST-R0385,Scalp Balance Serum,2026-05-11,2
CUST-R0386,Bounce Back Volumizing Shampoo,2025-07-12,1
CUST-R0386,Deep Dive Hydrating Conditioner,2025-07-12,1
CUST-R0386,Scalp Balance Serum,2025-07-12,1
CUST-R0386,Bounce Back Volumizing Shampoo,2025-11-07,1
CUST-R0386,Deep Dive Hydrating Conditioner,2025-11-07,1
CUST-R0386,Deep Dive Hydrating Conditioner,2026-04-07,1
CUST-R0386,Nourish & Shine Hair Oil,2026-04-07,1
CUST-R0387,Velvet Foam Cleanser,2025-08-23,1
CUST-R0387,Glow Activator Vitamin C Serum,2025-08-23,1
CUST-R0387,Velvet Foam Cleanser,2026-01-15,1
CUST-R0387,Glow Activator Vitamin C Serum,2026-02-13,1
CUST-R0387,Velvet Rich Night Cream,2026-02-13,1
CUST-R0388,Midnight Retinol Renewal Serum,2025-06-02,1
CUST-R0388,Velvet Rich Night Cream,2025-06-02,1
CUST-R0388,Tinted Mineral Defense SPF 30,2025-06-02,1
CUST-R0388,Midnight Retinol Renewal Serum,2025-08-31,1
CUST-R0388,Velvet Rich Night Cream,2025-08-31,1
CUST-R0388,Midnight Retinol Renewal Serum,2025-12-15,1
CUST-R0388,Velvet Rich Night Cream,2025-12-15,2
CUST-R0388,Tinted Mineral Defense SPF 30,2025-12-15,2
CUST-R0388,Midnight Retinol Renewal Serum,2026-02-06,1
CUST-R0388,Velvet Rich Night Cream,2026-02-06,1
CUST-R0388,Tinted Mineral Defense SPF 30,2026-02-06,1
CUST-R0388,Midnight Retinol Renewal Serum,2026-05-17,1
CUST-R0388,Velvet Rich Night Cream,2026-05-17,2
CUST-R0388,Tinted Mineral Defense SPF 30,2026-05-17,1
CUST-R0389,Peptide Lift Serum,2025-07-23,1
CUST-R0389,Cloud Cream Firming Moisturizer,2025-07-23,1
CUST-R0389,Tinted Mineral Defense SPF 30,2025-07-23,1
CUST-R0389,Cloud Cream Firming Moisturizer,2025-09-12,1
CUST-R0389,Tinted Mineral Defense SPF 30,2025-09-12,1
CUST-R0389,Peptide Lift Serum,2025-12-11,1
CUST-R0389,Cloud Cream Firming Moisturizer,2025-12-11,1
CUST-R0389,Tinted Mineral Defense SPF 30,2025-12-11,1
CUST-R0389,Peptide Lift Serum,2026-05-06,1
CUST-R0389,Cloud Cream Firming Moisturizer,2026-05-06,1
CUST-R0389,Tinted Mineral Defense SPF 30,2026-05-06,1
CUST-R0390,Clear Complexion Niacinamide Serum,2025-06-14,1
CUST-R0390,Hydra-Cleanse Micellar Water,2025-09-25,1
CUST-R0390,Barrier Boost Moisturizer,2025-09-25,1
CUST-R0390,Hydra-Cleanse Micellar Water,2025-11-12,1
CUST-R0390,Midnight Retinol Renewal Serum,2025-11-12,1
CUST-R0390,Featherlight UV Shield SPF 50,2025-11-12,1
CUST-R0390,Midnight Retinol Renewal Serum,2025-12-18,1
CUST-R0390,Barrier Boost Moisturizer,2025-12-18,1
CUST-R0390,Texture Eraser AHA Exfoliant,2025-12-18,2
CUST-R0390,Midnight Retinol Renewal Serum,2026-01-28,1
CUST-R0390,Barrier Boost Moisturizer,2026-01-28,1
CUST-R0390,Barrier Boost Moisturizer,2026-05-25,1
CUST-R0391,Velvet Foam Cleanser,2025-06-11,1
CUST-R0391,Plump & Glow Hyaluronic Serum,2025-06-11,1
CUST-R0391,Cloud Cream Firming Moisturizer,2025-06-11,1
CUST-R0391,Plump & Glow Hyaluronic Serum,2025-08-09,1
CUST-R0391,Velvet Foam Cleanser,2025-09-22,1
CUST-R0391,Plump & Glow Hyaluronic Serum,2025-09-22,1
CUST-R0391,Velvet Foam Cleanser,2025-11-19,1
CUST-R0391,Blemish Banisher Spot Treatment,2025-11-19,1
CUST-R0391,Velvet Foam Cleanser,2025-12-15,1
CUST-R0391,Plump & Glow Hyaluronic Serum,2025-12-15,1
CUST-R0391,Cloud Cream Firming Moisturizer,2025-12-15,1
CUST-R0391,Featherlight UV Shield SPF 50,2026-02-08,2
CUST-R0391,Cloud Cream Firming Moisturizer,2026-03-13,1
CUST-R0391,Glow Activator Vitamin C Serum,2026-03-13,1
CUST-R0391,Velvet Foam Cleanser,2026-04-16,1
CUST-R0391,Cloud Cream Firming Moisturizer,2026-04-16,1
CUST-R0392,Hydra-Cleanse Micellar Water,2025-10-02,1
CUST-R0392,Glow Activator Vitamin C Serum,2025-10-02,1
CUST-R0392,Barrier Boost Moisturizer,2025-10-02,1
CUST-R0392,Hydra-Cleanse Micellar Water,2025-12-08,1
CUST-R0393,Radiance Gel Cleanser,2025-06-15,1
CUST-R0393,Peptide Lift Serum,2025-06-15,1
CUST-R0393,Scalp Reset Clarifying Shampoo,2025-06-15,1
CUST-R0393,Deep Dive Hydrating Conditioner,2025-06-15,1
CUST-R0393,Radiance Gel Cleanser,2025-10-03,1
CUST-R0393,Peptide Lift Serum,2025-10-03,1
CUST-R0393,Deep Dive Hydrating Conditioner,2025-10-03,1
CUST-R0393,Radiance Gel Cleanser,2025-12-03,1
CUST-R0393,Scalp Reset Clarifying Shampoo,2025-12-03,1
CUST-R0393,Radiance Gel Cleanser,2026-02-26,1
CUST-R0393,Peptide Lift Serum,2026-02-26,1
CUST-R0393,Scalp Reset Clarifying Shampoo,2026-02-26,1
CUST-R0393,Deep Dive Hydrating Conditioner,2026-02-26,1
CUST-R0393,Radiance Gel Cleanser,2026-05-17,1
CUST-R0393,Peptide Lift Serum,2026-05-17,1
CUST-R0393,Scalp Reset Clarifying Shampoo,2026-05-17,1
CUST-R0393,Deep Dive Hydrating Conditioner,2026-05-17,1
CUST-R0394,Cloud Cream Firming Moisturizer,2025-07-24,1
CUST-R0394,Featherlight UV Shield SPF 50,2025-07-24,1
CUST-R0394,Midnight Retinol Renewal Serum,2025-09-12,1
CUST-R0394,Midnight Retinol Renewal Serum,2025-10-26,1
CUST-R0394,Cloud Cream Firming Moisturizer,2025-10-26,1
CUST-R0394,Featherlight UV Shield SPF 50,2025-10-26,1
CUST-R0394,Midnight Retinol Renewal Serum,2026-01-24,1
CUST-R0394,Cloud Cream Firming Moisturizer,2026-01-24,1
CUST-R0394,Featherlight UV Shield SPF 50,2026-01-24,1
CUST-R0394,Midnight Retinol Renewal Serum,2026-01-27,1
CUST-R0394,Cloud Cream Firming Moisturizer,2026-01-27,1
CUST-R0394,Featherlight UV Shield SPF 50,2026-01-27,1
CUST-R0394,Midnight Retinol Renewal Serum,2026-04-03,1
CUST-R0394,Cloud Cream Firming Moisturizer,2026-04-03,1
CUST-R0395,Hydra-Cleanse Micellar Water,2025-06-03,1
CUST-R0395,Midnight Retinol Renewal Serum,2025-06-03,1
CUST-R0395,Hydra-Cleanse Micellar Water,2025-12-04,1
CUST-R0395,Midnight Retinol Renewal Serum,2025-12-04,2
CUST-R0395,Velvet Rich Night Cream,2025-12-04,1
CUST-R0395,Hydra-Cleanse Micellar Water,2026-03-27,1
CUST-R0395,Velvet Rich Night Cream,2026-03-27,1
CUST-R0396,Midnight Retinol Renewal Serum,2025-07-25,1
CUST-R0396,Cloud Cream Firming Moisturizer,2025-07-25,1
CUST-R0396,Clear Complexion Niacinamide Serum,2025-07-25,1
CUST-R0396,Hydra-Cleanse Micellar Water,2025-08-30,1
CUST-R0396,Cloud Cream Firming Moisturizer,2025-08-30,1
CUST-R0396,Hydra-Cleanse Micellar Water,2025-12-25,1
CUST-R0396,Midnight Retinol Renewal Serum,2025-12-25,1
CUST-R0396,Midnight Retinol Renewal Serum,2026-01-17,1
CUST-R0396,Cloud Cream Firming Moisturizer,2026-01-17,1
CUST-R0396,Cloud Cream Firming Moisturizer,2026-05-18,2
CUST-R0397,Glow Activator Vitamin C Serum,2025-06-28,1
CUST-R0397,Glow Activator Vitamin C Serum,2025-08-08,1
CUST-R0397,Tinted Mineral Defense SPF 30,2025-08-08,1
CUST-R0397,Glow Activator Vitamin C Serum,2025-09-30,1
CUST-R0397,Barrier Boost Moisturizer,2025-09-30,1
CUST-R0397,Petal Soft Calming Toner,2025-09-30,1
CUST-R0397,Glow Activator Vitamin C Serum,2025-10-21,1
CUST-R0397,Radiance Gel Cleanser,2025-12-24,1
CUST-R0397,Glow Activator Vitamin C Serum,2025-12-24,1
CUST-R0397,Petal Soft Calming Toner,2025-12-24,1
CUST-R0397,Radiance Gel Cleanser,2026-01-30,1
CUST-R0397,Glow Activator Vitamin C Serum,2026-01-30,1
CUST-R0397,Youth Revive Rosehip Oil,2026-01-30,1
CUST-R0397,Radiance Gel Cleanser,2026-03-19,1
CUST-R0397,Glow Activator Vitamin C Serum,2026-03-19,1
CUST-R0397,Blemish Banisher Spot Treatment,2026-03-19,1
CUST-R0397,Radiance Gel Cleanser,2026-05-19,1
CUST-R0397,Barrier Boost Moisturizer,2026-05-19,1
CUST-R0398,Hydra-Cleanse Micellar Water,2025-06-14,1
CUST-R0398,Bounce Back Volumizing Shampoo,2025-06-14,1
CUST-R0398,Featherlight Balancing Conditioner,2025-06-14,1
CUST-R0398,Plump & Glow Hyaluronic Serum,2025-10-16,1
CUST-R0398,Featherlight Balancing Conditioner,2025-10-16,1
CUST-R0398,Bounce Back Volumizing Shampoo,2025-10-27,1
CUST-R0398,Plump & Glow Hyaluronic Serum,2026-02-11,1
CUST-R0398,Bounce Back Volumizing Shampoo,2026-02-11,2
CUST-R0398,Featherlight Balancing Conditioner,2026-02-11,1
CUST-R0398,Hydra-Cleanse Micellar Water,2026-04-06,1
CUST-R0398,Plump & Glow Hyaluronic Serum,2026-04-06,1
CUST-R0398,Featherlight Balancing Conditioner,2026-04-06,2
CUST-R0399,Color Protect Gentle Shampoo,2025-07-15,1
CUST-R0399,Featherlight Balancing Conditioner,2025-09-10,1
CUST-R0399,Color Protect Gentle Shampoo,2026-02-15,1
CUST-R0399,Growth Activator Scalp Treatment,2026-02-15,1
CUST-R0399,Color Protect Gentle Shampoo,2026-05-13,1
CUST-R0399,Featherlight Balancing Conditioner,2026-05-13,1
CUST-R0399,Deep Repair Masque,2026-05-13,1
CUST-R0400,Mattify & Hydrate Gel Cream,2025-10-12,1
CUST-R0400,Radiance Gel Cleanser,2025-12-06,1
CUST-R0401,Radiance Gel Cleanser,2025-06-28,1
CUST-R0401,Clear Complexion Niacinamide Serum,2025-08-05,1
CUST-R0401,Velvet Rich Night Cream,2025-08-05,1
CUST-R0401,Tinted Mineral Defense SPF 30,2025-08-05,1
CUST-R0401,Radiance Gel Cleanser,2025-09-29,1
CUST-R0401,Clear Complexion Niacinamide Serum,2025-09-29,1
CUST-R0401,Texture Eraser AHA Exfoliant,2025-09-29,2
CUST-R0401,Clear Complexion Niacinamide Serum,2025-11-16,1
CUST-R0401,Velvet Rich Night Cream,2025-11-16,1
CUST-R0401,Pore Refining BHA Pads,2025-11-16,1
CUST-R0401,Clear Complexion Niacinamide Serum,2025-12-29,1
CUST-R0401,Velvet Rich Night Cream,2025-12-29,1
CUST-R0401,Radiance Gel Cleanser,2026-02-18,1
CUST-R0401,Plump & Glow Hyaluronic Serum,2026-02-18,1
CUST-R0401,Clear Complexion Niacinamide Serum,2026-04-09,1
CUST-R0401,Velvet Rich Night Cream,2026-04-09,2
CUST-R0401,Pore Refining BHA Pads,2026-04-09,1
CUST-R0401,Radiance Gel Cleanser,2026-05-24,1
CUST-R0401,Velvet Rich Night Cream,2026-05-24,1
CUST-R0402,Clear Complexion Niacinamide Serum,2025-06-12,2
CUST-R0402,Barrier Boost Moisturizer,2025-06-12,1
CUST-R0402,Clear Complexion Niacinamide Serum,2025-09-16,1
CUST-R0402,Barrier Boost Moisturizer,2025-09-16,1
CUST-R0402,Hydra-Cleanse Micellar Water,2025-10-28,1
CUST-R0402,Clear Complexion Niacinamide Serum,2025-10-28,1
CUST-R0402,Barrier Boost Moisturizer,2025-10-28,1
CUST-R0402,Youth Revive Rosehip Oil,2025-10-28,1
CUST-R0402,Clear Complexion Niacinamide Serum,2026-01-04,1
CUST-R0402,Hydra-Cleanse Micellar Water,2026-03-01,1
CUST-R0402,Barrier Boost Moisturizer,2026-03-01,2
CUST-R0402,Hydra-Cleanse Micellar Water,2026-05-11,1
CUST-R0402,Clear Complexion Niacinamide Serum,2026-05-11,1
CUST-R0403,Hydra-Cleanse Micellar Water,2025-06-13,2
CUST-R0403,Cloud Cream Firming Moisturizer,2025-06-13,2
CUST-R0403,Peptide Lift Serum,2025-06-13,1
CUST-R0403,Hydra-Cleanse Micellar Water,2025-08-09,1
CUST-R0403,Peptide Lift Serum,2025-08-09,1
CUST-R0403,Peptide Lift Serum,2025-09-29,1
CUST-R0403,Featherlight UV Shield SPF 50,2025-09-29,1
CUST-R0403,Hydra-Cleanse Micellar Water,2025-12-14,1
CUST-R0403,Peptide Lift Serum,2025-12-14,1
CUST-R0403,Cloud Cream Firming Moisturizer,2025-12-14,1
CUST-R0403,Petal Soft Calming Toner,2025-12-14,1
CUST-R0403,Cloud Cream Firming Moisturizer,2026-01-02,1
CUST-R0403,Calm Down Redness Relief Mist,2026-01-02,1
CUST-R0403,Hydra-Cleanse Micellar Water,2026-02-18,1
CUST-R0403,Cloud Cream Firming Moisturizer,2026-02-18,1
CUST-R0403,Featherlight UV Shield SPF 50,2026-02-18,1
CUST-R0403,Peptide Lift Serum,2026-04-04,1
CUST-R0403,Texture Eraser AHA Exfoliant,2026-04-04,1
CUST-R0404,Cloud Cream Firming Moisturizer,2025-06-01,1
CUST-R0404,Hydra-Cleanse Micellar Water,2025-08-26,1
CUST-R0404,Plump & Glow Hyaluronic Serum,2025-08-26,1
CUST-R0404,Cloud Cream Firming Moisturizer,2025-08-26,1
CUST-R0404,Hydra-Cleanse Micellar Water,2025-12-26,1
CUST-R0404,Plump & Glow Hyaluronic Serum,2025-12-26,1
CUST-R0404,Plump & Glow Hyaluronic Serum,2026-05-02,1
CUST-R0404,Cloud Cream Firming Moisturizer,2026-05-02,2
CUST-R0405,Hydra-Cleanse Micellar Water,2025-06-24,1
CUST-R0405,Peptide Lift Serum,2025-06-24,1
CUST-R0405,Bounce Back Volumizing Shampoo,2025-06-24,1
CUST-R0405,Hydra-Cleanse Micellar Water,2025-08-29,1
CUST-R0405,Bounce Back Volumizing Shampoo,2025-08-29,1
CUST-R0405,Strength Shield Protein Conditioner,2025-08-29,1
CUST-R0405,Peptide Lift Serum,2025-11-02,1
CUST-R0405,Strength Shield Protein Conditioner,2025-11-02,1
CUST-R0405,Hydra-Cleanse Micellar Water,2026-01-10,1
CUST-R0405,Peptide Lift Serum,2026-01-10,1
CUST-R0405,Bounce Back Volumizing Shampoo,2026-01-10,1
CUST-R0405,Strength Shield Protein Conditioner,2026-01-10,1
CUST-R0405,Bounce Back Volumizing Shampoo,2026-02-17,1
CUST-R0405,Strength Shield Protein Conditioner,2026-02-17,1
CUST-R0405,Hydra-Cleanse Micellar Water,2026-04-19,1
CUST-R0405,Peptide Lift Serum,2026-04-19,1
CUST-R0405,Bounce Back Volumizing Shampoo,2026-04-19,1
CUST-R0405,Strength Shield Protein Conditioner,2026-04-19,1
CUST-R0406,Blemish Banisher Spot Treatment,2025-06-11,1
CUST-R0406,Velvet Foam Cleanser,2025-08-02,1
CUST-R0406,Blemish Banisher Spot Treatment,2025-10-12,2
CUST-R0406,Velvet Foam Cleanser,2026-01-08,1
CUST-R0406,Peptide Lift Serum,2026-01-08,1
CUST-R0406,Velvet Rich Night Cream,2026-01-08,2
CUST-R0406,Midnight Retinol Renewal Serum,2026-01-08,1
CUST-R0406,Velvet Foam Cleanser,2026-02-06,1
CUST-R0406,Peptide Lift Serum,2026-02-06,2
CUST-R0406,Peptide Lift Serum,2026-05-17,1
CUST-R0406,Velvet Rich Night Cream,2026-05-17,1
CUST-R0406,Featherlight UV Shield SPF 50,2026-05-17,1
CUST-R0407,Velvet Foam Cleanser,2026-05-08,1
CUST-R0407,Peptide Lift Serum,2026-05-08,1
CUST-R0407,Velvet Rich Night Cream,2026-05-08,1
CUST-R0408,Velvet Rich Night Cream,2025-06-23,1
CUST-R0408,Calm Down Redness Relief Mist,2025-06-23,1
CUST-R0408,Velvet Rich Night Cream,2025-09-05,1
CUST-R0408,Radiance Gel Cleanser,2025-10-09,1
CUST-R0408,Velvet Rich Night Cream,2025-10-09,2
CUST-R0408,Texture Eraser AHA Exfoliant,2025-10-09,1
CUST-R0408,Radiance Gel Cleanser,2025-12-16,1
CUST-R0408,Peptide Lift Serum,2025-12-16,1
CUST-R0408,Radiance Gel Cleanser,2026-03-09,1
CUST-R0408,Peptide Lift Serum,2026-03-09,1
CUST-R0408,Youth Revive Rosehip Oil,2026-03-09,1
CUST-R0408,Velvet Rich Night Cream,2026-05-16,2
CUST-R0408,Plump & Glow Hyaluronic Serum,2026-05-16,1
CUST-R0409,Radiance Gel Cleanser,2025-07-07,1
CUST-R0409,Midnight Retinol Renewal Serum,2025-07-07,1
CUST-R0409,Velvet Rich Night Cream,2025-07-07,1
CUST-R0409,Radiance Gel Cleanser,2026-01-04,1
CUST-R0409,Midnight Retinol Renewal Serum,2026-01-04,1
CUST-R0409,Midnight Retinol Renewal Serum,2026-03-17,1
CUST-R0409,Velvet Rich Night Cream,2026-03-17,1
CUST-R0410,Radiance Gel Cleanser,2025-07-01,2
CUST-R0410,Velvet Rich Night Cream,2025-07-01,1
CUST-R0410,Radiance Gel Cleanser,2025-08-28,1
CUST-R0410,Velvet Rich Night Cream,2025-08-28,1
CUST-R0410,Midnight Retinol Renewal Serum,2025-08-28,1
CUST-R0410,Radiance Gel Cleanser,2026-01-12,1
CUST-R0410,Radiance Gel Cleanser,2026-03-09,1
CUST-R0410,Clear Complexion Niacinamide Serum,2026-03-09,1
CUST-R0411,Scalp Reset Clarifying Shampoo,2025-10-17,1
CUST-R0411,Deep Dive Hydrating Conditioner,2025-10-17,2
CUST-R0411,Deep Dive Hydrating Conditioner,2025-12-03,1
CUST-R0411,All Day Moisture Leave-In Cream,2025-12-03,1
CUST-R0412,Hydra-Cleanse Micellar Water,2025-06-30,1
CUST-R0412,Peptide Lift Serum,2025-06-30,1
CUST-R0412,Velvet Rich Night Cream,2025-06-30,1
CUST-R0412,Peptide Lift Serum,2025-11-16,1
CUST-R0412,Velvet Rich Night Cream,2025-11-16,1
CUST-R0412,Hydra-Cleanse Micellar Water,2026-03-28,1
CUST-R0412,Velvet Rich Night Cream,2026-03-28,2
CUST-R0413,Midnight Retinol Renewal Serum,2025-07-09,1
CUST-R0413,Cloud Cream Firming Moisturizer,2025-07-09,1
CUST-R0413,Featherlight UV Shield SPF 50,2025-07-09,2
CUST-R0413,Midnight Retinol Renewal Serum,2025-12-21,1
CUST-R0413,Cloud Cream Firming Moisturizer,2025-12-21,2
CUST-R0413,Featherlight UV Shield SPF 50,2025-12-21,1
CUST-R0413,Midnight Retinol Renewal Serum,2026-03-06,1
CUST-R0413,Cloud Cream Firming Moisturizer,2026-03-06,1
CUST-R0413,Featherlight UV Shield SPF 50,2026-03-06,1
CUST-R0414,Hydra-Silk Moisture Shampoo,2025-07-14,1
CUST-R0414,Strength Shield Protein Conditioner,2025-07-14,1
CUST-R0414,Scalp Balance Serum,2025-07-14,1
CUST-R0414,Hydra-Silk Moisture Shampoo,2025-08-13,1
CUST-R0414,Strength Shield Protein Conditioner,2025-08-13,1
CUST-R0414,Sleek & Define Styling Cream,2025-08-13,1
CUST-R0414,Hydra-Silk Moisture Shampoo,2025-10-19,1
CUST-R0414,Hydra-Silk Moisture Shampoo,2026-01-08,1
CUST-R0414,Strength Shield Protein Conditioner,2026-01-08,1
CUST-R0414,Sleek & Define Styling Cream,2026-01-08,1
CUST-R0414,Hydra-Silk Moisture Shampoo,2026-04-27,1
CUST-R0414,Strength Shield Protein Conditioner,2026-04-27,1
CUST-R0414,Deep Repair Masque,2026-04-27,1
CUST-R0415,Peptide Lift Serum,2025-06-16,1
CUST-R0415,Strength Shield Protein Conditioner,2025-06-16,1
CUST-R0415,Hydra-Cleanse Micellar Water,2025-07-19,1
CUST-R0415,Hydra-Silk Moisture Shampoo,2025-07-19,1
CUST-R0415,Strength Shield Protein Conditioner,2025-07-19,1
CUST-R0415,Hydra-Cleanse Micellar Water,2025-10-29,1
CUST-R0415,Hydra-Silk Moisture Shampoo,2025-10-29,2
CUST-R0415,Hydra-Cleanse Micellar Water,2025-11-01,1
CUST-R0415,Peptide Lift Serum,2025-11-01,1
CUST-R0415,Strength Shield Protein Conditioner,2025-12-22,2
CUST-R0415,Peptide Lift Serum,2026-02-19,1
CUST-R0415,Hydra-Silk Moisture Shampoo,2026-02-19,1
CUST-R0415,Hydra-Cleanse Micellar Water,2026-04-12,1
CUST-R0415,Peptide Lift Serum,2026-04-12,1
CUST-R0415,Hydra-Silk Moisture Shampoo,2026-04-12,1
CUST-R0415,Strength Shield Protein Conditioner,2026-04-12,1
CUST-R0416,Velvet Foam Cleanser,2025-06-24,1
CUST-R0416,Plump & Glow Hyaluronic Serum,2025-06-24,1
CUST-R0416,Velvet Rich Night Cream,2025-06-24,1
CUST-R0416,Velvet Foam Cleanser,2025-08-07,1
CUST-R0416,Plump & Glow Hyaluronic Serum,2025-08-07,1
CUST-R0416,Midnight Retinol Renewal Serum,2025-08-07,1
CUST-R0416,Velvet Foam Cleanser,2025-10-21,1
CUST-R0416,Velvet Rich Night Cream,2025-10-21,1
CUST-R0416,Velvet Rich Night Cream,2025-11-05,1
CUST-R0416,Plump & Glow Hyaluronic Serum,2026-02-03,1
CUST-R0416,Velvet Rich Night Cream,2026-02-03,1
CUST-R0416,Velvet Foam Cleanser,2026-03-09,1
CUST-R0416,Velvet Rich Night Cream,2026-03-09,1
CUST-R0416,Clear Complexion Niacinamide Serum,2026-03-09,1
CUST-R0416,Velvet Foam Cleanser,2026-04-28,2
CUST-R0417,Bounce Back Volumizing Shampoo,2025-07-12,1
CUST-R0417,Velvet Foam Cleanser,2025-10-13,1
CUST-R0417,Plump & Glow Hyaluronic Serum,2025-10-13,1
CUST-R0417,Bounce Back Volumizing Shampoo,2025-10-13,2
CUST-R0417,Deep Dive Hydrating Conditioner,2025-10-13,1
CUST-R0417,Plump & Glow Hyaluronic Serum,2025-11-09,1
CUST-R0417,Deep Dive Hydrating Conditioner,2025-11-09,1
CUST-R0417,Velvet Foam Cleanser,2026-01-22,1
CUST-R0417,Deep Dive Hydrating Conditioner,2026-01-22,1
CUST-R0417,Velvet Foam Cleanser,2026-04-12,1
CUST-R0417,Plump & Glow Hyaluronic Serum,2026-04-12,1
CUST-R0417,Bounce Back Volumizing Shampoo,2026-04-12,1
CUST-R0417,Deep Dive Hydrating Conditioner,2026-04-12,2
CUST-R0418,Peptide Lift Serum,2025-07-23,1
CUST-R0418,Cloud Cream Firming Moisturizer,2025-07-23,1
CUST-R0418,Tinted Mineral Defense SPF 30,2025-07-23,2
CUST-R0418,Peptide Lift Serum,2025-08-10,1
CUST-R0418,Cloud Cream Firming Moisturizer,2025-08-10,1
CUST-R0418,Tinted Mineral Defense SPF 30,2025-08-10,1
CUST-R0418,Peptide Lift Serum,2025-11-18,1
CUST-R0418,Cloud Cream Firming Moisturizer,2025-11-18,1
CUST-R0418,Tinted Mineral Defense SPF 30,2025-11-18,1
CUST-R0418,Peptide Lift Serum,2025-12-08,2
CUST-R0418,Tinted Mineral Defense SPF 30,2025-12-08,1
CUST-R0418,Peptide Lift Serum,2026-03-08,1
CUST-R0418,Cloud Cream Firming Moisturizer,2026-03-08,1
CUST-R0418,Tinted Mineral Defense SPF 30,2026-03-08,1
CUST-R0418,Peptide Lift Serum,2026-03-27,1
CUST-R0418,Cloud Cream Firming Moisturizer,2026-03-27,1
CUST-R0418,Tinted Mineral Defense SPF 30,2026-03-27,1
CUST-R0419,Hydra-Cleanse Micellar Water,2025-07-06,1
CUST-R0419,Plump & Glow Hyaluronic Serum,2025-07-06,1
CUST-R0419,Strength Shield Protein Conditioner,2025-07-06,1
CUST-R0419,Hydra-Cleanse Micellar Water,2025-08-29,1
CUST-R0419,Strength Shield Protein Conditioner,2025-08-29,1
CUST-R0419,Plump & Glow Hyaluronic Serum,2025-10-21,1
CUST-R0419,Strength Shield Protein Conditioner,2025-10-21,2
CUST-R0419,Hydra-Cleanse Micellar Water,2026-01-22,2
CUST-R0419,Scalp Reset Clarifying Shampoo,2026-01-22,1
CUST-R0419,Strength Shield Protein Conditioner,2026-01-22,1
CUST-R0419,Plump & Glow Hyaluronic Serum,2026-02-26,1
CUST-R0419,Scalp Reset Clarifying Shampoo,2026-02-26,1
CUST-R0419,Strength Shield Protein Conditioner,2026-02-26,1
CUST-R0419,Hydra-Cleanse Micellar Water,2026-04-12,1
CUST-R0419,Plump & Glow Hyaluronic Serum,2026-04-12,1
CUST-R0419,Strength Shield Protein Conditioner,2026-04-12,1
CUST-R0420,Peptide Lift Serum,2025-09-15,1
CUST-R0420,Cloud Cream Firming Moisturizer,2025-09-15,1
CUST-R0420,Tinted Mineral Defense SPF 30,2025-12-24,1
CUST-R0420,Peptide Lift Serum,2026-02-18,1
CUST-R0420,Cloud Cream Firming Moisturizer,2026-02-18,1
CUST-R0420,Tinted Mineral Defense SPF 30,2026-02-18,1
CUST-R0421,Radiance Gel Cleanser,2025-07-21,1
CUST-R0421,Color Protect Gentle Shampoo,2025-07-21,1
CUST-R0421,Deep Dive Hydrating Conditioner,2025-07-21,1
CUST-R0421,Radiance Gel Cleanser,2025-08-04,2
CUST-R0421,Peptide Lift Serum,2025-08-04,1
CUST-R0421,Color Protect Gentle Shampoo,2025-08-04,1
CUST-R0421,Deep Dive Hydrating Conditioner,2025-08-04,1
CUST-R0421,Radiance Gel Cleanser,2025-10-31,1
CUST-R0421,Peptide Lift Serum,2025-10-31,2
CUST-R0421,Color Protect Gentle Shampoo,2025-10-31,1
CUST-R0421,Radiance Gel Cleanser,2025-12-03,1
CUST-R0421,Peptide Lift Serum,2025-12-03,1
CUST-R0421,Color Protect Gentle Shampoo,2025-12-03,1
CUST-R0421,Deep Dive Hydrating Conditioner,2025-12-03,1
CUST-R0421,Color Protect Gentle Shampoo,2026-03-16,1
CUST-R0421,Deep Dive Hydrating Conditioner,2026-03-16,1
CUST-R0421,Radiance Gel Cleanser,2026-04-26,1
CUST-R0421,Peptide Lift Serum,2026-04-26,1
CUST-R0422,Deep Dive Hydrating Conditioner,2025-06-30,1
CUST-R0422,All Day Moisture Leave-In Cream,2025-06-30,1
CUST-R0422,Color Protect Gentle Shampoo,2026-05-24,1
CUST-R0422,Deep Dive Hydrating Conditioner,2026-05-24,2
CUST-R0423,Hydra-Silk Moisture Shampoo,2025-06-27,1
CUST-R0423,Hydra-Silk Moisture Shampoo,2026-05-06,1
CUST-R0423,Featherlight Balancing Conditioner,2026-05-06,1
CUST-R0424,Radiance Gel Cleanser,2025-06-11,1
CUST-R0424,Plump & Glow Hyaluronic Serum,2025-06-11,1
CUST-R0424,Cloud Cream Firming Moisturizer,2025-06-11,1
CUST-R0424,Featherlight UV Shield SPF 50,2025-06-11,2
CUST-R0424,Radiance Gel Cleanser,2025-10-09,2
CUST-R0424,Cloud Cream Firming Moisturizer,2025-10-09,1
CUST-R0424,Radiance Gel Cleanser,2026-01-08,1
CUST-R0424,Cloud Cream Firming Moisturizer,2026-05-08,1
CUST-R0424,Peptide Lift Serum,2026-05-08,1
CUST-R0425,Midnight Retinol Renewal Serum,2025-07-04,1
CUST-R0425,Youth Revive Rosehip Oil,2025-07-04,1
CUST-R0425,Midnight Retinol Renewal Serum,2025-09-20,1
CUST-R0425,Mattify & Hydrate Gel Cream,2025-09-20,1
CUST-R0425,Hydra-Cleanse Micellar Water,2025-11-20,1
CUST-R0425,Dew Drop Essence Toner,2025-11-20,1
CUST-R0425,Midnight Retinol Renewal Serum,2025-12-27,1
CUST-R0425,Midnight Retinol Renewal Serum,2026-01-26,2
CUST-R0425,Mattify & Hydrate Gel Cream,2026-01-26,1
CUST-R0425,Dew Drop Essence Toner,2026-01-26,1
CUST-R0425,Midnight Retinol Renewal Serum,2026-03-30,1
CUST-R0425,Mattify & Hydrate Gel Cream,2026-03-30,1
CUST-R0426,Featherlight Balancing Conditioner,2025-09-09,1
CUST-R0426,Bounce Back Volumizing Shampoo,2025-12-03,1
CUST-R0426,Sleek & Define Styling Cream,2025-12-03,1
CUST-R0426,Bounce Back Volumizing Shampoo,2026-04-08,1
CUST-R0426,Featherlight Balancing Conditioner,2026-04-08,2
CUST-R0427,Midnight Retinol Renewal Serum,2025-06-03,2
CUST-R0427,Glow Activator Vitamin C Serum,2025-10-17,1
CUST-R0427,Hydra-Cleanse Micellar Water,2026-02-23,1
CUST-R0427,Glow Activator Vitamin C Serum,2026-02-23,1
CUST-R0427,Mattify & Hydrate Gel Cream,2026-02-23,1
CUST-R0427,Tinted Mineral Defense SPF 30,2026-02-23,1
CUST-R0427,Glow Activator Vitamin C Serum,2026-05-23,1
CUST-R0427,Mattify & Hydrate Gel Cream,2026-05-23,1
CUST-R0428,Bounce Back Volumizing Shampoo,2025-06-01,1
CUST-R0428,Deep Dive Hydrating Conditioner,2025-06-01,2
CUST-R0428,Deep Dive Hydrating Conditioner,2025-09-05,1
CUST-R0428,Bounce Back Volumizing Shampoo,2025-11-29,1
CUST-R0428,Deep Dive Hydrating Conditioner,2025-11-29,2
CUST-R0428,Bounce Back Volumizing Shampoo,2026-01-04,1
CUST-R0428,Deep Dive Hydrating Conditioner,2026-01-04,1
CUST-R0428,Bounce Back Volumizing Shampoo,2026-04-17,1
CUST-R0429,Radiance Gel Cleanser,2025-06-13,1
CUST-R0429,Bounce Back Volumizing Shampoo,2025-06-13,1
CUST-R0429,Featherlight Balancing Conditioner,2025-06-13,2
CUST-R0429,Bounce Back Volumizing Shampoo,2025-07-26,1
CUST-R0429,Featherlight Balancing Conditioner,2025-07-26,1
CUST-R0429,Radiance Gel Cleanser,2025-09-10,1
CUST-R0429,Bounce Back Volumizing Shampoo,2025-09-10,2
CUST-R0429,Featherlight Balancing Conditioner,2025-09-10,1
CUST-R0429,Radiance Gel Cleanser,2025-11-06,1
CUST-R0429,Clear Complexion Niacinamide Serum,2025-11-06,1
CUST-R0429,Featherlight Balancing Conditioner,2025-11-06,1
CUST-R0429,Radiance Gel Cleanser,2026-01-06,1
CUST-R0429,Bounce Back Volumizing Shampoo,2026-03-28,1
CUST-R0429,Featherlight Balancing Conditioner,2026-03-28,1
CUST-R0429,Radiance Gel Cleanser,2026-04-20,1
CUST-R0429,Clear Complexion Niacinamide Serum,2026-04-20,1
CUST-R0430,Radiance Gel Cleanser,2025-08-07,1
CUST-R0430,Peptide Lift Serum,2025-08-07,1
CUST-R0430,Velvet Rich Night Cream,2025-11-05,1
CUST-R0430,Plump & Glow Hyaluronic Serum,2025-11-05,1
CUST-R0430,Radiance Gel Cleanser,2025-12-13,1
CUST-R0430,Peptide Lift Serum,2025-12-13,1
CUST-R0430,Tinted Mineral Defense SPF 30,2025-12-13,1
CUST-R0430,Radiance Gel Cleanser,2026-02-26,1
CUST-R0430,Peptide Lift Serum,2026-02-26,2
CUST-R0430,Velvet Rich Night Cream,2026-02-26,1
CUST-R0430,Texture Eraser AHA Exfoliant,2026-02-26,1
CUST-R0431,Featherlight Balancing Conditioner,2025-06-06,1
CUST-R0431,Radiance Gel Cleanser,2025-09-18,2
CUST-R0431,Bounce Back Volumizing Shampoo,2025-09-18,1
CUST-R0431,Featherlight Balancing Conditioner,2025-09-18,1
CUST-R0431,Bounce Back Volumizing Shampoo,2026-01-10,1
CUST-R0431,Peptide Lift Serum,2026-05-19,1
CUST-R0431,Bounce Back Volumizing Shampoo,2026-05-19,1
CUST-R0432,Plump & Glow Hyaluronic Serum,2025-10-24,2
CUST-R0432,Cloud Cream Firming Moisturizer,2025-10-24,1
CUST-R0432,Plump & Glow Hyaluronic Serum,2026-02-06,1
CUST-R0433,Mattify & Hydrate Gel Cream,2025-06-23,1
CUST-R0433,Radiance Gel Cleanser,2025-08-19,1
CUST-R0433,Midnight Retinol Renewal Serum,2025-08-19,1
CUST-R0433,Peptide Lift Serum,2025-08-19,1
CUST-R0433,Radiance Gel Cleanser,2025-12-18,1
CUST-R0433,Pore Refining BHA Pads,2025-12-18,1
CUST-R0433,Radiance Gel Cleanser,2026-02-04,1
CUST-R0433,Midnight Retinol Renewal Serum,2026-02-04,1
CUST-R0433,Mattify & Hydrate Gel Cream,2026-02-04,1
CUST-R0433,Midnight Retinol Renewal Serum,2026-05-22,1
CUST-R0433,Mattify & Hydrate Gel Cream,2026-05-22,1
CUST-R0434,Plump & Glow Hyaluronic Serum,2025-08-13,1
CUST-R0434,Radiance Gel Cleanser,2025-11-01,1
CUST-R0434,Clear Complexion Niacinamide Serum,2025-11-01,1
CUST-R0434,Mattify & Hydrate Gel Cream,2025-11-01,2
CUST-R0434,Petal Soft Calming Toner,2025-11-01,1
CUST-R0434,Radiance Gel Cleanser,2025-12-07,1
CUST-R0434,Mattify & Hydrate Gel Cream,2025-12-07,1
CUST-R0434,Petal Soft Calming Toner,2025-12-07,1
CUST-R0434,Radiance Gel Cleanser,2026-04-16,1
CUST-R0435,Glow Activator Vitamin C Serum,2025-06-16,1
CUST-R0435,Plump & Glow Hyaluronic Serum,2025-06-16,1
CUST-R0435,Glow Activator Vitamin C Serum,2025-07-31,1
CUST-R0435,Barrier Boost Moisturizer,2025-07-31,1
CUST-R0435,Peptide Lift Serum,2025-07-31,1
CUST-R0435,Velvet Foam Cleanser,2025-09-28,1
CUST-R0435,Barrier Boost Moisturizer,2025-09-28,1
CUST-R0435,Dew Drop Essence Toner,2025-09-28,1
CUST-R0435,Velvet Foam Cleanser,2025-12-20,1
CUST-R0435,Glow Activator Vitamin C Serum,2025-12-20,1
CUST-R0435,Barrier Boost Moisturizer,2025-12-20,1
CUST-R0435,Featherlight UV Shield SPF 50,2025-12-20,1
CUST-R0435,Glow Activator Vitamin C Serum,2026-02-04,1
CUST-R0435,Barrier Boost Moisturizer,2026-02-04,2
CUST-R0435,Tinted Mineral Defense SPF 30,2026-02-04,1
CUST-R0435,Glow Activator Vitamin C Serum,2026-03-19,1
CUST-R0435,Barrier Boost Moisturizer,2026-03-19,1
CUST-R0435,Youth Revive Rosehip Oil,2026-03-19,1
CUST-R0435,Velvet Foam Cleanser,2026-04-23,1
CUST-R0435,Barrier Boost Moisturizer,2026-04-23,1
CUST-R0435,Tinted Mineral Defense SPF 30,2026-04-23,1
CUST-R0436,Peptide Lift Serum,2025-06-22,1
CUST-R0436,Mattify & Hydrate Gel Cream,2025-06-22,1
CUST-R0436,Tinted Mineral Defense SPF 30,2025-06-22,1
CUST-R0436,Mattify & Hydrate Gel Cream,2025-10-27,1
CUST-R0436,Peptide Lift Serum,2025-10-27,1
CUST-R0436,Peptide Lift Serum,2025-12-14,1
CUST-R0436,Pore Refining BHA Pads,2025-12-14,1
CUST-R0436,Hydra-Cleanse Micellar Water,2026-05-05,1
CUST-R0437,Peptide Lift Serum,2025-07-26,1
CUST-R0437,Peptide Lift Serum,2025-10-17,1
CUST-R0437,Cloud Cream Firming Moisturizer,2025-10-17,1
CUST-R0437,Peptide Lift Serum,2026-01-27,1
CUST-R0437,Cloud Cream Firming Moisturizer,2026-01-27,1
CUST-R0437,Tinted Mineral Defense SPF 30,2026-01-27,1
CUST-R0437,Peptide Lift Serum,2026-03-03,1
CUST-R0437,Cloud Cream Firming Moisturizer,2026-03-03,1
CUST-R0437,Tinted Mineral Defense SPF 30,2026-03-03,2
CUST-R0438,Velvet Foam Cleanser,2025-06-18,1
CUST-R0438,Peptide Lift Serum,2025-06-18,1
CUST-R0438,Cloud Cream Firming Moisturizer,2025-06-18,1
CUST-R0438,Velvet Foam Cleanser,2025-08-27,1
CUST-R0438,Peptide Lift Serum,2025-08-27,1
CUST-R0438,Cloud Cream Firming Moisturizer,2025-08-27,1
CUST-R0438,Velvet Foam Cleanser,2025-10-24,1
CUST-R0438,Peptide Lift Serum,2025-10-24,1
CUST-R0438,Velvet Foam Cleanser,2026-03-03,2
CUST-R0438,Velvet Foam Cleanser,2026-03-25,1
CUST-R0438,Peptide Lift Serum,2026-03-25,2
CUST-R0438,Cloud Cream Firming Moisturizer,2026-03-25,1
CUST-R0438,Plump & Glow Hyaluronic Serum,2026-03-25,1
CUST-R0439,Hydra-Cleanse Micellar Water,2025-06-23,1
CUST-R0439,Clear Complexion Niacinamide Serum,2025-06-23,1
CUST-R0439,Calm Down Redness Relief Mist,2025-06-23,1
CUST-R0439,Hydra-Cleanse Micellar Water,2025-07-18,2
CUST-R0439,Clear Complexion Niacinamide Serum,2025-07-18,1
CUST-R0439,Dew Drop Essence Toner,2025-07-18,1
CUST-R0439,Hydra-Cleanse Micellar Water,2025-09-02,1
CUST-R0439,Barrier Boost Moisturizer,2025-09-02,1
CUST-R0439,Hydra-Cleanse Micellar Water,2025-11-18,1
CUST-R0439,Clear Complexion Niacinamide Serum,2025-11-18,1
CUST-R0439,Hydra-Cleanse Micellar Water,2025-12-13,1
CUST-R0439,Clear Complexion Niacinamide Serum,2025-12-13,1
CUST-R0439,Barrier Boost Moisturizer,2025-12-13,1
CUST-R0439,Hydra-Cleanse Micellar Water,2026-02-08,1
CUST-R0439,Skin Silk Squalane Oil,2026-02-08,1
CUST-R0439,Clear Complexion Niacinamide Serum,2026-03-18,1
CUST-R0439,Barrier Boost Moisturizer,2026-03-18,1
CUST-R0439,Clear Complexion Niacinamide Serum,2026-05-24,1
CUST-R0439,Barrier Boost Moisturizer,2026-05-24,1
CUST-R0439,Plump & Glow Hyaluronic Serum,2026-05-24,1
CUST-R0440,Midnight Retinol Renewal Serum,2025-07-06,1
CUST-R0440,Cloud Cream Firming Moisturizer,2025-07-06,1
CUST-R0440,Tinted Mineral Defense SPF 30,2025-07-06,1
CUST-R0440,Midnight Retinol Renewal Serum,2025-08-22,1
CUST-R0440,Tinted Mineral Defense SPF 30,2025-08-22,1
CUST-R0440,Midnight Retinol Renewal Serum,2025-10-27,1
CUST-R0440,Tinted Mineral Defense SPF 30,2025-10-27,1
CUST-R0440,Cloud Cream Firming Moisturizer,2025-12-08,1
CUST-R0440,Tinted Mineral Defense SPF 30,2025-12-08,2
CUST-R0440,Tinted Mineral Defense SPF 30,2026-03-11,1
CUST-R0440,Midnight Retinol Renewal Serum,2026-04-13,1
CUST-R0440,Cloud Cream Firming Moisturizer,2026-04-13,1
CUST-R0440,Tinted Mineral Defense SPF 30,2026-04-13,1
CUST-R0441,Radiance Gel Cleanser,2025-07-10,1
CUST-R0441,Radiance Gel Cleanser,2025-09-24,1
CUST-R0441,Hydra-Silk Moisture Shampoo,2025-09-24,1
CUST-R0441,Featherlight Balancing Conditioner,2025-09-24,1
CUST-R0441,Radiance Gel Cleanser,2025-11-12,1
CUST-R0441,Midnight Retinol Renewal Serum,2025-11-12,1
CUST-R0441,Featherlight Balancing Conditioner,2025-11-12,1
CUST-R0441,Radiance Gel Cleanser,2026-03-05,1
CUST-R0441,Midnight Retinol Renewal Serum,2026-03-05,2
CUST-R0441,Hydra-Silk Moisture Shampoo,2026-03-05,1
CUST-R0441,Featherlight Balancing Conditioner,2026-03-05,2
CUST-R0441,Midnight Retinol Renewal Serum,2026-03-26,2
CUST-R0441,Hydra-Silk Moisture Shampoo,2026-03-26,1
CUST-R0441,Featherlight Balancing Conditioner,2026-03-26,1
CUST-R0442,Featherlight Balancing Conditioner,2025-06-13,1
CUST-R0442,Featherlight Balancing Conditioner,2025-08-27,1
CUST-R0442,Deep Repair Masque,2025-08-27,1
CUST-R0442,Featherlight Balancing Conditioner,2025-12-08,1
CUST-R0442,Color Protect Gentle Shampoo,2026-05-17,1
CUST-R0442,Featherlight Balancing Conditioner,2026-05-17,1
CUST-R0442,Curl Defining Treatment Mask,2026-05-17,1
CUST-R0443,Mattify & Hydrate Gel Cream,2025-07-27,1
CUST-R0443,Plump & Glow Hyaluronic Serum,2025-12-26,1
CUST-R0443,Mattify & Hydrate Gel Cream,2025-12-26,2
CUST-R0443,Radiance Gel Cleanser,2026-04-15,1
CUST-R0443,Plump & Glow Hyaluronic Serum,2026-04-15,1
CUST-R0443,Mattify & Hydrate Gel Cream,2026-04-15,1
CUST-R0444,Radiance Gel Cleanser,2025-06-12,1
CUST-R0444,Clear Complexion Niacinamide Serum,2025-06-12,2
CUST-R0444,Cloud Cream Firming Moisturizer,2025-06-12,1
CUST-R0444,Radiance Gel Cleanser,2025-09-24,1
CUST-R0444,Cloud Cream Firming Moisturizer,2025-09-24,1
CUST-R0444,Radiance Gel Cleanser,2025-11-26,1
CUST-R0444,Clear Complexion Niacinamide Serum,2025-11-26,1
CUST-R0444,Cloud Cream Firming Moisturizer,2025-11-26,1
CUST-R0444,Petal Soft Calming Toner,2025-11-26,2
CUST-R0444,Radiance Gel Cleanser,2026-01-04,1
CUST-R0444,Cloud Cream Firming Moisturizer,2026-01-04,1
CUST-R0444,Youth Revive Rosehip Oil,2026-01-04,1
CUST-R0444,Cloud Cream Firming Moisturizer,2026-02-02,1
CUST-R0444,Radiance Gel Cleanser,2026-04-09,1
CUST-R0444,Pore Refining BHA Pads,2026-04-09,1
CUST-R0445,Plump & Glow Hyaluronic Serum,2025-07-10,1
CUST-R0445,Cloud Cream Firming Moisturizer,2025-07-10,1
CUST-R0445,Calm Down Redness Relief Mist,2025-07-10,1
CUST-R0445,Velvet Foam Cleanser,2025-08-27,1
CUST-R0445,Cloud Cream Firming Moisturizer,2025-08-27,1
CUST-R0445,Youth Revive Rosehip Oil,2025-08-27,1
CUST-R0445,Velvet Foam Cleanser,2025-11-05,1
CUST-R0445,Midnight Retinol Renewal Serum,2025-11-05,1
CUST-R0445,Velvet Foam Cleanser,2026-01-28,1
CUST-R0445,Plump & Glow Hyaluronic Serum,2026-01-28,1
CUST-R0445,Cloud Cream Firming Moisturizer,2026-01-28,1
CUST-R0445,Velvet Foam Cleanser,2026-05-05,1
CUST-R0445,Plump & Glow Hyaluronic Serum,2026-05-05,1
CUST-R0445,Cloud Cream Firming Moisturizer,2026-05-05,1
CUST-R0445,Pore Refining BHA Pads,2026-05-05,1
CUST-R0446,Velvet Foam Cleanser,2025-07-09,1
CUST-R0446,Hydra-Silk Moisture Shampoo,2025-07-09,1
CUST-R0446,Deep Dive Hydrating Conditioner,2025-07-09,2
CUST-R0446,Clear Complexion Niacinamide Serum,2025-08-08,1
CUST-R0446,Hydra-Silk Moisture Shampoo,2025-08-08,1
CUST-R0446,Clear Complexion Niacinamide Serum,2025-09-17,1
CUST-R0446,Deep Dive Hydrating Conditioner,2025-09-17,1
CUST-R0446,Velvet Foam Cleanser,2025-11-29,1
CUST-R0446,Hydra-Silk Moisture Shampoo,2025-11-29,1
CUST-R0446,Deep Dive Hydrating Conditioner,2025-11-29,1
CUST-R0446,Velvet Foam Cleanser,2026-01-05,1
CUST-R0446,Clear Complexion Niacinamide Serum,2026-01-05,1
CUST-R0446,Hydra-Silk Moisture Shampoo,2026-01-05,1
CUST-R0446,Deep Dive Hydrating Conditioner,2026-01-05,1
CUST-R0446,Hydra-Silk Moisture Shampoo,2026-02-25,1
CUST-R0446,Deep Dive Hydrating Conditioner,2026-02-25,1
CUST-R0446,Velvet Foam Cleanser,2026-04-17,1
CUST-R0446,Clear Complexion Niacinamide Serum,2026-04-17,1
CUST-R0446,Hydra-Silk Moisture Shampoo,2026-04-17,1
CUST-R0447,Hydra-Cleanse Micellar Water,2025-06-30,1
CUST-R0447,Clear Complexion Niacinamide Serum,2025-06-30,1
CUST-R0447,Clear Complexion Niacinamide Serum,2025-08-05,1
CUST-R0447,Velvet Rich Night Cream,2025-08-05,1
CUST-R0447,Clear Complexion Niacinamide Serum,2025-10-19,1
CUST-R0447,Featherlight UV Shield SPF 50,2025-10-19,1
CUST-R0447,Hydra-Cleanse Micellar Water,2025-12-28,1
CUST-R0447,Hydra-Cleanse Micellar Water,2026-03-15,1
CUST-R0447,Clear Complexion Niacinamide Serum,2026-03-15,1
CUST-R0447,Velvet Rich Night Cream,2026-04-28,1
CUST-R0447,Dew Drop Essence Toner,2026-04-28,1
CUST-R0448,Radiance Gel Cleanser,2025-10-16,2
CUST-R0448,Radiance Gel Cleanser,2026-03-02,1
CUST-R0449,Radiance Gel Cleanser,2025-06-13,1
CUST-R0449,Barrier Boost Moisturizer,2025-06-13,1
CUST-R0449,Clear Complexion Niacinamide Serum,2025-08-24,1
CUST-R0449,Barrier Boost Moisturizer,2025-08-24,1
CUST-R0449,Radiance Gel Cleanser,2025-10-11,1
CUST-R0449,Clear Complexion Niacinamide Serum,2025-10-11,1
CUST-R0449,Barrier Boost Moisturizer,2025-10-11,2
CUST-R0449,Radiance Gel Cleanser,2025-12-13,1
CUST-R0449,Barrier Boost Moisturizer,2025-12-13,1
CUST-R0449,Petal Soft Calming Toner,2025-12-13,1
CUST-R0449,Radiance Gel Cleanser,2026-02-06,1
CUST-R0449,Clear Complexion Niacinamide Serum,2026-02-06,1
CUST-R0449,Radiance Gel Cleanser,2026-03-28,1
CUST-R0449,Clear Complexion Niacinamide Serum,2026-03-28,1
CUST-R0449,Barrier Boost Moisturizer,2026-03-28,1
CUST-R0449,Radiance Gel Cleanser,2026-05-07,1
CUST-R0449,Clear Complexion Niacinamide Serum,2026-05-07,1
CUST-R0449,Barrier Boost Moisturizer,2026-05-07,2
CUST-R0449,Blemish Banisher Spot Treatment,2026-05-07,1
CUST-R0450,Radiance Gel Cleanser,2025-11-13,1
CUST-R0450,Peptide Lift Serum,2025-11-13,1
CUST-R0450,Mattify & Hydrate Gel Cream,2025-11-13,1
CUST-R0450,Peptide Lift Serum,2026-04-05,1
CUST-R0451,Bounce Back Volumizing Shampoo,2025-10-27,1
CUST-R0451,Deep Dive Hydrating Conditioner,2025-10-27,1
CUST-R0451,Frizz Control Leave-In Serum,2025-10-27,1
CUST-R0451,Bounce Back Volumizing Shampoo,2026-04-17,1
CUST-R0452,Glow Activator Vitamin C Serum,2025-07-08,1
CUST-R0452,Hydra-Cleanse Micellar Water,2025-08-24,1
CUST-R0452,Cloud Cream Firming Moisturizer,2025-08-24,1
CUST-R0452,Tinted Mineral Defense SPF 30,2025-08-24,1
CUST-R0452,Hydra-Cleanse Micellar Water,2025-08-30,1
CUST-R0452,Cloud Cream Firming Moisturizer,2025-08-30,1
CUST-R0452,Glow Activator Vitamin C Serum,2025-08-30,1
CUST-R0452,Hydra-Cleanse Micellar Water,2025-10-29,1
CUST-R0452,Midnight Retinol Renewal Serum,2025-10-29,1
CUST-R0452,Hydra-Cleanse Micellar Water,2025-12-28,1
CUST-R0452,Cloud Cream Firming Moisturizer,2025-12-28,1
CUST-R0452,Tinted Mineral Defense SPF 30,2025-12-28,1
CUST-R0452,Hydra-Cleanse Micellar Water,2026-02-19,1
CUST-R0452,Glow Activator Vitamin C Serum,2026-02-19,1
CUST-R0452,Cloud Cream Firming Moisturizer,2026-02-19,1
CUST-R0452,Hydra-Cleanse Micellar Water,2026-03-14,1
CUST-R0452,Cloud Cream Firming Moisturizer,2026-03-14,1
CUST-R0452,Clear Complexion Niacinamide Serum,2026-03-14,1
CUST-R0452,Hydra-Cleanse Micellar Water,2026-04-25,1
CUST-R0452,Glow Activator Vitamin C Serum,2026-04-25,1
CUST-R0452,Cloud Cream Firming Moisturizer,2026-04-25,1
CUST-R0452,Peptide Lift Serum,2026-04-25,1
CUST-R0453,Plump & Glow Hyaluronic Serum,2025-07-27,1
CUST-R0453,Velvet Rich Night Cream,2025-07-27,1
CUST-R0453,Plump & Glow Hyaluronic Serum,2025-09-06,1
CUST-R0453,Radiance Gel Cleanser,2025-12-08,1
CUST-R0453,Velvet Rich Night Cream,2025-12-08,1
CUST-R0453,Radiance Gel Cleanser,2026-02-05,1
CUST-R0453,Plump & Glow Hyaluronic Serum,2026-02-05,1
CUST-R0453,Radiance Gel Cleanser,2026-05-21,1
CUST-R0453,Plump & Glow Hyaluronic Serum,2026-05-21,1
CUST-R0453,Velvet Rich Night Cream,2026-05-21,1
CUST-R0453,Featherlight UV Shield SPF 50,2026-05-21,1
CUST-R0454,Hydra-Cleanse Micellar Water,2025-07-20,1
CUST-R0454,Featherlight Balancing Conditioner,2025-07-20,1
CUST-R0454,Hydra-Cleanse Micellar Water,2025-09-04,1
CUST-R0454,Scalp Reset Clarifying Shampoo,2025-09-04,1
CUST-R0454,Featherlight Balancing Conditioner,2025-09-04,1
CUST-R0454,Hydra-Cleanse Micellar Water,2025-11-03,1
CUST-R0454,Glow Activator Vitamin C Serum,2025-11-03,1
CUST-R0454,Scalp Reset Clarifying Shampoo,2025-11-03,1
CUST-R0454,Glow Activator Vitamin C Serum,2026-01-10,1
CUST-R0454,Scalp Reset Clarifying Shampoo,2026-01-10,1
CUST-R0454,Featherlight Balancing Conditioner,2026-02-28,1
CUST-R0454,Hydra-Cleanse Micellar Water,2026-04-14,1
CUST-R0454,Glow Activator Vitamin C Serum,2026-04-14,1
CUST-R0454,Featherlight Balancing Conditioner,2026-04-14,1
CUST-R0455,Peptide Lift Serum,2025-08-09,1
CUST-R0455,Cloud Cream Firming Moisturizer,2025-08-09,1
CUST-R0455,Peptide Lift Serum,2025-10-10,1
CUST-R0455,Cloud Cream Firming Moisturizer,2025-10-10,1
CUST-R0455,Tinted Mineral Defense SPF 30,2025-10-10,1
CUST-R0455,Cloud Cream Firming Moisturizer,2025-12-15,1
CUST-R0455,Tinted Mineral Defense SPF 30,2025-12-15,1
CUST-R0455,Peptide Lift Serum,2026-04-05,1
CUST-R0455,Cloud Cream Firming Moisturizer,2026-04-05,1
CUST-R0455,Tinted Mineral Defense SPF 30,2026-04-05,1
CUST-R0456,Radiance Gel Cleanser,2025-06-13,2
CUST-R0456,Scalp Reset Clarifying Shampoo,2025-06-13,1
CUST-R0456,Featherlight Balancing Conditioner,2025-06-13,1
CUST-R0456,Radiance Gel Cleanser,2025-07-21,1
CUST-R0456,Scalp Reset Clarifying Shampoo,2025-07-21,1
CUST-R0456,Featherlight Balancing Conditioner,2025-07-21,1
CUST-R0456,Radiance Gel Cleanser,2025-09-11,1
CUST-R0456,Scalp Reset Clarifying Shampoo,2025-09-11,2
CUST-R0456,Featherlight Balancing Conditioner,2025-09-11,1
CUST-R0456,Radiance Gel Cleanser,2025-11-19,1
CUST-R0456,Plump & Glow Hyaluronic Serum,2025-11-19,1
CUST-R0456,Featherlight Balancing Conditioner,2025-11-19,1
CUST-R0456,Plump & Glow Hyaluronic Serum,2025-12-24,1
CUST-R0456,Featherlight Balancing Conditioner,2025-12-24,1
CUST-R0456,Radiance Gel Cleanser,2026-03-05,1
CUST-R0456,Plump & Glow Hyaluronic Serum,2026-03-05,1
CUST-R0456,Scalp Reset Clarifying Shampoo,2026-03-05,1
CUST-R0456,Featherlight Balancing Conditioner,2026-03-05,1
CUST-R0456,Radiance Gel Cleanser,2026-05-10,1
CUST-R0456,Plump & Glow Hyaluronic Serum,2026-05-10,2
CUST-R0456,Scalp Reset Clarifying Shampoo,2026-05-10,1
CUST-R0456,Featherlight Balancing Conditioner,2026-05-10,1
CUST-R0457,Barrier Boost Moisturizer,2025-06-22,2
CUST-R0457,Featherlight UV Shield SPF 50,2025-06-22,1
CUST-R0457,Radiance Gel Cleanser,2025-08-09,1
CUST-R0457,Midnight Retinol Renewal Serum,2025-08-09,1
CUST-R0457,Barrier Boost Moisturizer,2025-08-09,1
CUST-R0457,Peptide Lift Serum,2025-08-09,2
CUST-R0457,Barrier Boost Moisturizer,2025-10-27,1
CUST-R0457,Midnight Retinol Renewal Serum,2026-01-03,1
CUST-R0457,Barrier Boost Moisturizer,2026-01-03,1
CUST-R0457,Petal Soft Calming Toner,2026-01-03,1
CUST-R0457,Radiance Gel Cleanser,2026-02-18,1
CUST-R0457,Midnight Retinol Renewal Serum,2026-02-18,1
CUST-R0457,Barrier Boost Moisturizer,2026-02-18,1
CUST-R0457,Radiance Gel Cleanser,2026-04-23,1
CUST-R0457,Barrier Boost Moisturizer,2026-04-23,1
CUST-R0457,Dew Drop Essence Toner,2026-04-23,1
CUST-R0458,Color Protect Gentle Shampoo,2025-08-11,1
CUST-R0458,Strength Shield Protein Conditioner,2025-08-11,1
CUST-R0458,Scalp Balance Serum,2025-08-11,1
CUST-R0458,Strength Shield Protein Conditioner,2025-10-14,1
CUST-R0458,Strength Shield Protein Conditioner,2025-12-31,1
CUST-R0458,Frizz Control Leave-In Serum,2025-12-31,1
CUST-R0458,Color Protect Gentle Shampoo,2026-05-02,1
CUST-R0458,Strength Shield Protein Conditioner,2026-05-02,1
CUST-R0458,Nourish & Shine Hair Oil,2026-05-02,1
CUST-R0459,Midnight Retinol Renewal Serum,2025-07-13,1
CUST-R0459,Midnight Retinol Renewal Serum,2025-10-12,1
CUST-R0459,Youth Revive Rosehip Oil,2025-10-12,1
CUST-R0459,Hydra-Cleanse Micellar Water,2025-12-16,1
CUST-R0459,Midnight Retinol Renewal Serum,2025-12-16,1
CUST-R0459,Cloud Cream Firming Moisturizer,2025-12-16,2
CUST-R0459,Cloud Cream Firming Moisturizer,2026-03-07,2
CUST-R0459,Hydra-Cleanse Micellar Water,2026-03-26,1
CUST-R0459,Midnight Retinol Renewal Serum,2026-03-26,1
CUST-R0459,Pore Refining BHA Pads,2026-03-26,1
CUST-R0460,Velvet Foam Cleanser,2025-06-21,2
CUST-R0460,Glow Activator Vitamin C Serum,2025-06-21,1
CUST-R0460,Mattify & Hydrate Gel Cream,2025-06-21,1
CUST-R0460,Velvet Foam Cleanser,2025-07-19,1
CUST-R0460,Velvet Foam Cleanser,2025-09-27,1
CUST-R0460,Glow Activator Vitamin C Serum,2025-11-24,1
CUST-R0460,Clear Complexion Niacinamide Serum,2025-11-24,1
CUST-R0460,Velvet Foam Cleanser,2025-12-06,1
CUST-R0460,Mattify & Hydrate Gel Cream,2025-12-06,1
CUST-R0460,Pore Refining BHA Pads,2025-12-06,1
CUST-R0460,Glow Activator Vitamin C Serum,2026-01-20,1
CUST-R0460,Glow Activator Vitamin C Serum,2026-03-11,1
CUST-R0460,Mattify & Hydrate Gel Cream,2026-03-11,1
CUST-R0460,Peptide Lift Serum,2026-03-11,1
CUST-R0460,Glow Activator Vitamin C Serum,2026-05-07,1
CUST-R0460,Mattify & Hydrate Gel Cream,2026-05-07,1
CUST-R0461,Velvet Foam Cleanser,2025-06-14,1
CUST-R0461,Barrier Boost Moisturizer,2025-06-14,1
CUST-R0462,Dew Drop Essence Toner,2025-06-12,1
CUST-R0462,Clear Complexion Niacinamide Serum,2025-07-18,1
CUST-R0462,Mattify & Hydrate Gel Cream,2025-07-18,1
CUST-R0462,Texture Eraser AHA Exfoliant,2025-07-18,1
CUST-R0462,Velvet Foam Cleanser,2025-10-05,2
CUST-R0462,Clear Complexion Niacinamide Serum,2025-10-05,2
CUST-R0462,Skin Silk Squalane Oil,2025-10-05,1
CUST-R0462,Velvet Foam Cleanser,2025-10-15,1
CUST-R0462,Mattify & Hydrate Gel Cream,2025-10-15,1
CUST-R0462,Dew Drop Essence Toner,2025-10-15,1
CUST-R0462,Velvet Foam Cleanser,2025-12-19,1
CUST-R0462,Clear Complexion Niacinamide Serum,2025-12-19,2
CUST-R0462,Velvet Foam Cleanser,2026-01-27,1
CUST-R0462,Pore Refining BHA Pads,2026-01-27,1
CUST-R0462,Velvet Foam Cleanser,2026-03-25,1
CUST-R0462,Clear Complexion Niacinamide Serum,2026-03-25,1
CUST-R0462,Mattify & Hydrate Gel Cream,2026-03-25,1
CUST-R0462,Velvet Foam Cleanser,2026-04-22,1
CUST-R0462,Clear Complexion Niacinamide Serum,2026-04-22,1
CUST-R0462,Mattify & Hydrate Gel Cream,2026-04-22,1
CUST-R0462,Featherlight UV Shield SPF 50,2026-04-22,1
CUST-R0463,Radiance Gel Cleanser,2025-07-20,1
CUST-R0463,Glow Activator Vitamin C Serum,2025-07-20,1
CUST-R0463,Mattify & Hydrate Gel Cream,2025-10-18,1
CUST-R0463,Plump & Glow Hyaluronic Serum,2026-01-26,1
CUST-R0463,Mattify & Hydrate Gel Cream,2026-01-26,1
CUST-R0463,Featherlight UV Shield SPF 50,2026-01-26,2
CUST-R0463,Radiance Gel Cleanser,2026-04-15,1
CUST-R0463,Plump & Glow Hyaluronic Serum,2026-04-15,1
CUST-R0463,Mattify & Hydrate Gel Cream,2026-04-15,1
CUST-R0463,Clear Complexion Niacinamide Serum,2026-04-15,2
CUST-R0464,Velvet Foam Cleanser,2025-07-08,1
CUST-R0464,Cloud Cream Firming Moisturizer,2025-07-08,2
CUST-R0464,Featherlight UV Shield SPF 50,2025-07-08,1
CUST-R0464,Velvet Foam Cleanser,2025-07-20,1
CUST-R0464,Cloud Cream Firming Moisturizer,2025-07-20,1
CUST-R0464,Midnight Retinol Renewal Serum,2025-07-20,2
CUST-R0464,Cloud Cream Firming Moisturizer,2025-09-06,1
CUST-R0464,Glow Activator Vitamin C Serum,2025-09-06,1
CUST-R0464,Plump & Glow Hyaluronic Serum,2025-10-30,1
CUST-R0464,Cloud Cream Firming Moisturizer,2025-10-30,2
CUST-R0464,Pore Refining BHA Pads,2025-10-30,1
CUST-R0464,Velvet Foam Cleanser,2025-12-26,1
CUST-R0464,Cloud Cream Firming Moisturizer,2025-12-26,1
CUST-R0464,Plump & Glow Hyaluronic Serum,2026-02-03,1
CUST-R0464,Peptide Lift Serum,2026-02-03,1
CUST-R0464,Velvet Foam Cleanser,2026-03-11,1
CUST-R0464,Velvet Foam Cleanser,2026-04-26,1
CUST-R0464,Plump & Glow Hyaluronic Serum,2026-04-26,1
CUST-R0464,Cloud Cream Firming Moisturizer,2026-04-26,1
CUST-R0464,Petal Soft Calming Toner,2026-04-26,2
CUST-R0465,Midnight Retinol Renewal Serum,2025-12-27,1
CUST-R0466,Clear Complexion Niacinamide Serum,2025-07-13,1
CUST-R0466,Scalp Reset Clarifying Shampoo,2025-07-13,2
CUST-R0466,Strength Shield Protein Conditioner,2025-07-13,2
CUST-R0466,Hydra-Cleanse Micellar Water,2025-07-30,1
CUST-R0466,Clear Complexion Niacinamide Serum,2025-07-30,2
CUST-R0466,Strength Shield Protein Conditioner,2025-07-30,1
CUST-R0466,Hydra-Cleanse Micellar Water,2025-10-15,1
CUST-R0466,Clear Complexion Niacinamide Serum,2025-10-15,1
CUST-R0466,Scalp Reset Clarifying Shampoo,2025-10-15,1
CUST-R0466,Clear Complexion Niacinamide Serum,2025-12-16,1
CUST-R0466,Strength Shield Protein Conditioner,2025-12-16,1
CUST-R0466,Hydra-Cleanse Micellar Water,2025-12-27,1
CUST-R0466,Scalp Reset Clarifying Shampoo,2025-12-27,1
CUST-R0466,Strength Shield Protein Conditioner,2025-12-27,1
CUST-R0466,Clear Complexion Niacinamide Serum,2026-02-27,1
CUST-R0466,Hydra-Cleanse Micellar Water,2026-05-04,1
CUST-R0466,Strength Shield Protein Conditioner,2026-05-04,1
CUST-R0467,Hydra-Cleanse Micellar Water,2025-07-03,1
CUST-R0467,Mattify & Hydrate Gel Cream,2025-07-03,1
CUST-R0467,Plump & Glow Hyaluronic Serum,2025-10-09,1
CUST-R0467,Mattify & Hydrate Gel Cream,2025-10-09,2
CUST-R0467,Hydra-Cleanse Micellar Water,2025-11-12,1
CUST-R0467,Plump & Glow Hyaluronic Serum,2025-11-12,1
CUST-R0467,Hydra-Cleanse Micellar Water,2026-02-01,1
CUST-R0467,Plump & Glow Hyaluronic Serum,2026-02-01,1
CUST-R0467,Hydra-Cleanse Micellar Water,2026-04-17,1
CUST-R0467,Plump & Glow Hyaluronic Serum,2026-04-17,1
CUST-R0467,Mattify & Hydrate Gel Cream,2026-04-17,1
CUST-R0468,Velvet Rich Night Cream,2025-06-08,1
CUST-R0468,Tinted Mineral Defense SPF 30,2025-06-08,1
CUST-R0468,Midnight Retinol Renewal Serum,2025-09-30,1
CUST-R0468,Velvet Rich Night Cream,2025-09-30,1
CUST-R0468,Tinted Mineral Defense SPF 30,2025-09-30,1
CUST-R0468,Midnight Retinol Renewal Serum,2025-12-20,1
CUST-R0468,Velvet Rich Night Cream,2025-12-20,1
CUST-R0468,Tinted Mineral Defense SPF 30,2025-12-20,1
CUST-R0468,Midnight Retinol Renewal Serum,2026-01-04,1
CUST-R0468,Velvet Rich Night Cream,2026-01-04,1
CUST-R0468,Tinted Mineral Defense SPF 30,2026-01-04,1
CUST-R0468,Midnight Retinol Renewal Serum,2026-04-15,1
CUST-R0468,Velvet Rich Night Cream,2026-04-15,1
CUST-R0469,Velvet Foam Cleanser,2025-06-17,1
CUST-R0469,Cloud Cream Firming Moisturizer,2025-06-17,1
CUST-R0469,Peptide Lift Serum,2026-05-01,1
CUST-R0469,Cloud Cream Firming Moisturizer,2026-05-01,1
CUST-R0470,Radiance Gel Cleanser,2025-09-18,1
CUST-R0470,Radiance Gel Cleanser,2025-12-23,1
CUST-R0470,Glow Activator Vitamin C Serum,2025-12-23,1
CUST-R0470,Radiance Gel Cleanser,2026-02-09,1
CUST-R0470,Glow Activator Vitamin C Serum,2026-02-09,1
CUST-R0470,Barrier Boost Moisturizer,2026-02-09,1
CUST-R0471,Radiance Gel Cleanser,2025-07-02,1
CUST-R0471,Peptide Lift Serum,2025-07-02,1
CUST-R0471,Cloud Cream Firming Moisturizer,2025-07-02,1
CUST-R0471,Cloud Cream Firming Moisturizer,2025-08-23,1
CUST-R0471,Peptide Lift Serum,2025-09-07,1
CUST-R0471,Blemish Banisher Spot Treatment,2025-09-07,2
CUST-R0471,Peptide Lift Serum,2025-11-10,1
CUST-R0471,Cloud Cream Firming Moisturizer,2025-11-10,1
CUST-R0471,Radiance Gel Cleanser,2025-11-30,1
CUST-R0471,Cloud Cream Firming Moisturizer,2025-11-30,1
CUST-R0471,Cloud Cream Firming Moisturizer,2026-02-01,1
CUST-R0471,Radiance Gel Cleanser,2026-04-01,1
CUST-R0471,Peptide Lift Serum,2026-04-01,1
CUST-R0471,Cloud Cream Firming Moisturizer,2026-04-01,1
CUST-R0471,Petal Soft Calming Toner,2026-04-01,1
CUST-R0471,Peptide Lift Serum,2026-04-15,1
CUST-R0472,Velvet Foam Cleanser,2025-06-28,2
CUST-R0472,Mattify & Hydrate Gel Cream,2025-06-28,1
CUST-R0472,Velvet Foam Cleanser,2025-08-20,1
CUST-R0472,Clear Complexion Niacinamide Serum,2025-08-20,1
CUST-R0472,Velvet Foam Cleanser,2025-09-27,1
CUST-R0472,Clear Complexion Niacinamide Serum,2025-09-27,1
CUST-R0472,Mattify & Hydrate Gel Cream,2025-09-27,1
CUST-R0472,Pore Refining BHA Pads,2025-09-27,1
CUST-R0472,Velvet Foam Cleanser,2025-10-19,1
CUST-R0472,Clear Complexion Niacinamide Serum,2025-10-19,1
CUST-R0472,Blemish Banisher Spot Treatment,2025-10-19,1
CUST-R0472,Velvet Foam Cleanser,2026-01-03,2
CUST-R0472,Clear Complexion Niacinamide Serum,2026-01-03,1
CUST-R0472,Mattify & Hydrate Gel Cream,2026-01-03,1
CUST-R0472,Calm Down Redness Relief Mist,2026-01-03,1
CUST-R0472,Velvet Foam Cleanser,2026-01-21,1
CUST-R0472,Clear Complexion Niacinamide Serum,2026-01-21,1
CUST-R0472,Mattify & Hydrate Gel Cream,2026-01-21,1
CUST-R0472,Velvet Foam Cleanser,2026-04-01,1
CUST-R0472,Clear Complexion Niacinamide Serum,2026-04-01,1
CUST-R0472,Mattify & Hydrate Gel Cream,2026-04-01,1
CUST-R0472,Glow Activator Vitamin C Serum,2026-04-01,1
CUST-R0472,Mattify & Hydrate Gel Cream,2026-04-19,2
CUST-R0472,Peptide Lift Serum,2026-04-19,1
CUST-R0473,Velvet Foam Cleanser,2025-06-02,1
CUST-R0473,Midnight Retinol Renewal Serum,2025-06-02,1
CUST-R0473,Midnight Retinol Renewal Serum,2025-09-09,1
CUST-R0473,Velvet Foam Cleanser,2025-10-20,1
CUST-R0473,Skin Silk Squalane Oil,2025-10-20,1
CUST-R0473,Velvet Foam Cleanser,2026-01-07,1
CUST-R0473,Midnight Retinol Renewal Serum,2026-01-07,1
CUST-R0473,Cloud Cream Firming Moisturizer,2026-01-07,1
CUST-R0473,Petal Soft Calming Toner,2026-01-07,1
CUST-R0473,Velvet Foam Cleanser,2026-03-07,1
CUST-R0473,Velvet Foam Cleanser,2026-04-08,1
CUST-R0473,Cloud Cream Firming Moisturizer,2026-04-08,1
CUST-R0473,Petal Soft Calming Toner,2026-04-08,1
CUST-R0474,Clear Complexion Niacinamide Serum,2025-06-26,1
CUST-R0474,Mattify & Hydrate Gel Cream,2025-06-26,1
CUST-R0474,Velvet Foam Cleanser,2026-01-19,1
CUST-R0474,Clear Complexion Niacinamide Serum,2026-01-19,1
CUST-R0475,Mattify & Hydrate Gel Cream,2025-07-24,1
CUST-R0475,Blemish Banisher Spot Treatment,2025-07-24,1
CUST-R0475,Mattify & Hydrate Gel Cream,2025-09-13,1
CUST-R0475,Dew Drop Essence Toner,2025-09-13,1
CUST-R0475,Hydra-Cleanse Micellar Water,2025-12-19,1
CUST-R0475,Midnight Retinol Renewal Serum,2025-12-19,1
CUST-R0475,Mattify & Hydrate Gel Cream,2025-12-19,1
CUST-R0475,Youth Revive Rosehip Oil,2025-12-19,1
CUST-R0475,Midnight Retinol Renewal Serum,2026-04-30,1
CUST-R0475,Mattify & Hydrate Gel Cream,2026-04-30,1
CUST-R0475,Skin Silk Squalane Oil,2026-04-30,1
CUST-R0476,Velvet Foam Cleanser,2025-06-09,1
CUST-R0476,Bounce Back Volumizing Shampoo,2025-06-09,1
CUST-R0476,Bounce Back Volumizing Shampoo,2025-08-14,1
CUST-R0476,Deep Dive Hydrating Conditioner,2025-08-14,1
CUST-R0476,Velvet Foam Cleanser,2025-11-17,1
CUST-R0476,Peptide Lift Serum,2025-11-17,1
CUST-R0476,Deep Dive Hydrating Conditioner,2025-11-17,1
CUST-R0476,Velvet Foam Cleanser,2026-01-05,1
CUST-R0476,Peptide Lift Serum,2026-01-05,1
CUST-R0476,Deep Dive Hydrating Conditioner,2026-01-05,2
CUST-R0476,Velvet Foam Cleanser,2026-03-04,1
CUST-R0476,Peptide Lift Serum,2026-03-04,1
CUST-R0476,Deep Dive Hydrating Conditioner,2026-03-04,1
CUST-R0476,Velvet Foam Cleanser,2026-04-15,1
CUST-R0476,Peptide Lift Serum,2026-04-15,1
CUST-R0476,Bounce Back Volumizing Shampoo,2026-04-15,2
CUST-R0476,Deep Dive Hydrating Conditioner,2026-04-15,1
CUST-R0477,Peptide Lift Serum,2025-07-13,1
CUST-R0477,Cloud Cream Firming Moisturizer,2025-07-13,1
CUST-R0477,Tinted Mineral Defense SPF 30,2025-07-13,1
CUST-R0477,Peptide Lift Serum,2025-09-26,1
CUST-R0477,Cloud Cream Firming Moisturizer,2025-09-26,1
CUST-R0477,Tinted Mineral Defense SPF 30,2025-09-26,2
CUST-R0477,Peptide Lift Serum,2025-10-23,1
CUST-R0477,Cloud Cream Firming Moisturizer,2025-10-23,1
CUST-R0477,Tinted Mineral Defense SPF 30,2025-10-23,1
CUST-R0477,Cloud Cream Firming Moisturizer,2025-12-17,1
CUST-R0477,Tinted Mineral Defense SPF 30,2025-12-17,1
CUST-R0477,Peptide Lift Serum,2026-03-03,1
CUST-R0477,Cloud Cream Firming Moisturizer,2026-03-03,1
CUST-R0477,Cloud Cream Firming Moisturizer,2026-05-12,1
CUST-R0477,Tinted Mineral Defense SPF 30,2026-05-12,1
CUST-R0478,Color Protect Gentle Shampoo,2025-06-15,1
CUST-R0478,Deep Dive Hydrating Conditioner,2025-11-17,1
CUST-R0478,Scalp Balance Serum,2025-11-17,1
CUST-R0478,Color Protect Gentle Shampoo,2025-12-22,1
CUST-R0478,Color Protect Gentle Shampoo,2026-04-20,1
CUST-R0478,Deep Dive Hydrating Conditioner,2026-04-20,1
CUST-R0479,Midnight Retinol Renewal Serum,2025-06-06,1
CUST-R0479,Mattify & Hydrate Gel Cream,2025-06-06,1
CUST-R0479,Midnight Retinol Renewal Serum,2025-08-25,1
CUST-R0479,Mattify & Hydrate Gel Cream,2025-08-25,1
CUST-R0479,Peptide Lift Serum,2025-08-25,1
CUST-R0479,Velvet Foam Cleanser,2025-08-29,1
CUST-R0479,Mattify & Hydrate Gel Cream,2025-08-29,1
CUST-R0479,Velvet Foam Cleanser,2025-10-27,1
CUST-R0479,Midnight Retinol Renewal Serum,2025-10-27,1
CUST-R0479,Mattify & Hydrate Gel Cream,2025-12-09,1
CUST-R0479,Midnight Retinol Renewal Serum,2026-02-24,1
CUST-R0479,Mattify & Hydrate Gel Cream,2026-02-24,1
CUST-R0479,Velvet Foam Cleanser,2026-03-13,1
CUST-R0479,Midnight Retinol Renewal Serum,2026-03-13,1
CUST-R0479,Mattify & Hydrate Gel Cream,2026-03-13,1
CUST-R0479,Pore Refining BHA Pads,2026-03-13,1
CUST-R0479,Midnight Retinol Renewal Serum,2026-05-23,1
CUST-R0479,Mattify & Hydrate Gel Cream,2026-05-23,1
CUST-R0480,Midnight Retinol Renewal Serum,2025-07-17,1
CUST-R0480,Cloud Cream Firming Moisturizer,2025-07-17,1
CUST-R0480,Midnight Retinol Renewal Serum,2025-10-15,1
CUST-R0480,Cloud Cream Firming Moisturizer,2025-10-15,1
CUST-R0480,Midnight Retinol Renewal Serum,2025-11-10,1
CUST-R0480,Featherlight UV Shield SPF 50,2025-11-10,2
CUST-R0480,Midnight Retinol Renewal Serum,2026-01-31,1
CUST-R0480,Featherlight UV Shield SPF 50,2026-01-31,1
CUST-R0480,Midnight Retinol Renewal Serum,2026-05-05,1
CUST-R0480,Cloud Cream Firming Moisturizer,2026-05-05,1
CUST-R0480,Featherlight UV Shield SPF 50,2026-05-05,1
CUST-R0481,Hydra-Cleanse Micellar Water,2025-07-11,1
CUST-R0481,Velvet Rich Night Cream,2025-07-11,2
CUST-R0481,Hydra-Cleanse Micellar Water,2025-08-20,1
CUST-R0481,Velvet Rich Night Cream,2025-08-20,1
CUST-R0481,Clear Complexion Niacinamide Serum,2025-10-16,1
CUST-R0481,Velvet Rich Night Cream,2025-10-16,1
CUST-R0481,Texture Eraser AHA Exfoliant,2025-10-16,1
CUST-R0481,Clear Complexion Niacinamide Serum,2026-01-09,1
CUST-R0481,Velvet Rich Night Cream,2026-01-09,1
CUST-R0481,Hydra-Cleanse Micellar Water,2026-01-31,1
CUST-R0481,Tinted Mineral Defense SPF 30,2026-01-31,1
CUST-R0481,Hydra-Cleanse Micellar Water,2026-04-05,1
CUST-R0481,Clear Complexion Niacinamide Serum,2026-04-05,1
CUST-R0482,Radiance Gel Cleanser,2025-07-24,1
CUST-R0482,Radiance Gel Cleanser,2025-07-30,1
CUST-R0482,Tinted Mineral Defense SPF 30,2025-07-30,1
CUST-R0482,Tinted Mineral Defense SPF 30,2025-10-11,2
CUST-R0482,Radiance Gel Cleanser,2025-12-15,1
CUST-R0482,Featherlight UV Shield SPF 50,2025-12-15,1
CUST-R0482,Radiance Gel Cleanser,2026-03-18,1
CUST-R0482,Radiance Gel Cleanser,2026-05-21,1
CUST-R0482,Glow Activator Vitamin C Serum,2026-05-21,1
CUST-R0483,Radiance Gel Cleanser,2025-10-15,1
CUST-R0483,Peptide Lift Serum,2025-10-15,1
CUST-R0483,Cloud Cream Firming Moisturizer,2025-10-15,1
CUST-R0483,Radiance Gel Cleanser,2026-05-14,1
CUST-R0483,Cloud Cream Firming Moisturizer,2026-05-14,1
CUST-R0484,Radiance Gel Cleanser,2026-01-30,2
CUST-R0484,Peptide Lift Serum,2026-01-30,2
CUST-R0485,Radiance Gel Cleanser,2025-06-10,1
CUST-R0485,Clear Complexion Niacinamide Serum,2025-06-10,1
CUST-R0485,Barrier Boost Moisturizer,2025-06-10,1
CUST-R0485,Dew Drop Essence Toner,2025-06-10,1
CUST-R0485,Barrier Boost Moisturizer,2025-08-29,1
CUST-R0485,Clear Complexion Niacinamide Serum,2025-11-26,2
CUST-R0485,Texture Eraser AHA Exfoliant,2025-11-26,2
CUST-R0485,Radiance Gel Cleanser,2026-04-01,1
CUST-R0485,Midnight Retinol Renewal Serum,2026-04-01,1
CUST-R0486,Clear Complexion Niacinamide Serum,2025-06-28,1
CUST-R0486,Velvet Rich Night Cream,2025-06-28,1
CUST-R0486,Clear Complexion Niacinamide Serum,2025-12-20,1
CUST-R0486,Velvet Rich Night Cream,2025-12-20,1
CUST-R0487,Velvet Rich Night Cream,2025-08-19,1
CUST-R0487,Featherlight UV Shield SPF 50,2025-08-19,1
CUST-R0487,Velvet Rich Night Cream,2025-09-27,1
CUST-R0487,Featherlight UV Shield SPF 50,2025-09-27,1
CUST-R0487,Midnight Retinol Renewal Serum,2026-05-21,1
CUST-R0487,Featherlight UV Shield SPF 50,2026-05-21,1
CUST-R0488,Hydra-Cleanse Micellar Water,2025-08-01,1
CUST-R0488,Glow Activator Vitamin C Serum,2025-08-01,2
CUST-R0488,Mattify & Hydrate Gel Cream,2025-08-01,1
CUST-R0488,Midnight Retinol Renewal Serum,2025-08-01,1
CUST-R0488,Hydra-Cleanse Micellar Water,2025-08-26,1
CUST-R0488,Hydra-Cleanse Micellar Water,2025-11-30,1
CUST-R0488,Mattify & Hydrate Gel Cream,2025-11-30,1
CUST-R0488,Youth Revive Rosehip Oil,2025-11-30,1
CUST-R0488,Glow Activator Vitamin C Serum,2026-03-02,1
CUST-R0488,Petal Soft Calming Toner,2026-03-02,1
CUST-R0489,Radiance Gel Cleanser,2025-08-01,2
CUST-R0489,Plump & Glow Hyaluronic Serum,2025-08-01,1
CUST-R0489,Skin Silk Squalane Oil,2025-08-01,1
CUST-R0489,Radiance Gel Cleanser,2025-09-10,1
CUST-R0489,Youth Revive Rosehip Oil,2025-09-10,1
CUST-R0489,Radiance Gel Cleanser,2025-12-14,1
CUST-R0489,Plump & Glow Hyaluronic Serum,2025-12-14,1
CUST-R0489,Barrier Boost Moisturizer,2025-12-14,1
CUST-R0489,Clear Complexion Niacinamide Serum,2025-12-14,1
CUST-R0489,Barrier Boost Moisturizer,2026-02-25,1
CUST-R0489,Youth Revive Rosehip Oil,2026-02-25,1
CUST-R0489,Radiance Gel Cleanser,2026-04-24,1
CUST-R0489,Barrier Boost Moisturizer,2026-04-24,1
CUST-R0490,Midnight Retinol Renewal Serum,2025-07-27,1
CUST-R0490,Featherlight UV Shield SPF 50,2025-07-27,1
CUST-R0490,Midnight Retinol Renewal Serum,2025-09-18,1
CUST-R0490,Cloud Cream Firming Moisturizer,2025-09-18,1
CUST-R0490,Featherlight UV Shield SPF 50,2025-09-18,1
CUST-R0490,Midnight Retinol Renewal Serum,2026-02-02,1
CUST-R0490,Cloud Cream Firming Moisturizer,2026-02-02,1
CUST-R0490,Featherlight UV Shield SPF 50,2026-02-02,1
CUST-R0490,Midnight Retinol Renewal Serum,2026-04-22,1
CUST-R0490,Cloud Cream Firming Moisturizer,2026-04-22,1
CUST-R0490,Featherlight UV Shield SPF 50,2026-04-22,1
CUST-R0491,Midnight Retinol Renewal Serum,2025-07-04,1
CUST-R0491,Velvet Rich Night Cream,2025-07-04,1
CUST-R0491,Tinted Mineral Defense SPF 30,2025-07-04,2
CUST-R0491,Midnight Retinol Renewal Serum,2025-09-08,1
CUST-R0491,Velvet Rich Night Cream,2025-09-08,1
CUST-R0491,Tinted Mineral Defense SPF 30,2025-09-08,1
CUST-R0491,Midnight Retinol Renewal Serum,2025-12-02,1
CUST-R0491,Midnight Retinol Renewal Serum,2026-01-11,1
CUST-R0491,Velvet Rich Night Cream,2026-01-11,1
CUST-R0491,Midnight Retinol Renewal Serum,2026-04-05,2
CUST-R0491,Tinted Mineral Defense SPF 30,2026-04-05,1
CUST-R0492,Radiance Gel Cleanser,2025-06-09,1
CUST-R0492,Velvet Rich Night Cream,2025-06-09,1
CUST-R0492,Radiance Gel Cleanser,2025-08-07,1
CUST-R0492,Plump & Glow Hyaluronic Serum,2025-08-07,1
CUST-R0492,Velvet Rich Night Cream,2025-08-07,1
CUST-R0492,Radiance Gel Cleanser,2025-10-14,1
CUST-R0492,Radiance Gel Cleanser,2025-11-23,1
CUST-R0492,Plump & Glow Hyaluronic Serum,2025-11-23,1
CUST-R0492,Velvet Rich Night Cream,2025-11-23,1
CUST-R0492,Velvet Rich Night Cream,2026-01-13,1
CUST-R0492,Radiance Gel Cleanser,2026-03-20,1
CUST-R0492,Plump & Glow Hyaluronic Serum,2026-03-20,1
CUST-R0492,Velvet Rich Night Cream,2026-03-20,1
CUST-R0492,Glow Activator Vitamin C Serum,2026-03-20,1
CUST-R0492,Plump & Glow Hyaluronic Serum,2026-05-02,1
CUST-R0492,Tinted Mineral Defense SPF 30,2026-05-02,1
CUST-R0493,Hydra-Cleanse Micellar Water,2025-07-13,1
CUST-R0493,Plump & Glow Hyaluronic Serum,2025-07-13,1
CUST-R0493,Cloud Cream Firming Moisturizer,2025-07-13,2
CUST-R0493,Cloud Cream Firming Moisturizer,2025-08-09,1
CUST-R0493,Dew Drop Essence Toner,2025-08-09,1
CUST-R0493,Hydra-Cleanse Micellar Water,2025-09-06,1
CUST-R0493,Hydra-Cleanse Micellar Water,2025-11-15,1
CUST-R0493,Cloud Cream Firming Moisturizer,2025-11-15,1
CUST-R0493,Calm Down Redness Relief Mist,2025-11-15,1
CUST-R0493,Plump & Glow Hyaluronic Serum,2025-12-30,1
CUST-R0493,Youth Revive Rosehip Oil,2025-12-30,2
CUST-R0493,Hydra-Cleanse Micellar Water,2026-01-25,1
CUST-R0493,Plump & Glow Hyaluronic Serum,2026-01-25,2
CUST-R0493,Cloud Cream Firming Moisturizer,2026-01-25,1
CUST-R0493,Skin Silk Squalane Oil,2026-01-25,2
CUST-R0493,Cloud Cream Firming Moisturizer,2026-03-09,1
CUST-R0493,Hydra-Cleanse Micellar Water,2026-05-07,1
CUST-R0493,Plump & Glow Hyaluronic Serum,2026-05-07,1
CUST-R0493,Cloud Cream Firming Moisturizer,2026-05-07,1
CUST-R0494,Featherlight Balancing Conditioner,2025-07-05,2
CUST-R0494,Radiance Gel Cleanser,2025-08-23,1
CUST-R0494,Plump & Glow Hyaluronic Serum,2025-08-23,1
CUST-R0494,Featherlight Balancing Conditioner,2025-08-23,1
CUST-R0494,Radiance Gel Cleanser,2025-10-30,1
CUST-R0494,Plump & Glow Hyaluronic Serum,2025-10-30,2
CUST-R0494,Featherlight Balancing Conditioner,2025-10-30,1
CUST-R0494,Plump & Glow Hyaluronic Serum,2025-12-31,2
CUST-R0494,Hydra-Silk Moisture Shampoo,2025-12-31,1
CUST-R0494,Featherlight Balancing Conditioner,2025-12-31,1
CUST-R0494,Radiance Gel Cleanser,2026-02-05,1
CUST-R0494,Hydra-Silk Moisture Shampoo,2026-02-05,1
CUST-R0494,Hydra-Silk Moisture Shampoo,2026-05-11,1
CUST-R0494,Featherlight Balancing Conditioner,2026-05-11,1
CUST-R0495,Peptide Lift Serum,2025-06-06,1
CUST-R0495,Cloud Cream Firming Moisturizer,2025-06-06,1
CUST-R0495,Tinted Mineral Defense SPF 30,2025-06-06,1
CUST-R0495,Cloud Cream Firming Moisturizer,2025-10-12,1
CUST-R0495,Tinted Mineral Defense SPF 30,2025-10-12,1
CUST-R0495,Peptide Lift Serum,2026-04-30,1
CUST-R0495,Cloud Cream Firming Moisturizer,2026-04-30,1
CUST-R0495,Tinted Mineral Defense SPF 30,2026-04-30,1
CUST-R0496,Hydra-Silk Moisture Shampoo,2025-08-13,1
CUST-R0496,Strength Shield Protein Conditioner,2025-08-13,1
CUST-R0496,Deep Repair Masque,2025-08-13,1
CUST-R0496,Strength Shield Protein Conditioner,2026-05-23,2
CUST-R0496,Growth Activator Scalp Treatment,2026-05-23,1
CUST-R0497,Velvet Foam Cleanser,2025-08-03,2
CUST-R0497,Peptide Lift Serum,2025-08-03,1
CUST-R0497,Peptide Lift Serum,2026-01-19,1
CUST-R0497,Mattify & Hydrate Gel Cream,2026-01-19,2
CUST-R0497,Velvet Foam Cleanser,2026-03-27,1
CUST-R0497,Peptide Lift Serum,2026-03-27,1
CUST-R0497,Mattify & Hydrate Gel Cream,2026-03-27,1
CUST-R0498,Peptide Lift Serum,2025-07-20,1
CUST-R0498,Cloud Cream Firming Moisturizer,2025-07-20,1
CUST-R0498,Tinted Mineral Defense SPF 30,2025-07-20,1
CUST-R0498,Peptide Lift Serum,2025-09-27,1
CUST-R0498,Tinted Mineral Defense SPF 30,2025-09-27,1
CUST-R0498,Peptide Lift Serum,2025-10-18,1
CUST-R0498,Cloud Cream Firming Moisturizer,2025-10-18,1
CUST-R0498,Tinted Mineral Defense SPF 30,2025-10-18,2
CUST-R0498,Peptide Lift Serum,2025-12-20,1
CUST-R0498,Cloud Cream Firming Moisturizer,2025-12-20,1
CUST-R0498,Peptide Lift Serum,2026-02-04,1
CUST-R0498,Cloud Cream Firming Moisturizer,2026-02-04,2
CUST-R0498,Tinted Mineral Defense SPF 30,2026-02-04,1
CUST-R0498,Peptide Lift Serum,2026-04-30,1
CUST-R0498,Cloud Cream Firming Moisturizer,2026-04-30,1
CUST-R0499,Color Protect Gentle Shampoo,2025-07-06,1
CUST-R0499,Color Protect Gentle Shampoo,2026-01-06,1
CUST-R0499,Featherlight Balancing Conditioner,2026-01-06,1
CUST-R0499,Color Protect Gentle Shampoo,2026-04-06,1
CUST-R0499,Deep Repair Masque,2026-04-06,2
CUST-R0500,Plump & Glow Hyaluronic Serum,2025-07-15,1
CUST-R0500,Velvet Rich Night Cream,2025-07-15,1
CUST-R0500,Radiance Gel Cleanser,2025-08-11,2
CUST-R0500,Velvet Rich Night Cream,2025-08-11,1
CUST-R0500,Midnight Retinol Renewal Serum,2025-08-11,1
CUST-R0500,Radiance Gel Cleanser,2025-10-12,1
CUST-R0500,Blemish Banisher Spot Treatment,2025-10-12,1
CUST-R0500,Plump & Glow Hyaluronic Serum,2025-11-24,1
CUST-R0500,Velvet Rich Night Cream,2025-11-24,1
CUST-R0500,Plump & Glow Hyaluronic Serum,2026-01-05,1
CUST-R0500,Radiance Gel Cleanser,2026-03-15,1
CUST-R0500,Velvet Rich Night Cream,2026-03-15,1
CUST-R0500,Skin Silk Squalane Oil,2026-03-15,1
CUST-R0500,Plump & Glow Hyaluronic Serum,2026-05-04,1
CUST-O0001,Mattify & Hydrate Gel Cream,2025-09-23,1
CUST-O0001,Midnight Retinol Renewal Serum,2025-09-23,1
CUST-O0002,Velvet Foam Cleanser,2026-03-15,1
CUST-O0003,Radiance Gel Cleanser,2025-09-25,1
CUST-O0003,Growth Activator Scalp Treatment,2025-09-25,1
CUST-O0003,Tinted Mineral Defense SPF 30,2025-09-25,1
CUST-O0004,Bounce Back Volumizing Shampoo,2026-05-15,1
CUST-O0005,Velvet Foam Cleanser,2026-03-12,1
CUST-O0006,Radiance Gel Cleanser,2026-05-11,1
CUST-O0006,Tinted Mineral Defense SPF 30,2026-05-11,1
CUST-O0007,Barrier Boost Moisturizer,2025-10-08,1
CUST-O0007,Petal Soft Calming Toner,2025-10-08,1
CUST-O0007,Featherlight UV Shield SPF 50,2025-10-08,1
CUST-O0008,Velvet Foam Cleanser,2026-03-10,1
CUST-O0009,Hydra-Cleanse Micellar Water,2026-05-03,1
CUST-O0010,Barrier Boost Moisturizer,2026-02-04,1
CUST-O0010,Dew Drop Essence Toner,2026-02-04,1
CUST-O0011,Radiance Gel Cleanser,2025-08-27,1
CUST-O0011,Deep Repair Masque,2025-08-27,1
CUST-O0012,Mattify & Hydrate Gel Cream,2026-01-28,1
CUST-O0013,Bounce Back Volumizing Shampoo,2026-02-10,1
CUST-O0013,Calm Down Redness Relief Mist,2026-02-10,1
CUST-O0014,Cloud Cream Firming Moisturizer,2025-09-24,1
CUST-O0014,Tinted Mineral Defense SPF 30,2025-09-24,1
CUST-O0015,Mattify & Hydrate Gel Cream,2025-12-07,1
CUST-O0015,Plump & Glow Hyaluronic Serum,2025-12-07,1
CUST-O0015,Dew Drop Essence Toner,2025-12-07,1
CUST-O0016,Mattify & Hydrate Gel Cream,2025-11-02,1
CUST-O0016,Featherlight UV Shield SPF 50,2025-11-02,1
CUST-O0016,Blemish Banisher Spot Treatment,2025-11-02,1
CUST-O0017,Velvet Rich Night Cream,2025-10-02,1
CUST-O0017,Dew Drop Essence Toner,2025-10-02,1
CUST-O0017,Petal Soft Calming Toner,2025-10-02,1
CUST-O0018,Cloud Cream Firming Moisturizer,2026-02-12,1
CUST-O0018,Scalp Balance Serum,2026-02-12,1
CUST-O0019,Barrier Boost Moisturizer,2025-09-26,1
CUST-O0020,Velvet Foam Cleanser,2025-07-30,1
CUST-O0020,Midnight Retinol Renewal Serum,2025-07-30,1
CUST-O0020,Clear Complexion Niacinamide Serum,2025-07-30,1
CUST-O0021,Hydra-Cleanse Micellar Water,2025-09-26,1
CUST-O0021,Skin Silk Squalane Oil,2025-09-26,1
CUST-O0022,Velvet Foam Cleanser,2026-05-01,1
CUST-O0022,Growth Activator Scalp Treatment,2026-05-01,1
CUST-O0023,Scalp Reset Clarifying Shampoo,2025-06-09,1
CUST-O0024,Barrier Boost Moisturizer,2025-12-27,1
CUST-O0025,Cloud Cream Firming Moisturizer,2026-03-27,1
CUST-O0025,Frizz Control Leave-In Serum,2026-03-27,1
CUST-O0025,Curl Defining Treatment Mask,2026-03-27,1
CUST-O0026,Color Protect Gentle Shampoo,2026-02-21,1
CUST-O0027,Hydra-Cleanse Micellar Water,2025-10-20,1
CUST-O0028,Hydra-Cleanse Micellar Water,2026-01-07,1
CUST-O0028,Youth Revive Rosehip Oil,2026-01-07,1
CUST-O0028,Blemish Banisher Spot Treatment,2026-01-07,1
CUST-O0029,Cloud Cream Firming Moisturizer,2026-02-03,1
CUST-O0029,Dew Drop Essence Toner,2026-02-03,1
CUST-O0029,Growth Activator Scalp Treatment,2026-02-03,1
CUST-O0030,Velvet Foam Cleanser,2026-03-31,1
CUST-O0030,Frizz Control Leave-In Serum,2026-03-31,1
CUST-O0030,Sleek & Define Styling Cream,2026-03-31,1
CUST-O0031,Velvet Rich Night Cream,2026-03-05,1
CUST-O0031,Skin Silk Squalane Oil,2026-03-05,1
CUST-O0031,Featherlight UV Shield SPF 50,2026-03-05,1
CUST-O0032,Velvet Rich Night Cream,2026-05-15,1
CUST-O0032,Pore Refining BHA Pads,2026-05-15,1
CUST-O0033,Velvet Rich Night Cream,2025-11-26,1
CUST-O0034,Velvet Foam Cleanser,2025-06-21,1
CUST-O0034,Glow Activator Vitamin C Serum,2025-06-21,1
CUST-O0035,Mattify & Hydrate Gel Cream,2025-08-31,1
CUST-O0035,Sleek & Define Styling Cream,2025-08-31,1
CUST-O0035,Scalp Balance Serum,2025-08-31,1
CUST-O0036,Midnight Retinol Renewal Serum,2025-10-15,1
CUST-O0036,Dew Drop Essence Toner,2025-10-15,1
CUST-O0036,Pore Refining BHA Pads,2025-10-15,1
CUST-O0037,Hydra-Silk Moisture Shampoo,2026-03-01,1
CUST-O0037,Calm Down Redness Relief Mist,2026-03-01,1
CUST-O0038,Bounce Back Volumizing Shampoo,2025-12-20,1
CUST-O0038,Curl Defining Treatment Mask,2025-12-20,1
CUST-O0038,All Day Moisture Leave-In Cream,2025-12-20,1
CUST-O0039,Barrier Boost Moisturizer,2025-09-08,1
CUST-O0040,Velvet Rich Night Cream,2025-12-03,1
CUST-O0040,Texture Eraser AHA Exfoliant,2025-12-03,1
CUST-O0041,Barrier Boost Moisturizer,2025-09-16,1
CUST-O0041,Texture Eraser AHA Exfoliant,2025-09-16,1
CUST-O0041,Dew Drop Essence Toner,2025-09-16,1
CUST-O0042,Cloud Cream Firming Moisturizer,2025-11-20,1
CUST-O0043,Mattify & Hydrate Gel Cream,2025-06-09,1
CUST-O0043,Texture Eraser AHA Exfoliant,2025-06-09,1
CUST-O0043,Peptide Lift Serum,2025-06-09,1
CUST-O0044,Velvet Rich Night Cream,2026-05-16,1
CUST-O0044,Glow Activator Vitamin C Serum,2026-05-16,1
CUST-O0045,Hydra-Cleanse Micellar Water,2025-08-02,1
CUST-O0045,Skin Silk Squalane Oil,2025-08-02,1
CUST-O0045,Calm Down Redness Relief Mist,2025-08-02,1
CUST-O0046,Hydra-Cleanse Micellar Water,2025-09-01,1
CUST-O0047,Mattify & Hydrate Gel Cream,2026-03-27,1
CUST-O0047,Plump & Glow Hyaluronic Serum,2026-03-27,1
CUST-O0048,Velvet Rich Night Cream,2025-10-14,1
CUST-O0049,Mattify & Hydrate Gel Cream,2025-12-23,1
CUST-O0050,Bounce Back Volumizing Shampoo,2026-05-17,1
CUST-O0050,Plump & Glow Hyaluronic Serum,2026-05-17,1
CUST-O0051,Barrier Boost Moisturizer,2025-08-31,1
CUST-O0051,Sleek & Define Styling Cream,2025-08-31,1
CUST-O0051,All Day Moisture Leave-In Cream,2025-08-31,1
CUST-O0052,Barrier Boost Moisturizer,2025-10-26,1
CUST-O0053,Hydra-Cleanse Micellar Water,2025-07-10,1
CUST-O0053,Texture Eraser AHA Exfoliant,2025-07-10,1
CUST-O0054,Velvet Rich Night Cream,2025-10-30,1
CUST-O0054,Petal Soft Calming Toner,2025-10-30,1
CUST-O0054,Glow Activator Vitamin C Serum,2025-10-30,1
CUST-O0055,Scalp Reset Clarifying Shampoo,2025-05-25,1
CUST-O0055,Texture Eraser AHA Exfoliant,2025-05-25,1
CUST-O0056,Velvet Rich Night Cream,2026-01-01,1
CUST-O0056,Midnight Retinol Renewal Serum,2026-01-01,1
CUST-O0057,Scalp Reset Clarifying Shampoo,2026-02-15,1
CUST-O0058,Velvet Foam Cleanser,2025-09-16,1
CUST-O0058,Clear Complexion Niacinamide Serum,2025-09-16,1
CUST-O0058,Calm Down Redness Relief Mist,2025-09-16,1
CUST-O0059,Radiance Gel Cleanser,2025-08-04,1
CUST-O0059,Midnight Retinol Renewal Serum,2025-08-04,1
CUST-O0059,Tinted Mineral Defense SPF 30,2025-08-04,1
CUST-O0060,Barrier Boost Moisturizer,2026-03-01,1
CUST-O0061,Hydra-Cleanse Micellar Water,2025-11-26,1
CUST-O0061,Glow Activator Vitamin C Serum,2025-11-26,1
CUST-O0061,Pore Refining BHA Pads,2025-11-26,1
CUST-O0062,Barrier Boost Moisturizer,2025-11-21,1
CUST-O0062,Nourish & Shine Hair Oil,2025-11-21,1
CUST-O0062,Frizz Control Leave-In Serum,2025-11-21,1
CUST-O0063,Peptide Lift Serum,2025-10-22,1
CUST-O0064,Mattify & Hydrate Gel Cream,2025-11-29,1
CUST-O0065,Plump & Glow Hyaluronic Serum,2025-07-20,1
CUST-O0065,All Day Moisture Leave-In Cream,2025-07-20,1
CUST-O0066,Radiance Gel Cleanser,2026-05-05,1
CUST-O0066,Sleek & Define Styling Cream,2026-05-05,1
CUST-O0067,Mattify & Hydrate Gel Cream,2026-04-02,1
CUST-O0067,Calm Down Redness Relief Mist,2026-04-02,1
CUST-O0067,Blemish Banisher Spot Treatment,2026-04-02,1
CUST-O0068,Hydra-Cleanse Micellar Water,2025-08-07,1
CUST-O0068,Calm Down Redness Relief Mist,2025-08-07,1
CUST-O0068,Petal Soft Calming Toner,2025-08-07,1
CUST-O0069,Hydra-Cleanse Micellar Water,2025-11-12,1
CUST-O0070,Barrier Boost Moisturizer,2025-09-22,1
CUST-O0071,Barrier Boost Moisturizer,2025-10-22,1
CUST-O0072,Glow Activator Vitamin C Serum,2025-11-01,1
CUST-O0072,Clear Complexion Niacinamide Serum,2025-11-01,1
CUST-O0072,Dew Drop Essence Toner,2025-11-01,1
CUST-O0073,Cloud Cream Firming Moisturizer,2025-11-27,1
CUST-O0074,Mattify & Hydrate Gel Cream,2025-07-20,1
CUST-O0074,Tinted Mineral Defense SPF 30,2025-07-20,1
CUST-O0075,Scalp Reset Clarifying Shampoo,2025-09-11,1
CUST-O0076,Midnight Retinol Renewal Serum,2025-10-04,1
CUST-O0076,Petal Soft Calming Toner,2025-10-04,1
CUST-O0077,Velvet Foam Cleanser,2025-10-15,1
CUST-O0077,Skin Silk Squalane Oil,2025-10-15,1
CUST-O0078,Bounce Back Volumizing Shampoo,2025-06-19,1
CUST-O0078,Skin Silk Squalane Oil,2025-06-19,1
CUST-O0078,Tinted Mineral Defense SPF 30,2025-06-19,1
CUST-O0079,Mattify & Hydrate Gel Cream,2025-12-31,1
CUST-O0079,All Day Moisture Leave-In Cream,2025-12-31,1
CUST-O0080,Hydra-Silk Moisture Shampoo,2026-05-02,1
CUST-O0080,All Day Moisture Leave-In Cream,2026-05-02,1
CUST-O0081,Radiance Gel Cleanser,2025-11-06,1
CUST-O0081,Youth Revive Rosehip Oil,2025-11-06,1
CUST-O0081,Plump & Glow Hyaluronic Serum,2025-11-06,1
CUST-O0082,Hydra-Cleanse Micellar Water,2026-03-07,1
CUST-O0083,Hydra-Cleanse Micellar Water,2025-11-20,1
CUST-O0084,Cloud Cream Firming Moisturizer,2025-08-05,1
CUST-O0085,Cloud Cream Firming Moisturizer,2025-06-02,1
CUST-O0085,Calm Down Redness Relief Mist,2025-06-02,1
CUST-O0086,Cloud Cream Firming Moisturizer,2026-03-25,1
CUST-O0087,Radiance Gel Cleanser,2026-05-17,1
CUST-O0088,Mattify & Hydrate Gel Cream,2025-10-01,1
CUST-O0088,Scalp Balance Serum,2025-10-01,1
CUST-O0088,Frizz Control Leave-In Serum,2025-10-01,1
CUST-O0089,Radiance Gel Cleanser,2025-09-06,1
CUST-O0089,Curl Defining Treatment Mask,2025-09-06,1
CUST-O0089,All Day Moisture Leave-In Cream,2025-09-06,1
CUST-O0090,Barrier Boost Moisturizer,2025-09-12,1
CUST-O0090,Deep Repair Masque,2025-09-12,1
CUST-O0091,Velvet Foam Cleanser,2025-08-31,1
CUST-O0091,Glow Activator Vitamin C Serum,2025-08-31,1
CUST-O0091,Featherlight UV Shield SPF 50,2025-08-31,1
CUST-O0092,Velvet Foam Cleanser,2026-01-26,1
CUST-O0093,Mattify & Hydrate Gel Cream,2026-04-09,1
CUST-O0093,Sleek & Define Styling Cream,2026-04-09,1
CUST-O0093,Growth Activator Scalp Treatment,2026-04-09,1
CUST-O0094,Cloud Cream Firming Moisturizer,2026-04-26,1
CUST-O0094,Featherlight UV Shield SPF 50,2026-04-26,1
CUST-O0095,Barrier Boost Moisturizer,2025-12-13,1
CUST-O0095,Blemish Banisher Spot Treatment,2025-12-13,1
CUST-O0096,Hydra-Cleanse Micellar Water,2026-03-16,1
CUST-O0096,Petal Soft Calming Toner,2026-03-16,1
CUST-O0096,Skin Silk Squalane Oil,2026-03-16,1
CUST-O0097,Radiance Gel Cleanser,2025-06-22,1
CUST-O0098,Velvet Foam Cleanser,2025-08-13,1
CUST-O0098,Midnight Retinol Renewal Serum,2025-08-13,1
CUST-O0099,Mattify & Hydrate Gel Cream,2025-11-17,1
CUST-O0100,Radiance Gel Cleanser,2026-04-14,1
CUST-O0100,Glow Activator Vitamin C Serum,2026-04-14,1
CUST-O0101,Mattify & Hydrate Gel Cream,2025-11-18,1
CUST-O0101,Texture Eraser AHA Exfoliant,2025-11-18,1
CUST-O0102,Velvet Foam Cleanser,2026-04-16,1
CUST-O0103,Velvet Rich Night Cream,2026-01-27,1
CUST-O0103,Petal Soft Calming Toner,2026-01-27,1
CUST-O0103,Pore Refining BHA Pads,2026-01-27,1
CUST-O0104,Scalp Reset Clarifying Shampoo,2026-03-20,1
CUST-O0104,Petal Soft Calming Toner,2026-03-20,1
CUST-O0104,Tinted Mineral Defense SPF 30,2026-03-20,1
CUST-O0105,Mattify & Hydrate Gel Cream,2025-12-28,1
CUST-O0105,Midnight Retinol Renewal Serum,2025-12-28,1
CUST-O0106,Cloud Cream Firming Moisturizer,2025-09-18,1
CUST-O0106,Tinted Mineral Defense SPF 30,2025-09-18,1
CUST-O0106,Featherlight UV Shield SPF 50,2025-09-18,1
CUST-O0107,Mattify & Hydrate Gel Cream,2026-05-06,1
CUST-O0107,Plump & Bounce Hydrogel Mask,2026-05-06,1
CUST-O0108,Peptide Lift Serum,2025-09-03,1
CUST-O0108,Calm Down Redness Relief Mist,2025-09-03,1
CUST-O0108,Midnight Retinol Renewal Serum,2025-09-03,1
CUST-O0109,Radiance Gel Cleanser,2025-07-27,1
CUST-O0110,Hydra-Cleanse Micellar Water,2026-02-09,1
CUST-O0110,Frizz Control Leave-In Serum,2026-02-09,1
CUST-O0110,Nourish & Shine Hair Oil,2026-02-09,1
CUST-O0111,Cloud Cream Firming Moisturizer,2025-08-19,1
CUST-O0112,Velvet Foam Cleanser,2026-05-05,1
CUST-O0112,Peptide Lift Serum,2026-05-05,1
CUST-O0112,Youth Revive Rosehip Oil,2026-05-05,1
CUST-O0113,Cloud Cream Firming Moisturizer,2025-10-19,1
CUST-O0113,Growth Activator Scalp Treatment,2025-10-19,1
CUST-O0114,Barrier Boost Moisturizer,2025-07-12,1
CUST-O0114,Tinted Mineral Defense SPF 30,2025-07-12,1
CUST-O0114,Plump & Glow Hyaluronic Serum,2025-07-12,1
CUST-O0115,Plump & Glow Hyaluronic Serum,2026-03-23,1
CUST-O0115,Texture Eraser AHA Exfoliant,2026-03-23,1
CUST-O0115,Pore Refining BHA Pads,2026-03-23,1
CUST-O0116,Radiance Gel Cleanser,2025-11-18,1
CUST-O0116,Featherlight UV Shield SPF 50,2025-11-18,1
CUST-O0117,Mattify & Hydrate Gel Cream,2025-09-07,1
CUST-O0118,Radiance Gel Cleanser,2026-04-12,1
CUST-O0118,Glow Activator Vitamin C Serum,2026-04-12,1
CUST-O0118,Clear Complexion Niacinamide Serum,2026-04-12,1
CUST-O0119,Hydra-Silk Moisture Shampoo,2025-11-22,1
CUST-O0120,Mattify & Hydrate Gel Cream,2026-02-23,1
CUST-O0120,Curl Defining Treatment Mask,2026-02-23,1
CUST-O0121,Mattify & Hydrate Gel Cream,2025-10-24,1
CUST-O0122,Hydra-Silk Moisture Shampoo,2025-08-22,1
CUST-O0123,Velvet Foam Cleanser,2025-06-10,1
CUST-O0123,Plump & Glow Hyaluronic Serum,2025-06-10,1
CUST-O0123,Tinted Mineral Defense SPF 30,2025-06-10,1
CUST-O0124,Barrier Boost Moisturizer,2025-09-11,1
CUST-O0124,Curl Defining Treatment Mask,2025-09-11,1
CUST-O0125,Mattify & Hydrate Gel Cream,2025-07-23,1
CUST-O0125,Midnight Retinol Renewal Serum,2025-07-23,1
CUST-O0126,Mattify & Hydrate Gel Cream,2025-10-04,1
CUST-O0126,Calm Down Redness Relief Mist,2025-10-04,1
CUST-O0126,Skin Silk Squalane Oil,2025-10-04,1
CUST-O0127,Midnight Retinol Renewal Serum,2025-07-09,1
CUST-O0127,Pore Refining BHA Pads,2025-07-09,1
CUST-O0128,Clear Complexion Niacinamide Serum,2026-02-05,1
CUST-O0128,Blemish Banisher Spot Treatment,2026-02-05,1
CUST-O0128,Plump & Glow Hyaluronic Serum,2026-02-05,1
CUST-O0129,Hydra-Silk Moisture Shampoo,2026-03-12,1
CUST-O0129,All Day Moisture Leave-In Cream,2026-03-12,1
CUST-O0130,Mattify & Hydrate Gel Cream,2026-05-18,1
CUST-O0130,Featherlight UV Shield SPF 50,2026-05-18,1
CUST-O0131,Velvet Foam Cleanser,2026-02-04,1
CUST-O0131,Featherlight UV Shield SPF 50,2026-02-04,1
CUST-O0131,Frizz Control Leave-In Serum,2026-02-04,1
CUST-O0132,Cloud Cream Firming Moisturizer,2026-03-27,1
CUST-O0132,Curl Defining Treatment Mask,2026-03-27,1
CUST-O0132,Nourish & Shine Hair Oil,2026-03-27,1
CUST-O0133,Velvet Foam Cleanser,2025-06-26,1
CUST-O0134,Scalp Reset Clarifying Shampoo,2025-10-01,1
CUST-O0134,Curl Defining Treatment Mask,2025-10-01,1
CUST-O0134,Sleek & Define Styling Cream,2025-10-01,1
CUST-O0135,Mattify & Hydrate Gel Cream,2025-11-10,1
CUST-O0135,Youth Revive Rosehip Oil,2025-11-10,1
CUST-O0136,Peptide Lift Serum,2025-11-10,1
CUST-O0136,Clear Complexion Niacinamide Serum,2025-11-10,1
CUST-O0136,Featherlight UV Shield SPF 50,2025-11-10,1
CUST-O0137,Clear Complexion Niacinamide Serum,2026-01-14,1
CUST-O0137,Plump & Glow Hyaluronic Serum,2026-01-14,1
CUST-O0137,Dew Drop Essence Toner,2026-01-14,1
CUST-O0138,Hydra-Cleanse Micellar Water,2026-05-10,1
CUST-O0139,Radiance Gel Cleanser,2025-11-14,1
CUST-O0139,Peptide Lift Serum,2025-11-14,1
CUST-O0139,Tinted Mineral Defense SPF 30,2025-11-14,1
CUST-O0140,Peptide Lift Serum,2025-10-18,1
CUST-O0141,Hydra-Cleanse Micellar Water,2025-06-06,1
CUST-O0142,Plump & Glow Hyaluronic Serum,2025-12-22,1
CUST-O0142,Calm Down Redness Relief Mist,2025-12-22,1
CUST-O0143,Barrier Boost Moisturizer,2025-09-15,1
CUST-O0143,Curl Defining Treatment Mask,2025-09-15,1
CUST-O0144,Cloud Cream Firming Moisturizer,2025-05-28,1
CUST-O0145,Color Protect Gentle Shampoo,2025-10-26,1
CUST-O0146,Radiance Gel Cleanser,2026-04-25,1
CUST-O0146,Featherlight UV Shield SPF 50,2026-04-25,1
CUST-O0146,Dew Drop Essence Toner,2026-04-25,1
CUST-O0147,Midnight Retinol Renewal Serum,2025-09-11,1
CUST-O0147,Featherlight UV Shield SPF 50,2025-09-11,1
CUST-O0148,Mattify & Hydrate Gel Cream,2025-07-30,1
CUST-O0148,Nourish & Shine Hair Oil,2025-07-30,1
CUST-O0148,Glow Activator Vitamin C Serum,2025-07-30,1
CUST-O0149,Hydra-Cleanse Micellar Water,2026-01-11,1
CUST-O0150,Plump & Glow Hyaluronic Serum,2025-08-09,1
CUST-O0150,Frizz Control Leave-In Serum,2025-08-09,1
CUST-O0151,Velvet Foam Cleanser,2025-07-03,1
CUST-O0152,Hydra-Silk Moisture Shampoo,2026-03-24,1
CUST-O0152,Growth Activator Scalp Treatment,2026-03-24,1
CUST-O0152,Scalp Balance Serum,2026-03-24,1
CUST-O0153,Hydra-Silk Moisture Shampoo,2026-02-08,1
CUST-O0153,Midnight Retinol Renewal Serum,2026-02-08,1
CUST-O0153,Tinted Mineral Defense SPF 30,2026-02-08,1
CUST-O0154,Mattify & Hydrate Gel Cream,2026-04-21,1
CUST-O0154,Plump & Bounce Hydrogel Mask,2026-04-21,1
CUST-O0154,Youth Revive Rosehip Oil,2026-04-21,1
CUST-O0155,Radiance Gel Cleanser,2025-06-10,1
CUST-O0156,Hydra-Cleanse Micellar Water,2026-02-21,1
CUST-O0156,All Day Moisture Leave-In Cream,2026-02-21,1
CUST-O0157,Velvet Foam Cleanser,2025-06-25,1
CUST-O0157,Peptide Lift Serum,2025-06-25,1
CUST-O0157,Growth Activator Scalp Treatment,2025-06-25,1
CUST-O0158,Barrier Boost Moisturizer,2026-05-18,1
CUST-O0159,Barrier Boost Moisturizer,2026-02-28,1
CUST-O0159,Featherlight UV Shield SPF 50,2026-02-28,1
CUST-O0160,Radiance Gel Cleanser,2026-05-12,1
CUST-O0160,Frizz Control Leave-In Serum,2026-05-12,1
CUST-O0161,Midnight Retinol Renewal Serum,2026-01-28,1
CUST-O0161,Frizz Control Leave-In Serum,2026-01-28,1
CUST-O0162,Barrier Boost Moisturizer,2025-09-11,1
CUST-O0162,Peptide Lift Serum,2025-09-11,1
CUST-O0163,Velvet Rich Night Cream,2026-03-09,1
CUST-O0163,Midnight Retinol Renewal Serum,2026-03-09,1
CUST-O0163,Featherlight UV Shield SPF 50,2026-03-09,1
CUST-O0164,Velvet Rich Night Cream,2025-05-30,1
CUST-O0165,Midnight Retinol Renewal Serum,2026-04-11,1
CUST-O0165,Glow Activator Vitamin C Serum,2026-04-11,1
CUST-O0166,Radiance Gel Cleanser,2025-05-30,1
CUST-O0166,All Day Moisture Leave-In Cream,2025-05-30,1
CUST-O0166,Growth Activator Scalp Treatment,2025-05-30,1
CUST-O0167,Scalp Reset Clarifying Shampoo,2025-12-26,1
CUST-O0167,Clear Complexion Niacinamide Serum,2025-12-26,1
CUST-O0168,Color Protect Gentle Shampoo,2025-09-28,1
CUST-O0169,Cloud Cream Firming Moisturizer,2025-10-30,1
CUST-O0169,All Day Moisture Leave-In Cream,2025-10-30,1
CUST-O0169,Deep Repair Masque,2025-10-30,1
CUST-O0170,Hydra-Cleanse Micellar Water,2025-12-16,1
CUST-O0171,Velvet Rich Night Cream,2026-03-05,1
CUST-O0171,Featherlight UV Shield SPF 50,2026-03-05,1
CUST-O0172,Midnight Retinol Renewal Serum,2025-06-14,1
CUST-O0173,Barrier Boost Moisturizer,2025-06-15,1
CUST-O0173,Youth Revive Rosehip Oil,2025-06-15,1
CUST-O0173,Pore Refining BHA Pads,2025-06-15,1
CUST-O0174,Hydra-Silk Moisture Shampoo,2025-06-20,1
CUST-O0174,Sleek & Define Styling Cream,2025-06-20,1
CUST-O0174,Frizz Control Leave-In Serum,2025-06-20,1
CUST-O0175,Mattify & Hydrate Gel Cream,2025-06-01,1
CUST-O0175,Clear Complexion Niacinamide Serum,2025-06-01,1
CUST-O0176,Cloud Cream Firming Moisturizer,2025-07-27,1
CUST-O0177,Velvet Foam Cleanser,2026-03-09,1
CUST-O0177,Blemish Banisher Spot Treatment,2026-03-09,1
CUST-O0178,Mattify & Hydrate Gel Cream,2026-04-06,1
CUST-O0179,Velvet Foam Cleanser,2025-11-25,1
CUST-O0179,Texture Eraser AHA Exfoliant,2025-11-25,1
CUST-O0180,Mattify & Hydrate Gel Cream,2026-03-29,1
CUST-O0181,Clear Complexion Niacinamide Serum,2026-02-02,1
CUST-O0182,Color Protect Gentle Shampoo,2025-09-08,1
CUST-O0183,Glow Activator Vitamin C Serum,2025-12-12,1
CUST-O0184,Bounce Back Volumizing Shampoo,2026-03-20,1
CUST-O0184,Midnight Retinol Renewal Serum,2026-03-20,1
CUST-O0185,Velvet Rich Night Cream,2025-09-07,1
CUST-O0185,Growth Activator Scalp Treatment,2025-09-07,1
CUST-O0185,All Day Moisture Leave-In Cream,2025-09-07,1
CUST-O0186,Radiance Gel Cleanser,2026-05-04,1
CUST-O0186,Curl Defining Treatment Mask,2026-05-04,1
CUST-O0186,Frizz Control Leave-In Serum,2026-05-04,1
CUST-O0187,Barrier Boost Moisturizer,2025-11-28,1
CUST-O0187,Petal Soft Calming Toner,2025-11-28,1
CUST-O0187,Dew Drop Essence Toner,2025-11-28,1
CUST-O0188,Glow Activator Vitamin C Serum,2026-02-19,1
CUST-O0189,Velvet Foam Cleanser,2025-06-07,1
CUST-O0189,Pore Refining BHA Pads,2025-06-07,1
CUST-O0189,Midnight Retinol Renewal Serum,2025-06-07,1
CUST-O0190,Mattify & Hydrate Gel Cream,2026-04-15,1
CUST-O0190,Dew Drop Essence Toner,2026-04-15,1
CUST-O0190,Growth Activator Scalp Treatment,2026-04-15,1
CUST-O0191,Velvet Foam Cleanser,2025-07-16,1
CUST-O0191,Clear Complexion Niacinamide Serum,2025-07-16,1
CUST-O0191,Youth Revive Rosehip Oil,2025-07-16,1
CUST-O0192,Glow Activator Vitamin C Serum,2025-06-11,1
CUST-O0192,All Day Moisture Leave-In Cream,2025-06-11,1
CUST-O0192,Frizz Control Leave-In Serum,2025-06-11,1
CUST-O0193,Midnight Retinol Renewal Serum,2026-03-02,1
CUST-O0193,Frizz Control Leave-In Serum,2026-03-02,1
CUST-O0193,Growth Activator Scalp Treatment,2026-03-02,1
CUST-O0194,Radiance Gel Cleanser,2025-08-12,1
CUST-O0195,Plump & Glow Hyaluronic Serum,2025-08-26,1
CUST-O0195,Growth Activator Scalp Treatment,2025-08-26,1
CUST-O0195,Featherlight UV Shield SPF 50,2025-08-26,1
CUST-O0196,Barrier Boost Moisturizer,2025-12-21,1
CUST-O0196,Frizz Control Leave-In Serum,2025-12-21,1
CUST-O0196,Nourish & Shine Hair Oil,2025-12-21,1
CUST-O0197,Cloud Cream Firming Moisturizer,2025-08-29,1
CUST-O0197,Pore Refining BHA Pads,2025-08-29,1
CUST-O0197,Petal Soft Calming Toner,2025-08-29,1
CUST-O0198,Cloud Cream Firming Moisturizer,2025-10-04,1
CUST-O0198,Youth Revive Rosehip Oil,2025-10-04,1
CUST-O0199,Cloud Cream Firming Moisturizer,2026-01-12,1
CUST-O0199,Glow Activator Vitamin C Serum,2026-01-12,1
CUST-O0199,Youth Revive Rosehip Oil,2026-01-12,1
CUST-O0200,Velvet Rich Night Cream,2026-03-30,1
CUST-O0200,Petal Soft Calming Toner,2026-03-30,1
CUST-O0200,Skin Silk Squalane Oil,2026-03-30,1
CUST-O0201,Color Protect Gentle Shampoo,2025-12-04,1
CUST-O0201,Midnight Retinol Renewal Serum,2025-12-04,1
CUST-O0201,Skin Silk Squalane Oil,2025-12-04,1
CUST-O0202,Cloud Cream Firming Moisturizer,2026-03-20,1
CUST-O0203,Glow Activator Vitamin C Serum,2025-06-08,1
CUST-O0203,Peptide Lift Serum,2025-06-08,1
CUST-O0203,Featherlight UV Shield SPF 50,2025-06-08,1
CUST-O0204,Velvet Foam Cleanser,2025-06-15,1
CUST-O0204,Texture Eraser AHA Exfoliant,2025-06-15,1
CUST-O0205,Velvet Rich Night Cream,2025-10-27,1
CUST-O0206,Mattify & Hydrate Gel Cream,2026-02-06,1
CUST-O0206,Nourish & Shine Hair Oil,2026-02-06,1
CUST-O0206,Scalp Balance Serum,2026-02-06,1
CUST-O0207,Barrier Boost Moisturizer,2025-06-05,1
CUST-O0207,Glow Activator Vitamin C Serum,2025-06-05,1
CUST-O0208,Barrier Boost Moisturizer,2025-12-13,1
CUST-O0208,Blemish Banisher Spot Treatment,2025-12-13,1
CUST-O0208,Featherlight UV Shield SPF 50,2025-12-13,1
CUST-O0209,Velvet Rich Night Cream,2025-06-10,1
CUST-O0209,Peptide Lift Serum,2025-06-10,1
CUST-O0209,Pore Refining BHA Pads,2025-06-10,1
CUST-O0210,Mattify & Hydrate Gel Cream,2025-09-01,1
CUST-O0210,Plump & Glow Hyaluronic Serum,2025-09-01,1
CUST-O0211,Cloud Cream Firming Moisturizer,2025-08-16,1
CUST-O0212,Mattify & Hydrate Gel Cream,2025-07-03,1
CUST-O0213,Hydra-Cleanse Micellar Water,2026-01-13,1
CUST-O0213,Texture Eraser AHA Exfoliant,2026-01-13,1
CUST-O0214,Velvet Rich Night Cream,2025-10-06,1
CUST-O0214,Petal Soft Calming Toner,2025-10-06,1
CUST-O0215,Hydra-Cleanse Micellar Water,2025-07-22,1
CUST-O0215,Texture Eraser AHA Exfoliant,2025-07-22,1
CUST-O0216,Hydra-Cleanse Micellar Water,2025-06-18,1
CUST-O0217,Barrier Boost Moisturizer,2025-12-28,1
CUST-O0217,Midnight Retinol Renewal Serum,2025-12-28,1
CUST-O0217,Dew Drop Essence Toner,2025-12-28,1
CUST-O0218,Velvet Foam Cleanser,2025-06-06,1
CUST-O0218,Plump & Glow Hyaluronic Serum,2025-06-06,1
CUST-O0219,Radiance Gel Cleanser,2025-07-26,1
CUST-O0219,Featherlight UV Shield SPF 50,2025-07-26,1
CUST-O0219,Petal Soft Calming Toner,2025-07-26,1
CUST-O0220,Velvet Foam Cleanser,2025-09-14,1
CUST-O0221,Velvet Foam Cleanser,2026-04-25,1
CUST-O0221,Midnight Retinol Renewal Serum,2026-04-25,1
CUST-O0221,Skin Silk Squalane Oil,2026-04-25,1
CUST-O0222,Mattify & Hydrate Gel Cream,2025-10-09,1
CUST-O0222,Petal Soft Calming Toner,2025-10-09,1
CUST-O0223,Glow Activator Vitamin C Serum,2025-10-03,1
CUST-O0223,Texture Eraser AHA Exfoliant,2025-10-03,1
CUST-O0223,Dew Drop Essence Toner,2025-10-03,1
CUST-O0224,Velvet Foam Cleanser,2025-09-10,1
CUST-O0224,Tinted Mineral Defense SPF 30,2025-09-10,1
CUST-O0225,Radiance Gel Cleanser,2025-09-10,1
CUST-O0225,Deep Repair Masque,2025-09-10,1
CUST-O0226,Color Protect Gentle Shampoo,2025-11-27,1
CUST-O0227,Glow Activator Vitamin C Serum,2025-05-30,1
CUST-O0227,Frizz Control Leave-In Serum,2025-05-30,1
CUST-O0227,All Day Moisture Leave-In Cream,2025-05-30,1
CUST-O0228,Velvet Foam Cleanser,2026-01-03,1
CUST-O0228,Featherlight UV Shield SPF 50,2026-01-03,1
CUST-O0228,Youth Revive Rosehip Oil,2026-01-03,1
CUST-O0229,Velvet Foam Cleanser,2025-09-30,1
CUST-O0229,Dew Drop Essence Toner,2025-09-30,1
CUST-O0229,Peptide Lift Serum,2025-09-30,1
CUST-O0230,Midnight Retinol Renewal Serum,2025-12-28,1
CUST-O0231,Scalp Reset Clarifying Shampoo,2025-06-27,1
CUST-O0231,Featherlight UV Shield SPF 50,2025-06-27,1
CUST-O0232,Radiance Gel Cleanser,2025-12-27,1
CUST-O0232,Pore Refining BHA Pads,2025-12-27,1
CUST-O0233,Radiance Gel Cleanser,2025-12-07,1
CUST-O0233,Curl Defining Treatment Mask,2025-12-07,1
CUST-O0234,Hydra-Silk Moisture Shampoo,2025-11-23,1
CUST-O0234,Scalp Balance Serum,2025-11-23,1
CUST-O0234,Clear Complexion Niacinamide Serum,2025-11-23,1
CUST-O0235,Radiance Gel Cleanser,2026-01-31,1
CUST-O0236,Velvet Foam Cleanser,2025-08-24,1
CUST-O0237,Peptide Lift Serum,2026-02-13,1
CUST-O0237,Nourish & Shine Hair Oil,2026-02-13,1
CUST-O0238,Scalp Reset Clarifying Shampoo,2025-06-27,1
CUST-O0238,Texture Eraser AHA Exfoliant,2025-06-27,1
CUST-O0239,Hydra-Cleanse Micellar Water,2025-09-27,1
CUST-O0239,Deep Repair Masque,2025-09-27,1
CUST-O0239,Sleek & Define Styling Cream,2025-09-27,1
CUST-O0240,Cloud Cream Firming Moisturizer,2026-04-03,1
CUST-O0240,Sleek & Define Styling Cream,2026-04-03,1
CUST-O0241,Cloud Cream Firming Moisturizer,2026-03-07,1
CUST-O0242,Barrier Boost Moisturizer,2026-04-03,1
CUST-O0242,Texture Eraser AHA Exfoliant,2026-04-03,1
CUST-O0243,Velvet Foam Cleanser,2025-06-20,1
CUST-O0243,Tinted Mineral Defense SPF 30,2025-06-20,1
CUST-O0244,Mattify & Hydrate Gel Cream,2025-12-01,1
CUST-O0245,Radiance Gel Cleanser,2025-06-11,1
CUST-O0246,Radiance Gel Cleanser,2025-08-09,1
CUST-O0246,Featherlight UV Shield SPF 50,2025-08-09,1
CUST-O0247,Color Protect Gentle Shampoo,2025-10-08,1
CUST-O0248,Cloud Cream Firming Moisturizer,2026-03-23,1
CUST-O0248,Frizz Control Leave-In Serum,2026-03-23,1
CUST-O0249,Color Protect Gentle Shampoo,2026-04-07,1
CUST-O0250,Velvet Rich Night Cream,2025-08-16,1
CUST-O0250,Plump & Glow Hyaluronic Serum,2025-08-16,1
CUST-O0251,Color Protect Gentle Shampoo,2025-09-06,1
CUST-O0251,Clear Complexion Niacinamide Serum,2025-09-06,1
CUST-O0251,Plump & Glow Hyaluronic Serum,2025-09-06,1
CUST-O0252,Barrier Boost Moisturizer,2026-05-11,1
CUST-O0253,Barrier Boost Moisturizer,2026-04-19,1
CUST-O0253,Scalp Balance Serum,2026-04-19,1
CUST-O0254,Velvet Rich Night Cream,2025-08-24,1
CUST-O0254,Petal Soft Calming Toner,2025-08-24,1
CUST-O0255,Velvet Rich Night Cream,2026-05-02,1
CUST-O0256,Radiance Gel Cleanser,2025-11-22,1
CUST-O0256,Sleek & Define Styling Cream,2025-11-22,1
CUST-O0256,Growth Activator Scalp Treatment,2025-11-22,1
CUST-O0257,Velvet Rich Night Cream,2025-10-17,1
CUST-O0257,Plump & Glow Hyaluronic Serum,2025-10-17,1
CUST-O0258,Velvet Rich Night Cream,2025-12-26,1
CUST-O0259,Radiance Gel Cleanser,2025-06-10,1
CUST-O0259,Calm Down Redness Relief Mist,2025-06-10,1
CUST-O0259,Dew Drop Essence Toner,2025-06-10,1
CUST-O0260,Cloud Cream Firming Moisturizer,2026-02-15,1
CUST-O0260,Plump & Glow Hyaluronic Serum,2026-02-15,1
CUST-O0261,Hydra-Silk Moisture Shampoo,2026-05-16,1
CUST-O0261,Texture Eraser AHA Exfoliant,2026-05-16,1
CUST-O0261,Midnight Retinol Renewal Serum,2026-05-16,1
CUST-O0262,Radiance Gel Cleanser,2025-07-03,1
CUST-O0262,Tinted Mineral Defense SPF 30,2025-07-03,1
CUST-O0262,Skin Silk Squalane Oil,2025-07-03,1
CUST-O0263,Mattify & Hydrate Gel Cream,2025-08-23,1
CUST-O0263,Growth Activator Scalp Treatment,2025-08-23,1
CUST-O0264,Radiance Gel Cleanser,2025-12-25,1
CUST-O0265,Mattify & Hydrate Gel Cream,2025-06-04,1
CUST-O0266,Plump & Glow Hyaluronic Serum,2025-08-24,1
CUST-O0267,Color Protect Gentle Shampoo,2025-07-05,1
CUST-O0268,Radiance Gel Cleanser,2026-05-15,1
CUST-O0269,Velvet Rich Night Cream,2025-11-13,1
CUST-O0270,Barrier Boost Moisturizer,2025-09-30,1
CUST-O0270,Nourish & Shine Hair Oil,2025-09-30,1
CUST-O0270,Scalp Balance Serum,2025-09-30,1
CUST-O0271,Barrier Boost Moisturizer,2026-03-10,1
CUST-O0271,Glow Activator Vitamin C Serum,2026-03-10,1
CUST-O0272,Radiance Gel Cleanser,2025-10-14,1
CUST-O0272,Peptide Lift Serum,2025-10-14,1
CUST-O0272,Texture Eraser AHA Exfoliant,2025-10-14,1
CUST-O0273,Midnight Retinol Renewal Serum,2026-04-02,1
CUST-O0273,Deep Repair Masque,2026-04-02,1
CUST-O0273,Sleek & Define Styling Cream,2026-04-02,1
CUST-O0274,Mattify & Hydrate Gel Cream,2026-05-03,1
CUST-O0274,Calm Down Redness Relief Mist,2026-05-03,1
CUST-O0275,Velvet Foam Cleanser,2025-11-23,1
CUST-O0275,Plump & Glow Hyaluronic Serum,2025-11-23,1
CUST-O0275,Blemish Banisher Spot Treatment,2025-11-23,1
CUST-O0276,Mattify & Hydrate Gel Cream,2025-10-24,1
CUST-O0276,Glow Activator Vitamin C Serum,2025-10-24,1
CUST-O0276,Youth Revive Rosehip Oil,2025-10-24,1
CUST-O0277,Radiance Gel Cleanser,2025-09-02,1
CUST-O0278,Cloud Cream Firming Moisturizer,2025-10-06,1
CUST-O0279,Velvet Foam Cleanser,2026-04-23,1
CUST-O0279,All Day Moisture Leave-In Cream,2026-04-23,1
CUST-O0280,Barrier Boost Moisturizer,2025-07-27,1
CUST-O0280,Calm Down Redness Relief Mist,2025-07-27,1
CUST-O0281,Barrier Boost Moisturizer,2025-07-11,1
CUST-O0281,Texture Eraser AHA Exfoliant,2025-07-11,1
CUST-O0281,Skin Silk Squalane Oil,2025-07-11,1
CUST-O0282,Color Protect Gentle Shampoo,2026-02-13,1
CUST-O0283,Velvet Foam Cleanser,2025-10-22,1
CUST-O0283,Pore Refining BHA Pads,2025-10-22,1
CUST-O0284,Peptide Lift Serum,2025-12-19,1
CUST-O0284,Curl Defining Treatment Mask,2025-12-19,1
CUST-O0285,Velvet Rich Night Cream,2026-01-17,1
CUST-O0285,Plump & Glow Hyaluronic Serum,2026-01-17,1
CUST-O0286,Bounce Back Volumizing Shampoo,2026-02-01,1
CUST-O0286,Scalp Balance Serum,2026-02-01,1
CUST-O0286,Frizz Control Leave-In Serum,2026-02-01,1
CUST-O0287,Mattify & Hydrate Gel Cream,2026-04-02,1
CUST-O0288,Cloud Cream Firming Moisturizer,2025-07-23,1
CUST-O0288,Nourish & Shine Hair Oil,2025-07-23,1
CUST-O0289,Mattify & Hydrate Gel Cream,2026-02-03,1
CUST-O0289,Pore Refining BHA Pads,2026-02-03,1
CUST-O0289,Featherlight UV Shield SPF 50,2026-02-03,1
CUST-O0290,Mattify & Hydrate Gel Cream,2025-08-12,1
CUST-O0290,Plump & Bounce Hydrogel Mask,2025-08-12,1
CUST-O0290,Calm Down Redness Relief Mist,2025-08-12,1
CUST-O0291,Midnight Retinol Renewal Serum,2025-07-02,1
CUST-O0292,Mattify & Hydrate Gel Cream,2025-06-10,1
CUST-O0292,Tinted Mineral Defense SPF 30,2025-06-10,1
CUST-O0293,Mattify & Hydrate Gel Cream,2026-01-06,1
CUST-O0293,Plump & Glow Hyaluronic Serum,2026-01-06,1
CUST-O0293,Calm Down Redness Relief Mist,2026-01-06,1
CUST-O0294,Velvet Foam Cleanser,2025-11-30,1
CUST-O0294,Plump & Glow Hyaluronic Serum,2025-11-30,1
CUST-O0294,Peptide Lift Serum,2025-11-30,1
CUST-O0295,Mattify & Hydrate Gel Cream,2025-10-30,1
CUST-O0295,Peptide Lift Serum,2025-10-30,1
CUST-O0296,Velvet Foam Cleanser,2025-08-15,1
CUST-O0296,Clear Complexion Niacinamide Serum,2025-08-15,1
CUST-O0296,Calm Down Redness Relief Mist,2025-08-15,1
CUST-O0297,Velvet Rich Night Cream,2025-06-30,1
CUST-O0297,Growth Activator Scalp Treatment,2025-06-30,1
CUST-O0297,Dew Drop Essence Toner,2025-06-30,1
CUST-O0298,Hydra-Cleanse Micellar Water,2025-11-07,1
CUST-O0298,Sleek & Define Styling Cream,2025-11-07,1
CUST-O0298,All Day Moisture Leave-In Cream,2025-11-07,1
CUST-O0299,Cloud Cream Firming Moisturizer,2026-04-16,1
CUST-O0299,Midnight Retinol Renewal Serum,2026-04-16,1
CUST-O0299,Skin Silk Squalane Oil,2026-04-16,1
CUST-O0300,Velvet Rich Night Cream,2026-05-07,1
CUST-O0300,Glow Activator Vitamin C Serum,2026-05-07,1